date,day_of_week,hour,department,is_holiday,patient_count
2025-08-21,Thursday,,Neurology,open,1188.0
2025-08-06,Wednesday,,Dermatology,open,852.0
12/13/2025,Saturday,,Neurology,open,46.0
2026-03-01,Sunday,,Pediatrics,holiday,311.0
2025-04-23,Wednesday,,Orthopedics,open,1333.0
2025-08-13,Wednesday,,Dermatology,open,426.0
2025-09-17,Wednesday,,General Medicine,open,1547.0
2025-08-13,Wednesday,,NEUROLOGY,open,12.0
02-02-2026,Monday,,N/A,open,54.0
2025-08-05,Tuesday,,Pediatrics,open,1531.0
2025-07-11,Friday,,General Medicine,open,1037.0
2025-09-20,Saturday,,Pediatrics,open,1377.0
2025-08-08,Friday,,Neurology,open,930.0
2025-09-09,Tuesday,,Dermatology,open,1221.0
2025-11-05,Wednesday,,General Medicine,open,1085.0
08-01-2026,Thursday,,Dermatology,open,66.0
2025-09-19,Friday,,Dermatology,open,493.0
2026-01-16,Friday,,Genral Medicine,open,34.0
05-11-2025,Wednesday,,General Medicine,open,94.0
2026-01-10,Saturday,,Dermatology,open,806.0
2025-06-27,Friday,,Dermatology,open,517.0
2026-03-02,Monday,,Neurology,open,1581.0
2025-10-22,Wednesday,,Paediatrics,open,69.0
2026-03-21,Saturday,,Orthopedics,open,1210.0
2025-12-31,Wednesday,,Neurology,open,429.0
04/12/2026,Sunday,,Pediatrics,holiday,45.0
2025-11-14,Friday,,Cardiology,open,897.0
2025-04-23,Wednesday,,Dermatology,open,704.0
2025-05-04,Sunday,,Neurology,holiday,1214.0
05-03-2026,Thursday,,Dermatology,open,102.0
2025-06-27,Friday,,General Medicine,open,890.0
2025-10-12,Sunday,,unknown,holiday,21.0
2026-01-28,Wednesday,,Pediatrics,open,1318.0
2025-10-11,Saturday,,Pediatrics,open,1235.0
2026-02-15,Sunday,,General Medicine,holiday,309.0
21 Oct 2025,Tuesday,,Neurology,open,146.0
2026-04-19,Sunday,,Cardiology,holiday,302.0
2025-08-20,Wednesday,,General Medicine,open,995.0
2025-08-13,Wednesday,,General Medicine,open,900.0
11-04-2026,Saturday,,PEDIATRICS,open,31.0
2025-12-29,Monday,,Orthopedics,open,846.0
2026-03-01,Sunday,,Dermatology,holiday,302.0
2026-01-31,Saturday,,General Medicine,open,914.0
2025-11-10,Monday,,Cardiology,open,2091.0
2025-07-03,Thursday,,Cardiology,open,637.0
2026-01-26,Monday,,Cardiology,open,1221.0
2025-08-11,Monday,,Cardiology,open,1207.0
2026-04-08,Wednesday,,  Neurology  ,open,103.0
2025-07-05,Saturday,,General Medicine,open,1199.0
2025-11-21,Friday,,Dermatology,open,658.0
2025-05-01,Thursday,,Pediatrics,open,774.0
2025-07-02,Wednesday,,Dermatology,open,677.0
2025-05-16,Friday,,Cardiology,open,941.0
2025-10-27,Monday,,Orthopedics,open,1377.0
2025-08-18,Monday,,General Medicine,open,3267.0
2025-10-21,Tuesday,,General Medicine,open,1493.0
2025-07-06,Sunday,,Dermatology,holiday,218.0
2025-10-21,Tuesday,,Neurology,open,1285.0
2025-07-31,Thursday,,Neurology,open,988.0
2025-10-08,Wednesday,,General Medicine,open,1616.0
2026-01-27,Tuesday,,Orthopedics,open,1595.0
01-02-2026,Sunday,,Orthopedics,holiday,18.0
21-04-2025,Monday,,Pediatrics,open,80.0
2025-09-11,Thursday,,Neurology,open,509.0
2025-09-01,Monday,,General Medicine,open,2078.0
2025-05-14,Wednesday,,Cardiology,open,748.0
2025-09-13,Saturday,,Neurology,open,821.0
06-04-2026,Monday,,Orthopaedics,open,80.0
2025-12-20,Saturday,,Neurology,open,524.0
2025-08-21,Thursday,,Orthopedics,open,809.0
2025-05-07,Wednesday,,General Medicine,open,1392.0
2026-02-03,Tuesday,,Dermatology,open,738.0
01 Sep 2025,Monday,,Cardiology,open,54.0
2026-02-11,Wednesday,,Orthopedics,open,789.0
2025-04-21,Monday,,General Medicine,open,1457.0
2025-09-20,Saturday,,Orthopedics,open,787.0
2025-05-08,Thursday,,Orthopedics,open,1042.0
2025-10-19,Sunday,,Neurology,holiday,299.0
2025-10-16,Thursday,,Pediatrics,open,889.0
2025-08-01,Friday,,Orthopedics,open,669.0
2025-12-13,Saturday,,Orthopedics,open,950.0
2026-02-15,Sunday,,orthopedics,holiday,18.0
2025-09-24,Wednesday,,Cardiology,open,1306.0
2025-11-17,Monday,,Pediatrics,open,1943.0
2025-12-07,Sunday,,cardiology,,10.0
2025-09-01,Monday,,Pediatrics,open,1734.0
2025-11-09,Sunday,,Neurology,holiday,251.0
13-09-2025,Saturday,,Pediatrics,open,96.0
29-10-2025,Wednesday,,Neurology,open,110.0
2026-02-26,Thursday,,Cardiology,open,276.0
2025-12-04,Thursday,,Cardiology,open,820.0
2025-06-10,Tuesday,,General Medicine,open,1177.0
2025-06-19,Thursday,,N/A,open,43.0
2025-09-24,Wednesday,,Orthopedics,open,845.0
2025-06-08,Sunday,,Dermatology,holiday,323.0
2026-02-04,Wednesday,,Orthopedics,open,723.0
2025-11-22,Saturday,,Neurology,open,768.0
2026-03-29,Sunday,,Dermatology,holiday,287.0
2025-10-25,Saturday,,Cardiology,open,996.0
2025-04-27,Sunday,,Cardiology,holiday,213.0
2026-01-05,Monday,,Dermatology,open,1121.0
2025-04-25,Friday,,General Medicine,open,895.0
27 Mar 2026,Friday,,Orthopedics,open,32.0
2026-01-09,Friday,,Cardiology,open,1106.0
06/23/2025,Monday,,Cardiology,,230.0
2025-12-10,Wednesday,,Pediatrics,open,1161.0
2025-11-08,Saturday,,Neurology,open,493.0
2025-05-09,Friday,,Cardiology,open,628.0
2025-11-10,Monday,,Orthopedics,open,1095.0
2025-10-08,Wednesday,,Dermatology,open,698.0
2025-12-15,Monday,,General Medicine,open,2156.0
2026-01-13,Tuesday,,Cardiology,open,1674.0
2026-04-17,Friday,,Orthopedics,open,1205.0
2025-07-13,Sunday,,Neurology,holiday,298.0
2026-02-27,Friday,,Orthopedics,open,958.0
2025-08-06,Wednesday,,Neurology,open,935.0
2025-12-22,Monday,,Pediatrics,open,2062.0
2025-12-23,Tuesday,,Orthopedics,open,1077.0
12 Oct 2025,Sunday,,Cardiology,holiday,13.0
2026-02-21,Saturday,,Orthopedics,open,564.0
2025-07-04,Friday,,Neurology,,960.0
2025-07-15,Tuesday,,Orthopedics,open,1385.0
2025-05-03,Saturday,,Dermatology,open,976.0
2026-01-12,Monday,,PEDIATRICS,open,63.0
2025-04-23,Wednesday,,Neurology,open,563.0
2025-07-08,Tuesday,,Dermatology,open,1336.0
2025-09-13,Saturday,,Cardiology,open,1653.0
2025-12-09,Tuesday,,General Medicine,open,2097.0
2025-09-06,Saturday,,Neurology,open,854.0
2025-06-08,Sunday,,Orthopedics,holiday,214.0
2025-12-01,Monday,,Pediatrics,open,2495.0
2026-03-08,Sunday,,General Medicine,holiday,349.0
2026-01-28,Wednesday,,  Orthopedics  ,open,37.0
2025-09-16,Tuesday,,Pediatrics,open,1480.0
2026-04-10,Friday,,Pediatrics,open,1798.0
2026-03-12,Thursday,,General Medicine,open,1212.0
2025-06-22,Sunday,,Orthopedics,holiday,182.0
2025-12-15,Monday,,Pediatrics,open,1344.0
2025-12-12,Friday,,Dermatology,open,815.0
2026-02-01,Sunday,,Neurology,holiday,262.0
2026-01-18,Sunday,,Orthopedics,holiday,201.0
14 Aug 2025,Thursday,,Pediatrics,open,98.0
2025-05-03,Saturday,,Orthopedics,open,757.0
2025-05-25,Sunday,,Pediatrics,holiday,274.0
2025-07-25,Friday,,orthopedics,open,113.0
2025-12-17,Wednesday,,Neurology,open,377.0
2026-02-12,Thursday,,Dermatology,open,601.0
10/28/2025,Tuesday,,General Medicine,open,195.0
2025-06-12,Thursday,,Pediatrics,open,988.0
2026-03-02,Monday,,Orthopedics,open,1054.0
2026-03-30,Monday,,Neurology,open,1219.0
2025-06-02,Monday,,Neurology,open,1842.0
2025-06-10,Tuesday,,Orthopedics,open,1056.0
2025-12-29,Monday,,Pediatrics,open,1670.0
2025-05-03,Saturday,,Cardiology,open,692.0
2025-10-29,Wednesday,,General Medicine,open,1350.0
2025-09-18,Thursday,,Dermatology,open,1109.0
2025-08-21,Thursday,,Pediatrics,open,1137.0
2025-07-25,Friday,,Pediatrics,open,1524.0
2026-01-23,Friday,,Cardiology,open,942.0
2025-06-23,Monday,,Pediatrics,open,3090.0
2025-11-20,Thursday,,Orthopedics,open,811.0
2026-01-22,Thursday,,,open,184.0
2025-09-08,Monday,,Dermatology,open,1425.0
2026-03-21,Saturday,,General Medicine,open,1484.0
2025-10-07,Tuesday,,ORTHOPEDICS,open,55.0
2026-01-03,Saturday,,Dermatology,open,627.0
2026-04-18,Saturday,,Neurology,open,714.0
2025-10-15,Wednesday,,,open,223.0
2025-11-23,Sunday,,Pediatrics,holiday,225.0
2026-02-05,Thursday,,General Medicine,open,1337.0
2025-06-19,Thursday,,General Medicine,open,1068.0
2025-05-21,Wednesday,,Dermatology,open,877.0
2025-07-17,Thursday,,Paediatrics,open,40.0
2025-08-15,Friday,,Pediatrics,open,1996.0
2026-04-19,Sunday,,Dermatology,holiday,254.0
2025-06-09,Monday,,Dermatology,open,1613.0
2026-01-17,Saturday,,Dermatolgy,open,24.0
2026-02-15,Sunday,,Orthopedics,holiday,169.0
2026-02-19,Thursday,,General Medicine,open,987.0
2026-01-21,Wednesday,,unknown,open,129.0
10 Dec 2025,Wednesday,,Cardiology,open,117.0
2025-11-03,Monday,,Genral Medicine,open,185.0
2025-05-12,Monday,,Pediatrics,open,1644.0
21-06-2025,Saturday,,Cardiology,open,32.0
2025-11-25,Tuesday,,Orthopedics,open,1416.0
2026-03-11,Wednesday,,Dermatology,open,936.0
2025-09-22,Monday,,General Medicine,open,1688.0
2026-02-06,Friday,,Pediatrics,open,1089.0
2025-09-28,Sunday,,Neurology,holiday,244.0
2026-03-01,Sunday,,General Medicine,holiday,253.0
2025-10-13,Monday,,Orthopedics,open,1225.0
2026-01-06,Tuesday,,Dermatology,open,2052.0
2025-04-28,Monday,,Pediatrics,open,2457.0
2025-07-26,Saturday,,Pediatrics,open,1222.0
2025-12-12,Friday,,Cardiology,open,666.0
2025-06-03,Tuesday,,Neurology,open,1044.0
2025-11-14,Friday,,PEDIATRICS,open,65.0
2025-08-08,Friday,,General Medicine,open,1260.0
19-05-2025,Monday,,Dermatology,open,57.0
2025-08-05,Tuesday,,Orthopedics,open,1291.0
2025-04-21,Monday,,Neurology,open,1440.0
2026-01-08,Thursday,,Orthopedics,open,800.0
2025-05-14,Wednesday,,Dermatology,open,644.0
2025-10-24,Friday,,Dermatology,open,630.0
22-09-2025,Monday,,Neurology,open,61.0
2025-12-27,Saturday,,Cardiology,open,728.0
2026-02-04,Wednesday,,General Medicine,open,1179.0
2025-04-27,Sunday,,Orthopedics,holiday,240.0
2026-03-22,Sunday,,General Medicine,holiday,268.0
2025-05-05,Monday,,Pediatrics,open,2282.0
2025-06-25,Wednesday,,Cardiology,open,713.0
11/06/2025,Thursday,,Orthopedics,open,32.0
2025-05-01,Thursday,,Neurology,open,997.0
2025-08-30,Saturday,,General Medicine,open,1107.0
2025-10-21,Tuesday,,Orthopedics,open,1037.0
2025-12-10,Wednesday,,NULL,open,140.0
2026-01-21,Wednesday,,Cardiology,open,990.0
2025-10-27,Monday,,,open,161.0
2025-07-02,Wednesday,,Orthopedics,open,672.0
2026-02-23,Monday,,Pediatrics,open,2375.0
2025-09-20,Saturday,,Dermatology,open,839.0
2025-05-11,Sunday,,General Medicine,holiday,287.0
2025-08-30,Saturday,,Cardiology,open,716.0
2025-12-17,Wednesday,,Pediatrics,open,818.0
2025-07-12,Saturday,,Cardiology,open,797.0
2025-07-13,Sunday,,cardiology,holiday,17.0
2025-11-23,Sunday,,General Medicine,holiday,283.0
2025-06-17,Tuesday,,General Medicine,open,1442.0
2025-05-31,Saturday,,Pediatrics,open,1703.0
2025-04-19,Saturday,,Orthopedics,open,926.0
04/03/2026,Friday,,NULL,open,93.0
2026-01-31,Saturday,,  Cardiology  ,open,41.0
2025-11-09,Sunday,,Orthopedics,holiday,173.0
2026-03-23,Monday,,Pediatrics,open,1972.0
2026-02-04,Wednesday,,Dermatology,open,691.0
2026-04-09,Thursday,,Cardiology,open,873.0
2026-03-13,Friday,,Cardiology,open,680.0
2025-06-26,Thursday,,Pediatrics,open,959.0
2025-04-29,Tuesday,,dermatology,open,85.0
2025-05-30,Friday,,Cardiology,open,758.0
03/12/2026,Thursday,,General Medicine,open,
27-09-2025,Saturday,,Neurology,open,91.0
2025-10-18,Saturday,,Orthopedics,open,836.0
2025-12-06,Saturday,,Dermatology,open,796.0
2025-07-07,Monday,,General Medicine,open,1354.0
2026-04-07,Tuesday,,dermatology,open,114.0
2025-08-20,Wednesday,,Pediatrics,open,793.0
2025-07-15,Tuesday,,Dermatology,open,1132.0
2025-12-03,Wednesday,,Orthopedics,open,624.0
2026-01-30,Friday,,Genral Medicine,open,54.0
2025-06-28,Saturday,,Cardiology,open,1040.0
2026-03-24,Tuesday,,Pediatrics,open,1866.0
2025-09-18,Thursday,,Orthopedics,open,879.0
2026-01-19,Monday,,Pediatrics,open,1103.0
2025-06-09,Monday,,Cardiology,open,1557.0
2025-06-09,Monday,,Pediatrics,open,1804.0
18 Jul 2025,Friday,,Orthopedics,open,47.0
23-12-2025,Tuesday,,Dermatology,open,111.0
2025-05-22,Thursday,,Cardiology,open,601.0
2025-11-04,Tuesday,,Dermatology,open,1133.0
2025-08-27,Wednesday,,General Medicine,open,973.0
2026-03-26,Thursday,,Dermatology,open,716.0
2025-07-24,Thursday,,Pediatrics,open,1062.0
2025-07-16,Wednesday,,Dermatology,open,757.0
2025-08-29,Friday,,Orthopedics,open,1171.0
2026-04-01,Wednesday,,Pediatrics,open,874.0
2025-06-23,Monday,,Cardiology,open,939.0
2025-08-23,Saturday,,Orthopedics,open,1080.0
22-02-2026,Sunday,,Dermatology,holiday,17.0
2026-03-25,Wednesday,,Pediatrics,open,1569.0
2026-01-25,Sunday,,General Medicine,,141.0
20-06-2025,Friday,,  General Medicine  ,open,98.0
2026-03-15,Sunday,,General Medicine,holiday,130.0
2026-01-09,Friday,,Neurology,open,825.0
04/19/2026,Sunday,,Pediatrics,holiday,19.0
2025-07-30,Wednesday,,Cardiology,open,701.0
2025-09-21,Sunday,,General Medicine,holiday,359.0
2025-10-17,Friday,,Neurology,open,650.0
2025-09-28,Sunday,,,,95.0
06/30/2025,Monday,,Pediatrics,open,273.0
2026-03-22,Sunday,,Cardiology,holiday,198.0
2025-10-30,Thursday,,Pediatrics,open,1323.0
2026-01-14,Wednesday,,General Medicine,open,1143.0
2025-08-25,Monday,,Neurology,open,2043.0
2025-09-07,Sunday,,Cardiology,holiday,308.0
2026-03-30,Monday,,Orthopedics,open,1038.0
2025-04-26,Saturday,,General Medicine,open,956.0
2025-10-09,Thursday,,Neurology,open,850.0
2025-05-16,Friday,,Neurology,open,877.0
2026-02-19,Thursday,,Cardiology,open,441.0
2025-08-04,Monday,,General Medicine,open,1564.0
2025-11-14,Friday,,General Medicine,open,1336.0
2025-06-16,Monday,,GENERAL MEDICINE,open,214.0
2026-03-26,Thursday,,Neurology,open,920.0
2025-12-24,Wednesday,,Orthopedics,open,904.0
2025-10-20,Monday,,Pediatrics,open,1511.0
2026-02-07,Saturday,,,open,133.0
2026-03-23,Monday,,Orthopedics,open,1543.0
2025-05-29,Thursday,,Dermatology,open,610.0
2025-07-01,Tuesday,,Neurology,open,1175.0
27 Mar 2026,Friday,,General Medicine,open,49.0
2025-12-31,Wednesday,,Pediatrics,open,1351.0
2026-01-26,Monday,,Dermatology,open,999.0
2025-09-22,Monday,,Orthopedics,open,943.0
01-01-2026,Thursday,,General Medicine,open,182.0
2026-02-03,Tuesday,,Neurology,open,1424.0
2025-06-10,Tuesday,,Pediatrics,open,2180.0
2025-06-15,Sunday,,Dermatology,holiday,281.0
2026-04-06,Monday,,Cardiology,open,1230.0
2026-01-30,Friday,,Pediatrics,open,1623.0
2025-09-09,Tuesday,,Orthopedics,open,1370.0
2025-11-19,Wednesday,,General Medicine,open,1471.0
2026-01-10,Saturday,,Pediatrics,open,1028.0
2025-12-10,Wednesday,,Orthopedics,open,804.0
2025-08-07,Thursday,,Dermatology,open,730.0
2026-01-17,Saturday,,General Medicine,open,833.0
2025-11-29,Saturday,,General Medicine,open,1519.0
2025-05-18,Sunday,,General Medicine,,160.0
2025-10-09,Thursday,,General Medicine,open,1630.0
2026-02-25,Wednesday,,General Medicine,open,982.0
2025-07-29,Tuesday,,Pediatrics,open,2033.0
2025-07-01,Tuesday,,Pediatrics,open,1308.0
2026-04-01,Wednesday,,Orthopedics,open,572.0
2026-01-05,Monday,,Orthopedics,open,1016.0
2025-10-08,Wednesday,,Neurology,open,732.0
2025-05-08,Thursday,,Neurology,open,792.0
2026-01-10,Saturday,,,open,83.0
2025-12-26,Friday,,Orthopedics,open,524.0
2025-10-07,Tuesday,,General Medicine,open,1362.0
15 Oct 2025,Wednesday,,General Medicine,open,37.0
2025-10-25,Saturday,,General Medicine,open,1196.0
2025-08-11,Monday,,Neurology,open,1578.0
2026-04-17,Friday,,DERMATOLOGY,open,75.0
2025-11-05,Wednesday,,Cardiology,open,698.0
13-04-2026,Monday,,Cardiology,open,147.0
2025-05-05,Monday,,Orthopedics,open,1741.0
2025-07-12,Saturday,,General Medicine,open,1622.0
2025-09-06,Saturday,,General Medicine,open,1476.0
2025-12-21,Sunday,,Cardiology,holiday,199.0
27 Sep 2025,Saturday,,Pediatrics,open,27.0
2025-11-18,Tuesday,,Dermatology,open,978.0
2026-04-13,Monday,,Pediatrics,open,1319.0
2026-03-06,Friday,,Cardiology,open,1013.0
2025-07-06,Sunday,,Neurology,holiday,287.0
2025-05-23,Friday,,General Medicine,open,1865.0
2025-06-03,Tuesday,,Orthopedics,open,1411.0
2025-05-10,Saturday,,Dermatology,open,1056.0
2025-05-14,Wednesday,,General Medicine,open,895.0
2025-05-19,Monday,,Orthopedics,open,1616.0
2025-12-19,Friday,,Orthopedics,open,1077.0
2025-06-19,Thursday,,Dermatology,open,764.0
2026-01-05,Monday,,Neurology,open,1487.0
2026-01-18,Sunday,,Neurology,holiday,359.0
2025-10-20,Monday,,Dermatology,open,1488.0
2025-12-14,Sunday,,Cardiology,holiday,199.0
2025-07-30,Wednesday,,Orthopedics,open,972.0
2025-08-12,Tuesday,,Neurology,open,1265.0
2025-12-05,Friday,,General Medicine,open,917.0
2026-01-16,Friday,,Orthopedics,open,975.0
2025-12-15,Monday,,Neurology,open,824.0
2025-07-22,Tuesday,,Cardiology,open,1149.0
2025-11-11,Tuesday,,General Medicine,open,2484.0
2025-08-21,Thursday,,General Medicine,open,1419.0
2025-05-04,Sunday,,Orthopedics,holiday,209.0
2025-09-28,Sunday,,General Medicine,holiday,219.0
2026-02-03,Tuesday,,Cardiology,open,1407.0
2026-03-19,Thursday,,Cardiology,open,886.0
2025-10-12,Sunday,,Pediatrics,holiday,218.0
2026-03-10,Tuesday,,Neurology,open,749.0
2025-06-29,Sunday,,Neurology,holiday,288.0
2025-07-09,Wednesday,,Orthopedics,open,432.0
2025-05-24,Saturday,,dermatology,open,52.0
2025-10-06,Monday,,Neurology,open,1755.0
2025-06-06,Friday,,Neurology,open,878.0
24-11-2025,Monday,,Pediatrics,open,96.0
07-05-2025,Wednesday,,Neurology,open,174.0
2026-03-16,Monday,,Pediatrics,,1983.0
2025-09-12,Friday,,Neurology,,849.0
2026-02-13,Friday,,Dermatology,open,1035.0
2026-01-11,Sunday,,Dermatology,holiday,304.0
2025-04-27,Sunday,,  Orthopedics  ,holiday,6.0
2026-01-24,Saturday,,Neurology,open,917.0
2025-06-18,Wednesday,,Orthopedics,open,806.0
2025-07-11,Friday,,Dermatology,open,1101.0
2025-05-27,Tuesday,,Neurology,open,1625.0
2026-01-18,Sunday,,  Dermatology  ,holiday,13.0
2025-12-16,Tuesday,,Orthopedics,open,1305.0
26 Dec 2025,Friday,,Cardiology,open,36.0
2026-04-09,Thursday,,Neurology,open,838.0
2025-08-28,Thursday,,Neurology,open,1107.0
2026-04-01,Wednesday,,,open,153.0
2025-05-01,Thursday,,Genral Medicine,open,72.0
2025-05-22,Thursday,,Neurology,open,992.0
2026-04-01,Wednesday,,Dermatology,open,1145.0
01/07/2026,Wednesday,,Neurology,open,119.0
2025-09-29,Monday,,,open,237.0
2026-01-08,Thursday,,Neurology,open,685.0
2025-12-07,Sunday,,Neurology,holiday,186.0
2026-01-20,Tuesday,,Dermatology,open,1726.0
2025-09-04,Thursday,,General Medicine,open,1056.0
2025-10-20,Monday,,general medicine,,86.0
2025-07-07,Monday,,pediatrics,open,282.0
2025-09-27,Saturday,,Pediatrics,open,1437.0
2025-12-26,Friday,,Cardiology,open,841.0
2025-07-14,Monday,,Cardiology,open,1481.0
2025-06-04,Wednesday,,Cardiology,open,857.0
2025-06-27,Friday,,Pediatrics,open,1045.0
2025-05-09,Friday,,Orthopedics,open,575.0
2025-09-17,Wednesday,,Pediatrics,open,1482.0
09-05-2025,Friday,,Pediatrics,open,67.0
2025-11-17,Monday,,Orthopedics,open,1562.0
2025-09-16,Tuesday,,Orthopedics,open,1455.0
2025-08-18,Monday,,Pediatrics,open,1632.0
2026-01-19,Monday,,General Medicine,open,2157.0
2025-10-01,Wednesday,,Neurology,open,1072.0
2026-01-10,Saturday,,Cardiology,open,1020.0
2026-04-13,Monday,,Neurology,open,1291.0
2026-03-05,Thursday,,Dermatology,open,1099.0
2025-07-21,Monday,,Dermatology,open,1175.0
2025-08-04,Monday,,Orthopedics,open,1333.0
2025-11-06,Thursday,,General Medicine,open,1181.0
2026-01-03,Saturday,,Cardiology,open,721.0
2025-12-01,Monday,,General Medicine,open,2036.0
21 Jun 2025,Saturday,,Orthopedics,open,50.0
2026-01-02,Friday,,Dermatology,open,589.0
2026-04-05,Sunday,,Cardiology,,354.0
2026-01-05,Monday,,Cardiology,open,1245.0
01 Mar 2026,Sunday,,Neurology,holiday,16.0
2026-03-27,Friday,,Dermatology,open,622.0
2025-12-02,Tuesday,,Cardiology,open,1671.0
2026-03-28,Saturday,,Neurology,open,857.0
2026-02-09,Monday,,Cardiology,open,1309.0
2026-04-06,Monday,,General Medicine,open,1331.0
2025-12-29,Monday,,Cardiology,open,1006.0
2025-09-28,Sunday,,Orthopedics,holiday,1720.0
2026-01-15,Thursday,,Neurology,open,928.0
2025-05-26,Monday,,Orthopedics,open,568.0
2025-12-16,Tuesday,,General Medicine,open,1853.0
2025-07-23,Wednesday,,General Medicine,open,1178.0
2025-12-30,Tuesday,,Neurology,open,1744.0
2025-05-25,Sunday,,Neurology,holiday,226.0
2025-04-28,Monday,,Neurology,open,1640.0
2025-10-03,Friday,,Neurology,open,1015.0
2025-12-25,Thursday,,Orthopedics,open,1034.0
2025-12-19,Friday,,Dermatology,open,627.0
2025-04-21,Monday,,Orthopedics,open,1771.0
2025-06-08,Sunday,,ORTHOPEDICS,holiday,19.0
2026-01-17,Saturday,,,open,174.0
2025-08-18,Monday,,Cardiology,open,1362.0
2025-09-11,Thursday,,Dermatology,open,661.0
2026-02-06,Friday,,Neurology,open,788.0
2026-03-03,Tuesday,,Orthopedics,open,1145.0
2025-06-04,Wednesday,,Dermatology,open,510.0
2025-08-20,Wednesday,,Orthopedics,open,779.0
2025-12-09,Tuesday,,Neurology,open,1167.0
28-08-2025,Thursday,,General Medicine,open,64.0
15-10-2025,Wednesday,,General Medicine,open,150.0
2025-05-11,Sunday,,Neurology,holiday,212.0
2026-03-30,Monday,,General Medicine,open,1832.0
2026-02-26,Thursday,,Dermatology,open,919.0
2025-10-30,Thursday,,General Medicine,open,1761.0
2026-02-11,Wednesday,,Dermatology,open,657.0
2025-07-23,Wednesday,,Orthopedics,open,819.0
2026-01-18,Sunday,,Pediatrics,holiday,203.0
09-07-2025,Wednesday,,Cardiology,open,44.0
2025-10-22,Wednesday,,Cardiology,open,928.0
2025-06-12,Thursday,,Cardiology,open,1031.0
2025-11-01,Saturday,,General Medicine,open,860.0
2025-11-17,Monday,,Neurology,open,1277.0
13 Mar 2026,Friday,,Pediatrics,open,70.0
06-06-2025,Friday,,General Medicine,open,61.0
2025-08-05,Tuesday,,unknown,open,105.0
2026-02-25,Wednesday,,Neurology,open,745.0
2025-05-20,Tuesday,,Cardiology,open,1968.0
2025-07-16,Wednesday,,General Medicine,open,725.0
2025-09-25,Thursday,,Neurology,open,662.0
2026-04-14,Tuesday,,Pediatrics,open,1794.0
2025-12-04,Thursday,,Dermatology,open,471.0
2025-10-11,Saturday,,Orthopedics,open,451.0
2025-11-30,Sunday,,Neurology,holiday,264.0
2026-02-25,Wednesday,,Cardiologyy,open,32.0
12 Jun 2025,Thursday,,Pediatrics,open,66.0
2026-04-07,Tuesday,,Dermatology,open,1391.0
2026-03-29,Sunday,,Neurology,holiday,302.0
2025-10-09,Thursday,,Dermatology,open,1105.0
2025-12-05,Friday,,Dermatology,open,629.0
2026-02-12,Thursday,,Cardiology,open,1189.0
08-04-2026,Wednesday,,Orthopedics,open,101.0
2025-05-26,Monday,,General Medicine,open,1784.0
2025-06-04,Wednesday,,General Medicine,open,1527.0
21 Mar 2026,Saturday,,Dermatology,open,20.0
2025-09-09,Tuesday,,Neurology,open,1522.0
2025-05-13,Tuesday,,Pediatrics,open,1564.0
2026-01-03,Saturday,,Pediatrics,open,2264.0
2026-04-12,Sunday,,General Medicine,holiday,322.0
2026-02-17,Tuesday,,Cardiology,open,1610.0
14 Nov 2025,Friday,,Pediatrics,open,46.0
2025-07-17,Thursday,,Cardiology,open,892.0
2025-05-20,Tuesday,,Neurology,open,1896.0
2025-06-29,Sunday,,Cardiology,holiday,270.0
2026-03-07,Saturday,,GENERAL MEDICINE,open,93.0
19-02-2026,Thursday,,NEUROLOGY,open,18.0
2025-08-24,Sunday,,Orthopedics,holiday,341.0
2025-05-07,Wednesday,,Pediatrics,open,728.0
2025-07-12,Saturday,,Dermatology,open,893.0
10-03-2026,Tuesday,,neurology,open,43.0
08-01-2026,Thursday,,Cardiology,open,178.0
2026-03-23,Monday,,Cardiology,open,1368.0
2025-12-09,Tuesday,,Cardiology,open,1476.0
2025-09-26,Friday,,General Medicine,open,1027.0
2025-07-01,Tuesday,,Cardiology,open,1583.0
2025-11-26,Wednesday,,Neurology,open,335.0
2025-11-23,Sunday,,Cardiology,holiday,1099.0
2025-11-03,Monday,,cardiology,open,69.0
2025-08-13,Wednesday,,,open,212.0
2025-09-01,Monday,,Dermatology,open,2046.0
2025-07-25,Friday,,PEDIATRICS,open,50.0
2025-08-19,Tuesday,,Dermatology,open,1420.0
2025-04-27,Sunday,,General Medicine,holiday,235.0
2025-05-08,Thursday,,Dermatology,open,635.0
2026-03-23,Monday,,Dermatology,open,1371.0
04-12-2025,Thursday,,Neurology,open,89.0
20-07-2025,Sunday,,Dermatology,holiday,17.0
2025-08-16,Saturday,,General Medicine,open,894.0
2025-11-19,Wednesday,,Cardiology,open,1273.0
08/05/2025,Tuesday,,Orthopedics,open,76.0
2025-10-29,Wednesday,,Pediatrics,open,757.0
2025-12-03,Wednesday,,Pediatrics,open,803.0
2025-05-04,Sunday,,Cardiology,holiday,246.0
2025-06-28,Saturday,,Pediatrics,open,921.0
2026-03-04,Wednesday,,Orthopedics,open,882.0
2025-08-29,Friday,,General Medicine,open,1423.0
2025-09-13,Saturday,,Pediatrics,open,1206.0
24-07-2025,Thursday,,Neurology,open,
2025-09-23,Tuesday,,Neurology,open,1463.0
2025-12-24,Wednesday,,Neurology,open,760.0
2026-01-31,Saturday,,unknown,open,27.0
2025-08-16,Saturday,,Orthopedics,open,829.0
2025-10-02,Thursday,,Orthopedics,open,403.0
2025-04-30,Wednesday,,Dermatology,open,991.0
2025-06-23,Monday,,Dermatology,open,919.0
2026-02-28,Saturday,,Pediatrics,open,1161.0
2025-10-15,Wednesday,,Orthopedics,open,883.0
2025-05-28,Wednesday,,Pediatrics,open,1540.0
2025-09-22,Monday,,Cardiology,open,1040.0
2025-05-08,Thursday,,Cardiology,open,605.0
2025-12-13,Saturday,,Pediatrics,open,1228.0
2026-03-06,Friday,,Neurology,open,627.0
2025-09-14,Sunday,,Dermatology,holiday,345.0
07 Mar 2026,Saturday,,General Medicine,open,103.0
2025-12-04,Thursday,,Orthopedics,open,636.0
2025-10-01,Wednesday,,Cardiology,open,960.0
2025-10-22,Wednesday,,Dermatology,open,571.0
2025-12-03,Wednesday,,dermatology,open,42.0
2025-06-14,Saturday,,Pediatrics,open,1076.0
2026-02-19,Thursday,,Orthopedics,open,726.0
2025-08-06,Wednesday,,General Medicine,open,994.0
2025-11-01,Saturday,,Dermatology,open,767.0
2025-04-26,Saturday,,Neurology,open,825.0
2026-03-04,Wednesday,,Dermatology,open,937.0
2025-08-29,Friday,,dermatology,open,21.0
2025-05-18,Sunday,,  Dermatology  ,holiday,13.0
2026-02-09,Monday,,Genral Medicine,open,249.0
2025-07-17,Thursday,,Pediatrics,open,1890.0
2025-08-18,Monday,,Orthopaedics,,99.0
2025-04-23,Wednesday,,Cardiology,open,899.0
2026-02-08,Sunday,,Dermatology,holiday,239.0
2026-03-25,Wednesday,,Orthopedics,open,776.0
2025-10-02,Thursday,,Dermatology,open,1031.0
2025-05-20,Tuesday,,Pediatrics,open,2417.0
2025-06-21,Saturday,,General Medicine,open,769.0
2026-04-16,Thursday,,Dermatology,open,769.0
2025-07-27,Sunday,,Cardiology,holiday,152.0
2026-01-07,Wednesday,,Orthopedics,open,1338.0
2026-01-19,Monday,,Cardiology,open,1441.0
2025-10-05,Sunday,,Dermatology,holiday,1127.0
2026-01-15,Thursday,,Pediatrics,open,1140.0
2025-07-07,Monday,,Neurology,open,1111.0
2025-04-28,Monday,,Orthopedics,open,1814.0
2026-04-03,Friday,,Pediatrics,open,756.0
04 Dec 2025,Thursday,,Cardiology,open,38.0
2025-05-12,Monday,,Cardiology,open,1216.0
2025-06-12,Thursday,,Orthopedics,open,689.0
2025-06-08,Sunday,,Neurology,holiday,278.0
2025-08-31,Sunday,,Orthopedics,holiday,368.0
2025-08-17,Sunday,,General Medicine,holiday,275.0
2026-04-09,Thursday,,Orthopedics,open,1053.0
2025-11-11,Tuesday,,Orthopedics,open,1609.0
2025-06-23,Monday,,General Medicine,open,1576.0
2025-07-22,Tuesday,,Pediatrics,open,1385.0
2025-06-22,Sunday,,Pediatrics,holiday,310.0
2025-11-21,Friday,,Cardiology,open,737.0
2025-09-06,Saturday,,Pediatrics,open,864.0
13 Nov 2025,Thursday,,Neurology,open,16.0
2025-07-10,Thursday,,General Medicine,open,1092.0
2025-05-06,Tuesday,,General Medicine,open,1696.0
2025-07-24,Thursday,,Dermatology,open,1219.0
2026-03-19,Thursday,,Dermatology,open,624.0
2025-10-05,Sunday,,General Medicine,holiday,252.0
2025-12-01,Monday,,Orthopedics,open,1432.0
2025-11-03,Monday,,Neurology,,1397.0
2026-03-19,Thursday,,General Medicine,open,1221.0
2025-12-27,Saturday,,General Medicine,open,1503.0
2026-04-10,Friday,,Cardiology,open,846.0
2025-11-24,Monday,,Cardiology,open,817.0
2026-04-06,Monday,,Dermatology,open,901.0
2026-01-29,Thursday,,Neurology,open,425.0
2025-12-11,Thursday,,Neurology,open,674.0
2025-06-07,Saturday,,Dermatology,open,1067.0
2025-10-08,Wednesday,,Orthopedics,open,816.0
2026-04-14,Tuesday,,Dermatology,open,1208.0
2026-01-14,Wednesday,,GENERAL MEDICINE,open,102.0
2026-03-18,Wednesday,,Dermatology,open,944.0
2026-01-30,Friday,,Dermatology,open,816.0
2026-01-07,Wednesday,,Cardiology,open,1168.0
2026-01-16,Friday,,Neurology,open,718.0
2025-05-17,Saturday,,Orthopedics,open,736.0
2026-02-03,Tuesday,,Orthopedics,open,2164.0
2026-02-08,Sunday,,Neurology,holiday,233.0
2025-07-23,Wednesday,,Neurology,open,1120.0
2026-03-16,Monday,,Dermatology,open,1884.0
2025-07-02,Wednesday,,NULL,open,142.0
2026-03-26,Thursday,,Orthopedics,open,1395.0
2025-09-30,Tuesday,,Neurology,open,1426.0
2026-01-09,Friday,,General Medicine,open,971.0
2026-02-06,Friday,,General Medicine,open,1110.0
2025-09-13,Saturday,,Orthopedics,open,715.0
2025-05-30,Friday,,Orthopedics,open,910.0
2025-05-24,Saturday,,Dermatology,open,550.0
2025-07-25,Friday,,Dermatology,open,923.0
2025-05-26,Monday,,Neurology,open,1205.0
2025-08-04,Monday,,Pediatrics,open,1217.0
2025-08-17,Sunday,,Dermatology,holiday,199.0
2025-04-29,Tuesday,,Cardiology,open,1412.0
2025-08-27,Wednesday,,Pediatrics,open,1717.0
19 Sep 2025,Friday,,General Medicine,open,41.0
2025-05-17,Saturday,,Dermatology,open,584.0
2025-05-24,Saturday,,General Medicine,open,1377.0
2025-06-14,Saturday,,Cardiology,open,1063.0
2025-08-07,Thursday,,General Medicine,open,1608.0
06/10/2025,Tuesday,,Neurology,open,48.0
14-11-2025,Friday,,Dermatology,open,71.0
18 Jan 2026,Sunday,,General Medicine,holiday,17.0
2026-04-18,Saturday,,N/A,open,50.0
2025-10-12,Sunday,,Cardiology,holiday,242.0
2025-05-05,Monday,,Neurology,open,2920.0
2026-01-22,Thursday,,Orthopedics,open,785.0
2025-08-19,Tuesday,,  Pediatrics  ,,152.0
2025-07-27,Sunday,,Pediatrics,holiday,251.0
2025-09-30,Tuesday,,Pediatrics,open,1389.0
2026-02-24,Tuesday,,Pediatrics,open,1545.0
03/03/2026,Tuesday,,Pediatrics,open,118.0
21 Mar 2026,Saturday,,  Pediatrics  ,open,47.0
2025-06-09,Monday,,Orthopedics,open,797.0
2025-06-12,Thursday,,Neurology,open,868.0
2026-01-11,Sunday,,General Medicine,holiday,232.0
2025-12-28,Sunday,,general medicine,holiday,16.0
2025-07-13,Sunday,,Pediatrics,holiday,117.0
2026-03-09,Monday,,Neurology,open,1492.0
2025-07-25,Friday,,Neurology,open,1065.0
2025-05-07,Wednesday,,Orthopedics,open,467.0
2025-10-25,Saturday,,Orthopedics,open,1411.0
2025-07-20,Sunday,,Pediatrics,holiday,323.0
2026-01-08,Thursday,,General Medicine,open,1340.0
2025-04-26,Saturday,,Dermatology,open,565.0
2026-01-12,Monday,,  Neurology  ,open,105.0
2025-10-24,Friday,,Orthopedics,open,682.0
2025-06-14,Saturday,,Neurology,open,855.0
03-09-2025,Wednesday,,Neurology,open,108.0
06/13/2025,Friday,,General Medicine,open,67.0
2026-03-14,Saturday,,Dermatology,open,1227.0
2025-12-14,Sunday,,Pediatrics,holiday,259.0
2025-11-22,Saturday,,Pediatrics,open,874.0
2026-02-01,Sunday,,Pediatrics,holiday,335.0
2025-09-23,Tuesday,,Cardiology,,507.0
2025-05-30,Friday,,Pediatrics,open,1132.0
2025-05-17,Saturday,,Pediatrics,open,1326.0
30-12-2025,Tuesday,,Neurology,open,65.0
2025-11-04,Tuesday,,unknown,open,62.0
2025-08-07,Thursday,,Orthopedics,open,950.0
2025-09-25,Thursday,,Dermatology,open,880.0
2025-11-20,Thursday,,Cardiology,,1082.0
2025-06-11,Wednesday,,  Dermatology  ,open,34.0
2025-05-22,Thursday,,Pediatrics,open,1393.0
19-02-2026,Thursday,,Neurology,open,23.0
2025-12-28,Sunday,,Cardiology,holiday,319.0
2025-12-24,Wednesday,,General Medicine,open,907.0
2025-09-09,Tuesday,,Pediatrics,open,2165.0
2026-02-21,Saturday,,Dermatology,open,634.0
02/18/2026,Wednesday,,Orthopedics,open,61.0
24-07-2025,Thursday,,Orthopedics,open,34.0
2026-04-15,Wednesday,,General Medicine,open,1358.0
2026-01-21,Wednesday,,Dermatology,open,723.0
2025-05-29,Thursday,,Neurology,open,694.0
2025-08-19,Tuesday,,General Medicine,open,1792.0
2025-05-22,Thursday,,Dermatology,open,859.0
2025-10-30,Thursday,,Cardiology,open,736.0
2025-06-18,Wednesday,,Pediatrics,open,962.0
2025-10-21,Tuesday,,Cardiology,open,1416.0
26 Nov 2025,Wednesday,,Neurology,open,55.0
2025-06-01,Sunday,,General Medicine,holiday,265.0
2025-04-24,Thursday,,Cardiology,open,732.0
2025-10-31,Friday,,General Medicine,open,1315.0
01/09/2026,Friday,,Neurology,open,23.0
11/05/2025,Wednesday,,General Medicine,open,146.0
2025-11-29,Saturday,,Orthopedics,open,446.0
2025-11-14,Friday,,Orthopedics,open,835.0
2025-11-19,Wednesday,,Pediatrics,open,1494.0
2025-06-23,Monday,,Orthopedics,open,1524.0
2025-08-09,Saturday,,Dermatology,open,885.0
2025-10-24,Friday,,Neurology,open,802.0
2026-03-25,Wednesday,,General Medicine,open,734.0
2026-04-08,Wednesday,,Dermatology,open,354.0
26 Oct 2025,Sunday,,Dermatology,holiday,29.0
2025-06-09,Monday,,General Medicine,open,2341.0
2026-02-08,Sunday,,Cardiology,holiday,181.0
2026-01-01,Thursday,,Orthopedics,open,736.0
2025-12-09,Tuesday,,Pediatrics,open,1805.0
2025-09-24,Wednesday,,General Medicine,open,771.0
2025-07-26,Saturday,,CARDIOLOGY,open,38.0
2026-02-21,Saturday,,Pediatrics,open,1127.0
2025-10-26,Sunday,,Cardiology,holiday,231.0
12/30/2025,Tuesday,,,open,97.0
2025-10-25,Saturday,,,open,87.0
2026-04-18,Saturday,,Pediatrics,open,1359.0
2026-04-18,Saturday,,Cardiology,open,933.0
2026-01-25,Sunday,,Orthopedics,holiday,305.0
04/22/2025,Tuesday,,Dermatology,open,96.0
2026-03-30,Monday,,Pediatrics,open,1731.0
30-07-2025,Wednesday,,Dermatology,open,117.0
2025-07-18,Friday,,Dermatology,open,690.0
2026-01-07,Wednesday,,,open,120.0
2025-10-22,Wednesday,,Orthopedics,open,822.0
16 Sep 2025,Tuesday,,Dermatology,open,93.0
2026-01-09,Friday,,Pediatrics,open,1786.0
2025-06-08,Sunday,,Pediatrics,holiday,285.0
2026-01-22,Thursday,,Dermatology,open,1125.0
2026-03-29,Sunday,,Cardiology,holiday,175.0
2025-05-07,Wednesday,,Neurology,open,698.0
2026-02-11,Wednesday,,Pediatrics,open,1316.0
2026-01-18,Sunday,,dermatology,holiday,23.0
2025-05-10,Saturday,,Cardiology,open,771.0
2025-12-24,Wednesday,,Dermatology,open,785.0
2026-01-26,Monday,,Neurology,open,1241.0
2025-06-24,Tuesday,,Cardiology,open,1471.0
2025-09-23,Tuesday,,Orthopedics,open,1408.0
2025-05-19,Monday,,General Medicine,open,1784.0
2025-12-17,Wednesday,,Orthopedics,open,464.0
2025-10-31,Friday,,Neurology,open,495.0
2025-12-04,Thursday,,Neurology,open,667.0
2025-09-21,Sunday,,Orthopedics,holiday,287.0
2026-01-30,Friday,,Orthopedics,open,999.0
2025-11-20,Thursday,,General Medicine,open,1367.0
2025-07-07,Monday,,unknown,open,138.0
2025-12-10,Wednesday,,Neurology,open,471.0
2026-02-27,Friday,,Pediatrics,open,1256.0
2025-05-27,Tuesday,,Pediatrics,open,1661.0
2026-02-17,Tuesday,,Pediatrics,open,1628.0
2025-10-06,Monday,,Dermatology,open,1629.0
2025-07-17,Thursday,,Neurology,open,844.0
2025-04-20,Sunday,,,holiday,44.0
2025-08-04,Monday,,Neurology,open,1307.0
2026-02-27,Friday,,General Medicine,open,1200.0
2025-05-02,Friday,,Dermatology,open,1044.0
2025-07-14,Monday,,Neurology,open,2100.0
2025-09-21,Sunday,,Pediatrics,holiday,247.0
2025-11-24,Monday,,Pediatrics,open,1054.0
2026-02-09,Monday,,Neurology,open,1327.0
2026-03-21,Saturday,,Neurology,open,587.0
2025-12-28,Sunday,,Neurology,holiday,237.0
2025-10-24,Friday,,General Medicine,open,1514.0
2026-01-26,Monday,,General Medicine,open,2034.0
2025-11-08,Saturday,,,open,345.0
2026-01-21,Wednesday,,Pediatrics,open,1244.0
2025-09-08,Monday,,Cardiology,open,1455.0
2025-06-13,Friday,,Orthopedics,open,833.0
2026-04-13,Monday,,Orthopedics,open,997.0
2026-03-01,Sunday,,Cardiology,holiday,207.0
2025-08-23,Saturday,,Neurology,open,825.0
2025-10-18,Saturday,,Cardiology,open,704.0
2026-01-22,Thursday,,General Medicine,open,1110.0
2025-06-05,Thursday,,Orthopedics,open,865.0
2026-03-24,Tuesday,,Cardiology,open,1224.0
2026-01-04,Sunday,,Pediatrics,holiday,331.0
2026-01-09,Friday,,Dermatology,open,1192.0
2026-03-04,Wednesday,,General Medicine,open,1066.0
2025-08-13,Wednesday,,Orthopedics,open,625.0
2025-11-28,Friday,,General Medicine,open,1531.0
2025-12-23,Tuesday,,Dermatology,open,1445.0
2025-07-20,Sunday,,cardiology,holiday,17.0
22-07-2025,Tuesday,,General Medicine,open,128.0
2025-11-09,Sunday,,NEUROLOGY,holiday,10.0
2025-08-16,Saturday,,Pediatrics,open,942.0
2025-05-15,Thursday,,General Medicine,open,1293.0
2025-12-30,Tuesday,,Pediatrics,open,1942.0
2025-10-27,Monday,,Pediatrics,open,2338.0
2026-03-29,Sunday,,General Medicine,holiday,185.0
2026-01-25,Sunday,,Dermatology,holiday,193.0
2025-06-27,Friday,,Neurology,open,478.0
2026-04-09,Thursday,,General Medicine,open,1010.0
2025-05-24,Saturday,,Cardiology,open,987.0
2025-09-10,Wednesday,,Cardiology,open,858.0
2025-06-22,Sunday,,  Pediatrics  ,holiday,20.0
2025-12-30,Tuesday,,General Medicine,open,2097.0
2025-08-12,Tuesday,,Cardiology,open,919.0
2026-01-08,Thursday,,Dermatology,open,868.0
2025-10-19,Sunday,,Pediatrics,holiday,140.0
2025-07-16,Wednesday,,Cardiology,open,1051.0
2026-02-14,Saturday,,Cardiology,open,688.0
05/01/2025,Thursday,,Neurology,open,19.0
2025-12-11,Thursday,,Cardiology,open,1072.0
20 Apr 2025,Sunday,,DERMATOLOGY,holiday,18.0
2025-06-01,Sunday,,Pediatrics,holiday,253.0
06/05/2025,Thursday,,Orthopedics,open,78.0
2025-11-19,Wednesday,,Dermatology,open,786.0
2025-11-04,Tuesday,,Pediatrics,open,1760.0
2025-06-18,Wednesday,,Cardiology,open,787.0
2025-11-24,Monday,,Neurology,open,1687.0
2025-10-16,Thursday,,Orthopedics,open,804.0
2025-08-14,Thursday,,Cardiology,open,941.0
2025-11-06,Thursday,,Cardiology,open,1095.0
2026-03-21,Saturday,,Cardiology,open,808.0
2025-07-14,Monday,,Orthopedics,open,2031.0
2025-07-21,Monday,,General Medicine,open,1340.0
2025-06-06,Friday,,Cardiology,,923.0
2025-05-24,Saturday,,Pediatrics,,867.0
2025-08-03,Sunday,,Orthopedics,holiday,307.0
2025-12-18,Thursday,,Dermatology,open,1014.0
2025-10-07,Tuesday,,Dermatology,open,1066.0
2025-05-11,Sunday,,dermatology,holiday,10.0
2025-11-02,Sunday,,General Medicine,holiday,214.0
2026-04-11,Saturday,,Pediatrics,open,1356.0
2026-04-17,Friday,,Cardiology,open,972.0
2025-09-10,Wednesday,,Neurology,open,780.0
2026-02-18,Wednesday,,Neurology,open,202.0
2026-04-13,Monday,,Cardiology,open,1410.0
2025-12-12,Friday,,ORTHOPEDICS,open,44.0
2025-07-14,Monday,,Dermatology,open,1587.0
2025-07-14,Monday,,Pediatrics,open,1185.0
2025-10-22,Wednesday,,Neurology,open,398.0
2025-09-16,Tuesday,,Cardiology,open,1493.0
2025-12-03,Wednesday,,Dermatolgy,open,51.0
2025-06-30,Monday,,General Medicine,open,2124.0
2026-01-15,Thursday,,Orthopedics,open,820.0
2025-09-16,Tuesday,,Neurology,open,1488.0
01/04/2026,Sunday,,unknown,holiday,17.0
2025-09-06,Saturday,,Orthopedics,open,944.0
2025-11-30,Sunday,,Dermatology,holiday,242.0
2025-08-22,Friday,,Orthopedics,open,762.0
2025-10-28,Tuesday,,Pediatrics,open,2119.0
04 Nov 2025,Tuesday,,Dermatology,open,103.0
2025-09-18,Thursday,,General Medicine,open,1083.0
2025-10-14,Tuesday,,Cardiology,open,1298.0
2025-07-08,Tuesday,,Orthopedics,open,1096.0
2025-07-25,Friday,,Orthopedics,open,685.0
2025-09-27,Saturday,,,open,15.0
2025-07-19,Saturday,,cardiology,open,41.0
03-09-2025,Wednesday,,Dermatology,open,16.0
2025-06-26,Thursday,,Neurology,,1040.0
2025-06-07,Saturday,,Pediatrics,open,1280.0
2025-10-14,Tuesday,,Pediatrics,open,2055.0
2026-01-04,Sunday,,Neurology,holiday,184.0
2025-12-20,Saturday,,Cardiology,open,916.0
2026-02-05,Thursday,,Pediatrics,open,640.0
2025-08-05,Tuesday,,Dermatology,open,1387.0
2026-01-31,Saturday,,Orthopedics,open,651.0
2025-06-07,Saturday,,General Medicine,open,680.0
2025-11-10,Monday,,General Medicine,open,1687.0
2026-03-10,Tuesday,,Pediatrics,open,2141.0
2025-06-18,Wednesday,,Dermatology,open,554.0
2026-02-17,Tuesday,,Dermatology,open,1186.0
2025-12-07,Sunday,,DERMATOLOGY,holiday,9.0
2026-03-26,Thursday,,N/A,open,80.0
2026-03-13,Friday,,Pediatrics,open,1196.0
2025-05-28,Wednesday,,General Medicine,open,855.0
2025-10-26,Sunday,,Neurology,holiday,189.0
2026-03-08,Sunday,,Cardiology,holiday,171.0
2026-03-31,Tuesday,,Pediatrics,open,906.0
2025-05-24,Saturday,,Orthopedics,open,635.0
2025-05-31,Saturday,,Cardiology,open,752.0
2025-08-11,Monday,,Pediatrics,open,2142.0
2025-12-21,Sunday,,Pediatrics,holiday,151.0
2025-07-12,Saturday,,Pediatrics,open,1622.0
2025-04-20,Sunday,,Orthopedics,holiday,225.0
2025-07-26,Saturday,,Nuerology,open,38.0
2025-08-31,Sunday,,Neurology,holiday,280.0
2026-03-18,Wednesday,,General Medicine,open,1223.0
2025-06-25,Wednesday,,Orthopedics,open,1041.0
2025-07-22,Tuesday,,Neurology,open,1037.0
2025-10-19,Sunday,,Orthopedics,holiday,222.0
2025-10-28,Tuesday,,,open,186.0
2025-07-04,Friday,,General Medicine,open,1257.0
2025-07-07,Monday,,dermatology,open,45.0
2025-05-27,Tuesday,,  General Medicine  ,open,63.0
2025-07-28,Monday,,Neurology,open,1050.0
2026-01-04,Sunday,,Dermatology,holiday,322.0
2025-10-05,Sunday,,Pediatrics,holiday,222.0
2025-07-09,Wednesday,,General Medicine,open,984.0
2025-10-26,Sunday,,Dermatology,holiday,134.0
2025-06-25,Wednesday,,General Medicine,open,927.0
2025-07-06,Sunday,,NULL,holiday,5.0
05/10/2025,Saturday,,Orthopedics,open,25.0
2026-03-28,Saturday,,Cardiology,open,751.0
2026-02-02,Monday,,General Medicine,open,1744.0
2025-05-01,Thursday,,Cardiology,open,1038.0
2025-11-28,Friday,,  Cardiology  ,open,30.0
2025-07-09,Wednesday,,Cardiology,open,701.0
2025-12-28,Sunday,,Dermatology,holiday,352.0
2025-06-01,Sunday,,Dermatology,holiday,202.0
2025-10-04,Saturday,,Pediatrics,open,1225.0
2025-09-12,Friday,,Orthopedics,open,1018.0
2025-12-23,Tuesday,,Pediatrics,open,1500.0
2026-02-22,Sunday,,Cardiology,holiday,327.0
2025-06-22,Sunday,,Cardiology,holiday,200.0
2026-04-01,Wednesday,,Cardiology,open,897.0
2026-02-20,Friday,,Pediatrics,open,1413.0
31 Mar 2026,Tuesday,,Cardiology,open,155.0
2026-03-10,Tuesday,,Dermatology,open,1474.0
2025-09-11,Thursday,,General Medicine,open,1223.0
2026-04-01,Wednesday,,General Medicine,open,1343.0
2025-12-03,Wednesday,,Cardiology,open,712.0
2025-10-02,Thursday,,General Medicine,open,609.0
2026-04-01,Wednesday,,Orthopaedics,open,41.0
2025-07-29,Tuesday,,,open,268.0
29-12-2025,Monday,,Neurology,open,264.0
2025-05-18,Sunday,,Neurology,holiday,219.0
10-11-2025,Monday,,Cardiology,open,97.0
2025-06-29,Sunday,,Orthopedics,holiday,241.0
2025-05-22,Thursday,,General Medicine,open,796.0
2025-04-30,Wednesday,,orthopedics,open,78.0
2025-06-11,Wednesday,,Cardiology,open,769.0
2025-09-03,Wednesday,,Pediatrics,open,1557.0
2025-06-30,Monday,,Orthopedics,,1633.0
2025-08-12,Tuesday,,neurology,open,210.0
08 Sep 2025,Monday,,Cardiology,open,70.0
2026-03-05,Thursday,,General Medicine,open,1039.0
2025-07-11,Friday,,Orthopedics,open,883.0
2026-01-05,Monday,,Pediatrics,open,1569.0
17 Jun 2025,Tuesday,,Dermatology,open,158.0
2025-12-08,Monday,,Orthopedics,open,1040.0
2025-08-23,Saturday,,Dermatology,open,825.0
05 Aug 2025,Tuesday,,General Medicine,open,357.0
2025-11-02,Sunday,,Dermatology,holiday,180.0
2026-02-03,Tuesday,,General Medicine,open,1102.0
2026-03-07,Saturday,,Cardiology,open,1311.0
2026-03-02,Monday,,Cardiology,open,1344.0
2025-07-16,Wednesday,,CARDIOLOGY,open,169.0
2026-03-06,Friday,,General Medicine,open,769.0
2025-09-08,Monday,,Neurology,open,1769.0
2026-01-29,Thursday,,General Medicine,open,649.0
2026-02-02,Monday,,Dermatology,open,1643.0
2025-09-16,Tuesday,,Dermatology,open,939.0
2025-06-06,Friday,,Orthopedics,open,935.0
2026-03-17,Tuesday,,General Medicine,open,2205.0
2026-04-04,Saturday,,Cardiology,open,770.0
2025-06-11,Wednesday,,Pediatrics,open,852.0
2026-01-27,Tuesday,,Cardiology,open,809.0
06/20/2025,Friday,,General Medicine,open,297.0
12 Feb 2026,Thursday,,General Medicine,open,196.0
2025-12-27,Saturday,,Dermatology,open,985.0
2026-02-22,Sunday,,Orthopedics,holiday,223.0
2025-06-15,Sunday,,DERMATOLOGY,holiday,19.0
2025-06-23,Monday,,Orthopaedics,open,138.0
2025-08-01,Friday,,Neurology,open,600.0
2026-03-15,Sunday,,Pediatrics,holiday,826.0
25-06-2025,Wednesday,,Pediatrics,open,148.0
2025-06-17,Tuesday,,Cardiology,open,1718.0
2025-07-06,Sunday,,Cardiology,holiday,268.0
2025-09-29,Monday,,Orthopedics,open,1325.0
2025-08-09,Saturday,,Neurology,open,953.0
2025-06-23,Monday,,Neurology,open,1302.0
2025-09-22,Monday,,Dermatology,open,1123.0
2026-03-11,Wednesday,,Orthopedics,open,931.0
2025-05-25,Sunday,,NULL,holiday,43.0
2026-02-05,Thursday,,Dermatology,open,630.0
06-09-2025,Saturday,,Neurology,open,16.0
2025-12-27,Saturday,,Neurology,open,570.0
2025-08-26,Tuesday,,Orthopedics,open,1430.0
2025-09-02,Tuesday,,Neurology,open,1262.0
2025-11-29,Saturday,,GENERAL MEDICINE,open,
2026-04-15,Wednesday,,Cardiologyy,open,21.0
2025-07-07,Monday,,Dermatology,open,1387.0
2025-04-20,Sunday,,General Medicine,holiday,300.0
2025-09-27,Saturday,,Neurology,open,496.0
2026-02-07,Saturday,,neurology,open,109.0
2026-01-31,Saturday,,orthopedics,open,119.0
2026-04-17,Friday,,Pediatrics,open,1969.0
2025-07-20,Sunday,,Neurology,holiday,342.0
2026-01-06,Tuesday,,Orthopedics,open,1008.0
2026-01-01,Thursday,,Pediatrics,open,1217.0
2025-08-19,Tuesday,,Neurology,open,1214.0
2026-02-14,Saturday,,Orthopedics,open,883.0
2025-12-12,Friday,,General Medicine,open,1372.0
06-09-2025,Saturday,,Pediatrics,open,24.0
2026-01-09,Friday,,Orthopedics,open,607.0
2026-03-21,Saturday,,Pediatrics,open,1674.0
2025-09-12,Friday,,Cardiology,open,662.0
2025-09-14,Sunday,,Orthopedics,holiday,251.0
2025-09-10,Wednesday,,General Medicine,open,767.0
2025-12-22,Monday,,Cardiology,open,1182.0
06 Jul 2025,Sunday,,Pediatrics,holiday,48.0
2025-05-15,Thursday,,Pediatrics,open,995.0
2025-08-27,Wednesday,,Neurology,open,1216.0
2025-09-15,Monday,,General Medicine,open,1286.0
2025-06-13,Friday,,Pediatrics,open,822.0
2026-02-12,Thursday,,Neurology,open,716.0
2025-09-17,Wednesday,,Dermatology,open,865.0
2025-08-22,Friday,,Pediatrics,open,924.0
2025-09-04,Thursday,,Orthopedics,open,705.0
12/26/2025,Friday,,Dermatology,open,34.0
2025-04-25,Friday,,Pediatrics,open,1267.0
2025-08-10,Sunday,,N/A,holiday,25.0
2026-02-07,Saturday,,Orthopedics,open,942.0
2025-12-07,Sunday,,Dermatology,holiday,237.0
2025-06-13,Friday,,Dermatology,open,671.0
2025-06-26,Thursday,,  Neurology  ,open,17.0
2025-11-07,Friday,,NULL,open,46.0
06/22/2025,Sunday,,Cardiology,holiday,8.0
2025-09-04,Thursday,,Neurology,open,901.0
2025-10-01,Wednesday,,General Medicine,open,1520.0
2025-09-17,Wednesday,,Cardiology,open,983.0
2025-05-23,Friday,,Neurology,open,1009.0
2026-01-16,Friday,,Dermatology,open,1050.0
06 Mar 2026,Friday,,General Medicine,open,126.0
2025-08-29,Friday,,Neurology,open,621.0
2025-05-02,Friday,,Neurology,open,730.0
2025-07-03,Thursday,,Neurology,open,861.0
2025-11-18,Tuesday,,Pediatrics,open,2196.0
2026-03-10,Tuesday,,Cardiology,open,1048.0
26 Mar 2026,Thursday,,DERMATOLOGY,open,87.0
2025-07-08,Tuesday,,Pediatrics,open,1780.0
2026-02-24,Tuesday,,General Medicine,open,1723.0
2025-06-02,Monday,,Cardiology,open,1324.0
2025-11-13,Thursday,,Orthopedics,open,754.0
2026-02-07,Saturday,,Pediatrics,open,1322.0
2026-01-30,Friday,,General Medicine,open,1489.0
2025-08-19,Tuesday,,Cardiology,open,1300.0
14 Feb 2026,Saturday,,Neurology,open,
2025-06-21,Saturday,,Orthopedics,open,812.0
03/06/2026,Friday,,NULL,open,79.0
2025-05-05,Monday,,Cardiology,open,1620.0
2026-03-16,Monday,,Cardiology,open,971.0
2026-01-28,Wednesday,,Dermatology,open,1121.0
2025-05-19,Monday,,Neurology,open,2131.0
2025-06-04,Wednesday,,Pediatrics,open,1228.0
2025-08-19,Tuesday,,Orthopedics,open,1883.0
2026-01-29,Thursday,,Dermatology,open,815.0
2025-05-19,Monday,,Pediatrics,open,1687.0
01 Apr 2026,Wednesday,,Cardiology,open,91.0
2025-06-28,Saturday,,Orthopedics,open,766.0
2025-05-25,Sunday,,,holiday,44.0
2025-05-12,Monday,,Orthopedics,open,1620.0
2026-01-12,Monday,,Neurology,open,886.0
11/06/2025,Thursday,,Neurology,open,45.0
2025-12-21,Sunday,,General Medicine,holiday,233.0
2025-06-19,Thursday,,Pediatrics,open,376.0
2025-11-17,Monday,,Dermatology,open,1256.0
2025-07-19,Saturday,,Dermatology,open,581.0
2025-04-22,Tuesday,,  Orthopedics  ,open,75.0
2025-05-25,Sunday,,Orthopedics,holiday,250.0
2025-04-30,Wednesday,,Orthopedics,open,635.0
2026-02-14,Saturday,,Dermatology,open,652.0
2026-01-24,Saturday,,Dermatology,,756.0
2026-02-24,Tuesday,,Dermatology,open,1162.0
2025-06-15,Sunday,,Pediatrics,holiday,158.0
2025-06-11,Wednesday,,Dermatology,open,619.0
2025-08-29,Friday,,Pediatrics,open,867.0
2025-10-03,Friday,,Pediatrics,open,1044.0
2025-10-04,Saturday,,Dermatology,open,945.0
2025-07-31,Thursday,,Orthopedics,open,496.0
2025-09-30,Tuesday,,Orthopedics,open,1240.0
2026-02-11,Wednesday,,Cardiology,open,858.0
2026-01-23,Friday,,,open,35.0
2026-01-05,Monday,,General Medicine,open,1510.0
2025-06-06,Friday,,Pediatrics,open,1020.0
13 Jul 2025,Sunday,,General Medicine,holiday,33.0
2026-03-04,Wednesday,,Neurology,open,1321.0
2025-08-26,Tuesday,,neurology,open,101.0
2025-04-28,Monday,,Cardiology,open,2003.0
2026-04-17,Friday,,Dermatology,open,869.0
2025-09-15,Monday,,Neurology,open,1150.0
2025-12-22,Monday,,General Medicine,open,1421.0
2025-06-17,Tuesday,,Orthopedics,open,1169.0
2026-04-16,Thursday,,Cardiology,open,565.0
2025-05-17,Saturday,,Neurology,open,583.0
06/01/2025,Sunday,,,holiday,30.0
2025-06-11,Wednesday,,CARDIOLOGY,open,30.0
12/26/2025,Friday,,Cardiology,open,48.0
2025-09-05,Friday,,Neurology,open,1123.0
2025-12-22,Monday,,Dermatology,open,1424.0
2025-05-24,Saturday,,Neurology,open,818.0
2025-10-30,Thursday,,Dermatology,open,729.0
2026-01-11,Sunday,,Cardiology,holiday,212.0
2025-07-22,Tuesday,,General Medicine,open,1907.0
2026-02-23,Monday,,General Medicine,open,1246.0
2026-02-21,Saturday,,Cardiology,open,718.0
2025-11-03,Monday,,Cardiology,open,1651.0
2025-10-24,Friday,,Cardiology,open,480.0
2025-05-28,Wednesday,,Orthopedics,open,788.0
2025-11-09,Sunday,,Dermatology,holiday,266.0
2026-04-02,Thursday,,General Medicine,open,1064.0
2025-06-17,Tuesday,,Neurology,open,1209.0
2025-06-12,Thursday,,General Medicine,,1506.0
2025-10-13,Monday,,Pediatrics,open,1603.0
2026-02-14,Saturday,,Pediatrics,open,958.0
2025-08-17,Sunday,,Orthopedics,holiday,214.0
2025-12-01,Monday,,Neurology,open,1012.0
2025-10-15,Wednesday,,General Medicine,open,1112.0
05/17/2025,Saturday,,general medicine,open,33.0
2025-07-20,Sunday,,General Medicine,holiday,149.0
2025-04-30,Wednesday,,Pediatrics,,1272.0
2025-06-22,Sunday,,General Medicine,,227.0
2025-06-06,Friday,,Dermatology,open,769.0
2025-07-01,Tuesday,,Dermatology,open,1437.0
2025-05-19,Monday,,Cardiology,open,1085.0
2025-05-18,Sunday,,Pediatrics,holiday,216.0
2025-05-28,Wednesday,,Dermatology,open,499.0
2025-06-14,Saturday,,Dermatology,open,729.0
10-02-2026,Tuesday,,Dermatology,open,53.0
2026-03-31,Tuesday,,Dermatology,open,2253.0
04 Aug 2025,Monday,,Pediatrics,open,135.0
2025-08-09,Saturday,,Cardiology,open,739.0
2026-04-05,Sunday,,Neurology,holiday,308.0
2025-05-03,Saturday,,Pediatrics,open,684.0
2025-04-22,Tuesday,,Cardiology,,1001.0
2025-07-04,Friday,,Orthopedics,open,711.0
2025-12-02,Tuesday,,Orthopedics,open,1185.0
2025-11-11,Tuesday,,Pediatrics,open,1484.0
2025-06-04,Wednesday,,Orthopedics,open,401.0
2025-08-17,Sunday,,,holiday,51.0
2026-02-19,Thursday,,Dermatology,open,539.0
2026-03-03,Tuesday,,Pediatrics,open,2847.0
2025-11-26,Wednesday,,General Medicine,open,1752.0
2026-03-14,Saturday,,Orthopedics,open,632.0
2026-02-02,Monday,,Cardiology,open,1255.0
2025-12-15,Monday,,Orthopedics,open,1436.0
2025-07-06,Sunday,,Pediatrics,holiday,218.0
2025-11-25,Tuesday,,NULL,open,139.0
2026-02-09,Monday,,,open,
2025-07-24,Thursday,,Orthopedics,open,590.0
2025-07-27,Sunday,,Orthopedics,holiday,232.0
2026-02-13,Friday,,Neurology,open,1164.0
2026-03-26,Thursday,,General Medicine,open,850.0
06/29/2025,Sunday,,Orthopedics,holiday,31.0
2026-02-18,Wednesday,,Orthopedics,open,524.0
2025-08-08,Friday,,Dermatology,open,898.0
2025-08-31,Sunday,,General Medicine,holiday,238.0
2026-03-08,Sunday,,Dermatology,holiday,238.0
2025-08-31,Sunday,,Dermatology,holiday,317.0
2025-08-23,Saturday,,General Medicine,open,1202.0
2025-04-24,Thursday,,Dermatology,open,667.0
2025-07-01,Tuesday,,General Medicine,open,2020.0
04/06/2026,Monday,,Dermatology,,56.0
2025-11-02,Sunday,,NULL,holiday,15.0
12/21/2025,Sunday,,Pediatrics,holiday,19.0
2026-03-08,Sunday,,Pediatrics,holiday,261.0
2025-05-10,Saturday,,Orthopedics,open,1234.0
2026-02-19,Thursday,,Pediatrics,open,1041.0
2026-03-28,Saturday,,Orthopedics,open,854.0
2025-06-16,Monday,,Cardiology,open,1325.0
2026-02-15,Sunday,,Neurology,holiday,290.0
2026-02-10,Tuesday,,Pediatrics,open,1474.0
2025-09-27,Saturday,,Orthopedics,open,641.0
2025-06-17,Tuesday,,Pediatrics,open,2408.0
2026-03-09,Monday,,General Medicine,open,1869.0
2025-11-30,Sunday,,Cardiology,holiday,185.0
2026-04-08,Wednesday,,General Medicine,open,1057.0
2026-03-07,Saturday,,General Medicine,open,1036.0
2026-01-23,Friday,,Neurology,open,470.0
2025-08-26,Tuesday,,Neurology,open,1124.0
24 Aug 2025,Sunday,,Pediatrics,holiday,44.0
2025-09-08,Monday,,N/A,open,61.0
2025-07-02,Wednesday,,Neurology,open,730.0
2025-10-26,Sunday,,Pediatrics,holiday,241.0
2026-01-23,Friday,,NEUROLOGY,open,24.0
2026-03-18,Wednesday,,Pediatrics,open,1116.0
08/11/2025,Monday,,Dermatology,open,85.0
2025-07-31,Thursday,,Pediatrics,open,1368.0
2025-08-27,Wednesday,,dermatology,open,
22 Dec 2025,Monday,,neurology,open,82.0
2025-06-05,Thursday,,Neurology,open,717.0
2025-12-11,Thursday,,Orthopedics,,1001.0
2026-02-21,Saturday,,General Medicine,open,1106.0
2025-10-31,Friday,,Pediatrics,open,2345.0
18-10-2025,Saturday,,Orthopedics,open,150.0
2026-03-31,Tuesday,,General Medicine,open,1969.0
2025-08-10,Sunday,,General Medicine,holiday,152.0
2025-12-04,Thursday,,unknown,open,48.0
2025-08-29,Friday,,Nuerology,open,20.0
03-05-2025,Saturday,,Cardiology,open,136.0
2025-09-02,Tuesday,,Pediatrics,open,1357.0
2026-03-20,Friday,,dermatology,,76.0
2026-02-13,Friday,,General Medicine,open,1536.0
2025-10-19,Sunday,,Dermatology,holiday,265.0
2025-10-10,Friday,,Pediatrics,open,1542.0
2025-12-14,Sunday,,General Medicine,holiday,336.0
2026-02-20,Friday,,Orthopedics,open,644.0
11/23/2025,Sunday,,Dermatology,holiday,23.0
2025-12-05,Friday,,Neurology,open,997.0
2025-06-20,Friday,,Cardiology,open,788.0
2025-11-14,Friday,,Pediatrics,open,1157.0
2025-11-12,Wednesday,,Cardiology,open,815.0
2026-02-24,Tuesday,,Orthopedics,open,1662.0
2025-07-05,Saturday,,Orthopedics,open,563.0
2025-09-13,Saturday,,GENERAL MEDICINE,,151.0
2025-10-01,Wednesday,,Pediatrics,open,834.0
16 Jan 2026,Friday,,Neurology,,69.0
2025-07-05,Saturday,,Pediatrics,open,1051.0
2026-02-07,Saturday,,General Medicine,open,1338.0
2026-01-16,Friday,,Cardiology,open,640.0
10 Apr 2026,Friday,,Dermatology,open,99.0
2025-10-23,Thursday,,General Medicine,open,926.0
2026-03-01,Sunday,,Orthopedics,holiday,344.0
2025-05-23,Friday,,Cardiology,open,451.0
2025-11-19,Wednesday,,N/A,open,106.0
2025-12-08,Monday,,Cardiology,open,1215.0
2025-07-18,Friday,,Neurology,open,696.0
2025-09-21,Sunday,,Cardiology,holiday,182.0
2026-03-16,Monday,,General Medicine,open,1944.0
2025-12-10,Wednesday,,,open,170.0
2025-09-08,Monday,,General Medicine,open,1708.0
2025-07-09,Wednesday,,Pediatrics,open,1342.0
02/17/2026,Tuesday,,General Medicine,open,69.0
2025-05-15,Thursday,,Neurology,open,845.0
2025-08-08,Friday,,,open,199.0
2025-11-28,Friday,,Cardiology,open,980.0
2025-10-14,Tuesday,,general medicine,open,108.0
2026-01-25,Sunday,,Neurology,holiday,125.0
2026-03-12,Thursday,,Pediatrics,open,1365.0
07/12/2025,Saturday,,Cardiology,open,82.0
2026-02-26,Thursday,,Neurology,open,768.0
2026-03-15,Sunday,,Orthopedics,holiday,259.0
2025-12-02,Tuesday,,Nuerology,open,93.0
2025-09-25,Thursday,,Pediatrics,open,1484.0
29-08-2025,Friday,,Orthopedics,open,41.0
2025-11-27,Thursday,,Orthopedics,open,529.0
2025-04-26,Saturday,,Cardiology,open,882.0
2025-09-04,Thursday,,Cardiology,open,681.0
2025-05-07,Wednesday,,  Pediatrics  ,open,35.0
2026-03-28,Saturday,,General Medicine,open,1153.0
2025-12-31,Wednesday,,Orthopedics,open,757.0
2025-06-10,Tuesday,,ORTHOPEDICS,open,232.0
2025-09-26,Friday,,Cardiology,open,1024.0
2025-05-30,Friday,,General Medicine,open,859.0
06/17/2025,Tuesday,,Pediatrics,open,264.0
2026-01-13,Tuesday,,,open,202.0
04 Nov 2025,Tuesday,,Neurology,open,41.0
2025-10-06,Monday,,Pediatrics,open,1777.0
2025-06-11,Wednesday,,General Medicine,open,839.0
2025-09-19,Friday,,Orthopedics,open,428.0
12-01-2026,Monday,,General Medicine,open,96.0
2025-10-14,Tuesday,,PEDIATRICS,open,94.0
2026-03-15,Sunday,,Cardiology,holiday,173.0
2025-08-05,Tuesday,,  General Medicine  ,open,102.0
2025-04-29,Tuesday,,Orthopedics,open,1479.0
2025-05-04,Sunday,,Pediatrics,holiday,262.0
2025-11-05,Wednesday,,CARDIOLOGY,open,16.0
2026-04-07,Tuesday,,Cardiology,open,1118.0
2025-07-25,Friday,,Cardiology,open,847.0
2025-07-28,Monday,,Pediatrics,open,1679.0
2025-09-26,Friday,,Neurology,open,749.0
12 Sep 2025,Friday,,Pediatrics,open,62.0
2026-02-25,Wednesday,,Orthopedics,open,608.0
2025-07-05,Saturday,,,open,113.0
02/10/2026,Tuesday,,Pediatrics,open,199.0
2025-10-25,Saturday,,N/A,open,23.0
2025-09-03,Wednesday,,Neurology,open,960.0
2025-08-10,Sunday,,Cardiology,holiday,212.0
2026-01-05,Monday,,,open,303.0
2025-10-14,Tuesday,,General Medicine,open,1585.0
2025-09-04,Thursday,,N/A,open,83.0
2026-03-20,Friday,,Orthopedics,open,631.0
2025-06-15,Sunday,,Neurology,holiday,255.0
2025-08-12,Tuesday,,Dermatology,open,1290.0
2026-01-07,Wednesday,,General Medicine,open,1080.0
2025-12-28,Sunday,,Pediatrics,,263.0
2025-12-13,Saturday,,Dermatology,open,589.0
2025-11-07,Friday,,  Dermatology  ,open,103.0
2025-08-08,Friday,,Orthopedics,open,717.0
2025-11-20,Thursday,,Dermatology,open,433.0
2025-08-03,Sunday,,Dermatology,holiday,196.0
2025-12-21,Sunday,,Dermatology,holiday,133.0
2025-07-23,Wednesday,,Cardiology,open,677.0
06/15/2025,Sunday,,Orthopedics,holiday,27.0
18-12-2025,Thursday,,Dermatology,open,35.0
2025-06-15,Sunday,,Orthopedics,holiday,218.0
2025-05-07,Wednesday,,Cardiology,open,1347.0
2025-05-14,Wednesday,,Orthopedics,open,685.0
2026-04-02,Thursday,,Pediatrics,open,1122.0
2025-05-25,Sunday,,Dermatology,holiday,230.0
07/24/2025,Thursday,,General Medicine,open,96.0
2025-05-30,Friday,,Dermatology,open,1062.0
2026-02-18,Wednesday,,Dermatology,open,974.0
2025-07-19,Saturday,,Pediatrics,open,1154.0
2025-05-16,Friday,,General Medicine,open,858.0
2026-03-11,Wednesday,,Neurology,open,736.0
30-07-2025,Wednesday,,General Medicine,open,47.0
2025-08-25,Monday,,Orthopedics,open,805.0
2026-03-11,Wednesday,,Pediatrics,open,2117.0
2026-03-09,Monday,,Nuerology,open,64.0
08-11-2025,Saturday,,Cardiology,open,134.0
2025-06-13,Friday,,unknown,open,31.0
2025-07-29,Tuesday,,Cardiology,open,1591.0
2025-05-21,Wednesday,,Cardiology,open,631.0
2026-03-06,Friday,,Orthopedics,open,1090.0
2025-10-29,Wednesday,,Neurology,open,944.0
26 Sep 2025,Friday,,Cardiology,open,19.0
2025-08-09,Saturday,,Orthopedics,open,1060.0
2025-10-08,Wednesday,,Cardiology,open,674.0
2025-12-19,Friday,,General Medicine,open,1294.0
2026-01-13,Tuesday,,Pediatrics,open,1532.0
2026-03-31,Tuesday,,Orthopedics,open,1135.0
04-05-2025,Sunday,,Neurology,holiday,12.0
2025-12-16,Tuesday,,Pediatrics,open,2071.0
2025-07-03,Thursday,,Orthopedics,open,825.0
2026-02-22,Sunday,,General Medicine,holiday,227.0
2026-01-06,Tuesday,,Pediatrics,open,1649.0
2025-09-11,Thursday,,Cardiology,open,689.0
2025-09-20,Saturday,,Cardiology,open,653.0
2026-01-11,Sunday,,Neurology,holiday,268.0
2025-08-02,Saturday,,Cardiology,open,507.0
2025-07-26,Saturday,,Orthopedics,open,664.0
2025-08-10,Sunday,,Dermatology,holiday,205.0
2025-09-09,Tuesday,,Cardiology,open,1710.0
2026-01-18,Sunday,,General Medicine,holiday,205.0
2026-01-18,Sunday,,Dermatology,holiday,207.0
2025-08-15,Friday,,General Medicine,open,1600.0
2025-11-07,Friday,,DERMATOLOGY,open,29.0
2025-06-28,Saturday,,Neurology,open,821.0
2025-11-18,Tuesday,,Orthopedics,open,1400.0
2025-11-15,Saturday,,Cardiology,open,731.0
2025-06-03,Tuesday,,  Orthopedics  ,open,69.0
19 Nov 2025,Wednesday,,Dermatology,open,13.0
2025-12-11,Thursday,,,open,114.0
2026-02-20,Friday,,pediatrics,open,91.0
2025-06-10,Tuesday,,DERMATOLOGY,open,80.0
2025-07-29,Tuesday,,General Medicine,open,1371.0
2025-09-13,Saturday,,General Medicine,open,1346.0
2025-09-29,Monday,,Pediatrics,open,1236.0
2025-05-02,Friday,,Orthopedics,open,637.0
2026-02-02,Monday,,Orthopedics,open,1623.0
2025-12-11,Thursday,,General Medicine,open,1155.0
2026-02-13,Friday,,pediatrics,open,39.0
2026-01-15,Thursday,,Dermatology,open,517.0
2025-08-13,Wednesday,,Pediatrics,open,1093.0
2026-03-04,Wednesday,,Cardiology,open,706.0
2025-06-20,Friday,,unknown,open,82.0
2025-10-27,Monday,,cardiology,open,
2025-11-22,Saturday,,Dermatology,open,685.0
2025-11-08,Saturday,,Orthopedics,open,301.0
07/27/2025,Sunday,,Pediatrics,holiday,19.0
01/09/2026,Friday,,Cardiology,open,36.0
2025-10-09,Thursday,,Orthopedics,open,706.0
2025-07-16,Wednesday,,Pediatrics,open,1254.0
2025-06-08,Sunday,,General Medicine,holiday,146.0
2025-06-07,Saturday,,Neurology,open,508.0
2026-03-19,Thursday,,Neurology,open,689.0
2025-12-10,Wednesday,,Dermatology,open,975.0
2025-12-13,Saturday,,Neurology,open,1193.0
23-06-2025,Monday,,Neurology,open,
2025-06-05,Thursday,,Cardiology,open,550.0
2025-11-27,Thursday,,Dermatology,open,887.0
2026-03-17,Tuesday,,Cardiology,open,1171.0
2025-11-30,Sunday,,Orthopedics,holiday,310.0
2026-02-05,Thursday,,Cardiology,open,738.0
2025-11-07,Friday,,Dermatology,open,870.0
2026-01-12,Monday,,Dermatology,open,1251.0
2026-02-28,Saturday,,Dermatology,open,443.0
2025-06-12,Thursday,,,open,209.0
2025-06-09,Monday,,neurology,open,
2025-07-06,Sunday,,General Medicine,holiday,122.0
2025-04-24,Thursday,,Neurology,open,920.0
2025-05-26,Monday,,Dermatology,open,1502.0
2025-09-05,Friday,,Dermatology,open,727.0
2026-02-05,Thursday,,Orthopedics,open,731.0
2026-03-08,Sunday,,  Pediatrics  ,holiday,37.0
12/20/2025,Saturday,,General Medicine,open,149.0
2025-09-19,Friday,,Neurology,open,964.0
2025-09-06,Saturday,,NEUROLOGY,open,144.0
2026-01-15,Thursday,,General Medicine,open,1200.0
2025-07-19,Saturday,,General Medicine,open,1283.0
2026-02-09,Monday,,Pediatrics,open,1799.0
2025-12-07,Sunday,,Orthopedics,holiday,299.0
09/26/2025,Friday,,Neurology,open,34.0
03/31/2026,Tuesday,,Dermatology,open,60.0
2026-01-08,Thursday,,Pediatrics,open,1116.0
2025-10-07,Tuesday,,Cardiology,open,1674.0
2025-11-22,Saturday,,General Medicine,open,1029.0
2026-01-22,Thursday,,Cardiology,open,909.0
2025-11-09,Sunday,,General Medicine,holiday,304.0
2025-08-27,Wednesday,,Dermatology,open,634.0
2026-02-06,Friday,,Orthopedics,open,598.0
2025-07-10,Thursday,,Dermatology,open,835.0
2025-10-12,Sunday,,General Medicine,holiday,304.0
2026-01-03,Saturday,,General Medicine,open,1138.0
2025-12-23,Tuesday,,Neurology,open,1403.0
2026-03-23,Monday,,Neurology,open,1176.0
2026-02-10,Tuesday,,Orthopedics,open,953.0
2025-11-29,Saturday,,Cardiology,open,214.0
2025-07-31,Thursday,,Cardiology,open,410.0
2025-09-07,Sunday,,Orthopedics,holiday,251.0
2025-10-23,Thursday,,unknown,open,12.0
16-08-2025,Saturday,,Pediatrics,open,81.0
27 May 2025,Tuesday,,Orthopedics,open,222.0
2026-03-24,Tuesday,,General Medicine,open,1937.0
2025-04-27,Sunday,,Dermatology,holiday,228.0
2025-05-31,Saturday,,Neurology,open,1002.0
2025-12-29,Monday,,Neurology,open,968.0
2025-11-16,Sunday,,Dermatology,holiday,299.0
2025-05-13,Tuesday,,Cardiology,open,2114.0
2026-03-03,Tuesday,,Neurology,open,1185.0
12/10/2025,Wednesday,,Neurology,open,60.0
2025-10-03,Friday,,Dermatology,open,573.0
2025-09-02,Tuesday,,unknown,open,51.0
2026-01-03,Saturday,,Orthopedics,open,564.0
08 Nov 2025,Saturday,,General Medicine,open,55.0
02/20/2026,Friday,,Neurology,open,46.0
2026-04-04,Saturday,,Orthopedics,open,949.0
10/29/2025,Wednesday,,Neurology,open,44.0
2025-08-12,Tuesday,,Pediatrics,open,1110.0
2025-10-14,Tuesday,,  Neurology  ,open,176.0
2026-01-04,Sunday,,Cardiology,holiday,222.0
2025-04-26,Saturday,,Orthopedics,open,622.0
16-02-2026,Monday,,General Medicine,open,203.0
2025-09-07,Sunday,,Dermatology,holiday,250.0
2026-01-16,Friday,,General Medicine,open,1160.0
2025-06-14,Saturday,,General Medicine,open,966.0
2025-12-20,Saturday,,Pediatrics,open,1368.0
2026-03-17,Tuesday,,Orthopedics,open,1230.0
2025-08-24,Sunday,,Neurology,holiday,237.0
2025-11-10,Monday,,Dermatology,open,1297.0
2025-06-28,Saturday,,General Medicine,open,1249.0
2025-09-12,Friday,,General Medicine,open,1369.0
2025-06-02,Monday,,Orthopedics,open,1636.0
17 Apr 2026,Friday,,Dermatology,open,
2026-04-07,Tuesday,,PEDIATRICS,open,87.0
2025-10-06,Monday,,General Medicine,open,1826.0
07 Aug 2025,Thursday,,Orthopedics,open,46.0
2025-10-10,Friday,,Cardiology,open,759.0
03/16/2026,Monday,,Pediatrics,open,104.0
2025-09-29,Monday,,General Medicine,open,2359.0
2025-09-21,Sunday,,Dermatology,holiday,347.0
2025-07-25,Friday,,GENERAL MEDICINE,open,53.0
2025-12-02,Tuesday,,Pediatrics,open,1801.0
2026-01-01,Thursday,,Cardiology,open,557.0
2026-01-21,Wednesday,,Orthopedics,open,1331.0
2026-02-18,Wednesday,,Cardiology,open,795.0
2025-08-16,Saturday,,Dermatology,open,683.0
2025-07-15,Tuesday,,General Medicine,open,1701.0
2025-09-26,Friday,,Orthopedics,open,898.0
2026-03-22,Sunday,,Neurology,holiday,212.0
2025-12-11,Thursday,,Pediatrics,open,1511.0
2026-03-08,Sunday,,Orthopedics,holiday,305.0
2026-02-12,Thursday,,General Medicine,open,934.0
2026-04-04,Saturday,,Neurology,open,1048.0
2025-06-10,Tuesday,,Neurology,open,831.0
2026-01-30,Friday,,Neurology,open,782.0
09-02-2026,Monday,,Pediatrics,open,
2025-11-09,Sunday,,Pediatrics,holiday,276.0
2025-10-18,Saturday,,General Medicine,open,1107.0
2025-10-03,Friday,,Cardiology,open,1000.0
2025-08-03,Sunday,,pediatrics,holiday,10.0
2025-07-21,Monday,,Pediatrics,open,1629.0
2025-11-04,Tuesday,,General Medicine,open,1793.0
2025-05-10,Saturday,,Pediatrics,open,894.0
2025-07-18,Friday,,Cardiology,open,606.0
2026-04-07,Tuesday,,ORTHOPEDICS,open,151.0
2025-08-14,Thursday,,Pediatrics,open,1190.0
2025-05-08,Thursday,,Pediatrics,open,1190.0
2025-10-22,Wednesday,,General Medicine,open,1049.0
2026-02-05,Thursday,,Neurology,open,492.0
2026-02-14,Saturday,,orthopedics,open,32.0
2025-05-29,Thursday,,Cardiology,open,985.0
2026-04-03,Friday,,Dermatology,open,860.0
2025-08-01,Friday,,general medicine,open,66.0
2025-08-05,Tuesday,,General Medicine,open,1211.0
2025-11-28,Friday,,Dermatology,open,724.0
2025-04-19,Saturday,,General Medicine,open,1043.0
2025-11-03,Monday,,Pediatrics,open,1175.0
2026-04-15,Wednesday,,Dermatology,open,612.0
2025-11-24,Monday,,neurology,open,59.0
2025-06-24,Tuesday,,Dermatology,open,1036.0
2025-12-08,Monday,,Pediatrics,open,1301.0
2026-02-15,Sunday,,Pediatrics,holiday,299.0
07 Apr 2026,Tuesday,,General Medicine,open,81.0
2026-04-06,Monday,,Neurology,open,1729.0
2025-11-26,Wednesday,,Cardiology,open,899.0
2026-02-20,Friday,,Dermatology,open,610.0
2025-07-20,Sunday,,Cardiology,holiday,167.0
2025-11-23,Sunday,,Orthopedics,holiday,800.0
05-04-2026,Sunday,,General Medicine,holiday,24.0
2025-06-28,Saturday,,Orthopaedics,open,48.0
2025-09-20,Saturday,,General Medicine,open,1330.0
2026-03-18,Wednesday,,Orthopedics,open,761.0
2025-10-07,Tuesday,,Pediatrics,open,1426.0
2025-06-09,Monday,,Neurology,open,944.0
2026-03-12,Thursday,,Dermatology,open,825.0
2025-12-14,Sunday,,Dermatology,holiday,268.0
2026-02-19,Thursday,,,open,107.0
20-03-2026,Friday,,Orthopedics,open,43.0
2026-03-07,Saturday,,  Cardiology  ,open,65.0
2025-11-12,Wednesday,,Orthopedics,open,935.0
2025-08-12,Tuesday,,Dermatolgy,open,103.0
2025-07-29,Tuesday,,Orthopedics,open,1309.0
2025-06-30,Monday,,Pediatrics,open,1225.0
19 Sep 2025,Friday,,Cardiology,open,139.0
2026-02-16,Monday,,Neurology,open,1484.0
2026-03-31,Tuesday,,Cardiology,open,2019.0
2025-11-22,Saturday,,Orthopedics,open,588.0
2025-10-25,Saturday,,Dermatology,open,665.0
2025-09-22,Monday,,Neurology,open,1092.0
12 Aug 2025,Tuesday,,Pediatrics,open,
2025-12-25,Thursday,,Neurology,open,977.0
2025-11-30,Sunday,,General Medicine,holiday,226.0
2025-11-05,Wednesday,,Pediatrics,open,708.0
03 Sep 2025,Wednesday,,General Medicine,open,53.0
2025-10-13,Monday,,General Medicine,open,2114.0
2025-07-21,Monday,,Neurology,open,1161.0
2026-02-09,Monday,,General Medicine,,1233.0
2025-11-10,Monday,,,open,584.0
2025-07-11,Friday,,Pediatrics,,1126.0
2025-07-13,Sunday,,General Medicine,holiday,239.0
2025-07-03,Thursday,,General Medicine,open,1233.0
2026-03-11,Wednesday,,General Medicine,open,1516.0
2025-07-25,Friday,,dermatology,open,130.0
2025-10-25,Saturday,,Pediatrics,open,1134.0
2025-10-04,Saturday,,Neurology,open,827.0
2025-05-20,Tuesday,,General Medicine,open,1568.0
2025-07-23,Wednesday,,Dermatology,open,951.0
2025-12-06,Saturday,,pediatrics,open,177.0
2026-01-07,Wednesday,,Neurology,open,936.0
2025-08-22,Friday,,DERMATOLOGY,open,62.0
2025-11-23,Sunday,,Neurology,holiday,319.0
2025-07-23,Wednesday,,Pediatrics,open,738.0
2025-11-01,Saturday,,Orthopedics,open,601.0
2025-12-17,Wednesday,,pediatrics,open,75.0
14 Oct 2025,Tuesday,,Cardiology,open,125.0
2025-12-04,Thursday,,,open,36.0
03 Jun 2025,Tuesday,,Cardiology,open,84.0
2025-11-29,Saturday,,Dermatology,open,609.0
2026-01-28,Wednesday,,Cardiology,open,501.0
2026-03-02,Monday,,  Neurology  ,open,124.0
2026-02-18,Wednesday,,cardiology,open,
2026-01-14,Wednesday,,Dermatology,open,379.0
2025-08-13,Wednesday,,Neurology,open,762.0
2025-12-21,Sunday,,Orthopedics,holiday,278.0
2025-05-23,Friday,,Pediatrics,open,1548.0
18-02-2026,Wednesday,,  Orthopedics  ,open,77.0
2026-01-22,Thursday,,Neurology,open,1068.0
2025-08-24,Sunday,,General Medicine,holiday,149.0
2026-01-12,Monday,,Pediatrics,open,1159.0
01 Jul 2025,Tuesday,,Neurology,open,102.0
2026-01-27,Tuesday,,General Medicine,open,1061.0
2025-05-29,Thursday,,Orthopedics,open,564.0
2025-11-13,Thursday,,Pediatrics,open,866.0
2026-04-15,Wednesday,,Orthopedics,open,562.0
2025-12-25,Thursday,,Cardiology,open,359.0
2025-05-27,Tuesday,,General Medicine,open,1855.0
2025-06-05,Thursday,,Pediatrics,open,1577.0
2025-06-03,Tuesday,,,open,238.0
2025-11-06,Thursday,,Dermatology,open,834.0
2025-07-11,Friday,,,open,304.0
2025-07-25,Friday,,General Medicine,open,1226.0
2025-08-23,Saturday,,Cardiology,open,750.0
2025-06-30,Monday,,Neurology,open,1939.0
2025-08-22,Friday,,Neurology,open,720.0
25 Sep 2025,Thursday,,Dermatology,open,18.0
2025-09-30,Tuesday,,  Cardiology  ,open,62.0
2025-04-19,Saturday,,,open,104.0
2025-12-14,Sunday,,Orthopedics,holiday,190.0
2025-07-09,Wednesday,,Neurology,open,447.0
2025-06-30,Monday,,Cardiology,open,1261.0
2026-01-20,Tuesday,,General Medicine,open,1489.0
2025-04-26,Saturday,,cardiology,open,31.0
2025-09-10,Wednesday,,Pediatrics,open,1320.0
2025-05-11,Sunday,,Cardiology,holiday,311.0
2025-10-25,Saturday,,Neurology,open,808.0
2025-11-19,Wednesday,,Neurology,open,770.0
2025-08-10,Sunday,,Neurology,holiday,283.0
2025-11-07,Friday,,Orthopedics,open,594.0
2026-02-28,Saturday,,Cardiology,open,784.0
2025-10-12,Sunday,,Neurology,holiday,233.0
2025-06-03,Tuesday,,PEDIATRICS,open,76.0
2025-11-07,Friday,,General Medicine,open,1331.0
2025-06-24,Tuesday,,dermatology,open,55.0
2025-06-21,Saturday,,Pediatrics,open,950.0
2026-01-27,Tuesday,,unknown,open,99.0
2025-05-20,Tuesday,,Dermatology,open,1173.0
2025-10-29,Wednesday,,Cardiology,open,628.0
2025-09-18,Thursday,,Cardiology,open,657.0
2025-12-31,Wednesday,,General Medicine,,1145.0
08/11/2025,Monday,,Neurology,open,55.0
13 Apr 2026,Monday,,Pediatrics,open,62.0
28-09-2025,Sunday,,Cardiology,holiday,15.0
2025-11-12,Wednesday,,Dermatology,open,877.0
2025-05-29,Thursday,,Pediatrics,open,1344.0
2025-06-29,Sunday,,GENERAL MEDICINE,holiday,11.0
2025-11-17,Monday,,General Medicine,open,1759.0
2026-01-06,Tuesday,,Cardiology,open,2012.0
2026-01-04,Sunday,,General Medicine,holiday,285.0
2025-11-06,Thursday,,Pediatrics,open,804.0
2025-06-03,Tuesday,,Pediatrics,open,1543.0
2026-01-14,Wednesday,,Neurology,open,637.0
09/25/2025,Thursday,,N/A,open,27.0
2026-03-15,Sunday,,cardiology,holiday,34.0
2025-05-07,Wednesday,,,open,182.0
2025-12-30,Tuesday,,,open,108.0
2025-12-20,Saturday,,General Medicine,open,1409.0
2026-03-19,Thursday,,Orthopedics,open,918.0
2026-04-19,Sunday,,unknown,holiday,7.0
12-09-2025,Friday,,Neurology,open,61.0
28 Dec 2025,Sunday,,General Medicine,holiday,7.0
2025-11-06,Thursday,,Orthopedics,open,840.0
2025-11-24,Monday,,General Medicine,open,2100.0
2025-10-01,Wednesday,,dermatology,open,77.0
2025-11-29,Saturday,,Pediatrics,open,1356.0
2025-08-28,Thursday,,Pediatrics,open,952.0
2025-05-01,Thursday,,,open,122.0
2026-02-10,Tuesday,,Cardiology,open,1399.0
2025-11-02,Sunday,,Orthopedics,holiday,159.0
2025-05-19,Monday,,Dermatology,open,1625.0
2026-01-09,Friday,,GENERAL MEDICINE,open,58.0
2025-09-11,Thursday,,Pediatrics,open,1900.0
17-07-2025,Thursday,,Orthopedics,open,60.0
2025-07-05,Saturday,,Cardiology,open,1194.0
2025-12-02,Tuesday,,General Medicine,open,1871.0
2025-06-04,Wednesday,,Neurology,open,685.0
2025-09-11,Thursday,,,open,157.0
06/09/2025,Monday,,Cardiology,open,76.0
2025-04-22,Tuesday,,Neurology,open,807.0
2026-01-23,Friday,,Orthopedics,open,853.0
2025-08-01,Friday,,Cardiology,open,867.0
2025-11-17,Monday,,,open,379.0
24 Jul 2025,Thursday,,Pediatrics,open,86.0
22 Feb 2026,Sunday,,Cardiology,holiday,15.0
2025-07-11,Friday,,Cardiology,open,948.0
2026-03-23,Monday,,General Medicine,open,2168.0
10/06/2025,Monday,,Pediatrics,open,122.0
2026-03-02,Monday,,Pediatrics,open,1408.0
02 May 2025,Friday,,General Medicine,open,125.0
2026-04-02,Thursday,,Orthopedics,open,693.0
2025-10-12,Sunday,,Orthopedics,holiday,244.0
08-05-2025,Thursday,,neurology,open,91.0
2025-12-03,Wednesday,,Neurology,open,746.0
2025-10-11,Saturday,,Dermatology,open,715.0
2025-05-27,Tuesday,,Orthopedics,open,1712.0
2025-11-14,Friday,,Dermatology,open,1225.0
2025-12-24,Wednesday,,Cardiology,open,864.0
2025-09-25,Thursday,,Cardiology,open,958.0
2026-03-12,Thursday,,Orthopedics,open,656.0
2025-07-21,Monday,,Orthopedics,open,1675.0
2026-04-12,Sunday,,Cardiology,holiday,236.0
2025-06-19,Thursday,,Orthopedics,open,798.0
26-12-2025,Friday,,Neurology,open,60.0
2025-07-24,Thursday,,General Medicine,open,847.0
2026-01-19,Monday,,Orthopedics,open,1469.0
07 Jan 2026,Wednesday,,Neurology,open,91.0
2025-09-23,Tuesday,,General Medicine,open,1968.0
12/30/2025,Tuesday,,Neurology,open,113.0
2026-01-20,Tuesday,,Neurology,open,1491.0
2026-01-04,Sunday,,Orthopedics,holiday,208.0
2026-04-07,Tuesday,,Pediatrics,open,1464.0
2025-04-22,Tuesday,,Dermatology,open,977.0
2025-09-08,Monday,,general medicine,open,66.0
2026-04-16,Thursday,,Neurology,open,671.0
2025-08-28,Thursday,,Orthopedics,open,673.0
2025-07-08,Tuesday,,Neurology,open,1072.0
2025-11-22,Saturday,,Cardiology,open,620.0
2025-11-09,Sunday,,Cardiology,holiday,313.0
2025-06-16,Monday,,Orthopedics,open,1562.0
2025-06-11,Wednesday,,Neurology,open,759.0
09/19/2025,Friday,,Orthopedics,open,20.0
2025-07-07,Monday,,Cardiology,open,1039.0
2025-11-21,Friday,,Neurology,open,1156.0
2025-05-21,Wednesday,,Orthopedics,open,577.0
2026-01-29,Thursday,,Orthopedics,open,763.0
2025-08-21,Thursday,,Dermatology,open,739.0
2026-01-29,Thursday,,Cardiology,open,624.0
2026-04-05,Sunday,,General Medicine,holiday,303.0
2025-04-30,Wednesday,,Cardiology,open,825.0
2026-04-14,Tuesday,,,open,333.0
2025-11-15,Saturday,,Dermatology,open,685.0
2026-01-09,Friday,,,open,75.0
04/28/2025,Monday,,Neurology,open,197.0
06/03/2025,Tuesday,,Cardiology,open,101.0
28-09-2025,Sunday,,Orthopedics,,23.0
2026-01-29,Thursday,,Pediatrics,open,915.0
2026-04-15,Wednesday,,Pediatrics,open,1727.0
2025-12-19,Friday,,orthopedics,open,46.0
04-11-2025,Tuesday,,Neurology,open,144.0
2025-08-16,Saturday,,Cardiology,open,606.0
21 Aug 2025,Thursday,,Orthopedics,open,102.0
2025-10-16,Thursday,,Cardiology,open,1262.0
2026-03-28,Saturday,,Dermatology,open,782.0
2025-06-03,Tuesday,,dermatology,open,42.0
2025-11-24,Monday,,Orthopedics,open,1405.0
2025-08-22,Friday,,Cardiology,open,691.0
2025-12-22,Monday,,Orthopedics,open,950.0
2025-12-15,Monday,,Dermatology,open,1311.0
2025-12-14,Sunday,,Neurology,holiday,268.0
2025-09-30,Tuesday,,Cardiology,open,1667.0
27-11-2025,Thursday,,  General Medicine  ,open,41.0
2025-06-01,Sunday,,Cardiology,holiday,345.0
2026-03-18,Wednesday,,Neurology,open,428.0
2026-02-22,Sunday,,neurology,holiday,18.0
2025-05-31,Saturday,,Dermatolgy,open,66.0
07-02-2026,Saturday,,Dermatology,open,19.0
2025-05-15,Thursday,,Dermatology,open,678.0
2025-05-16,Friday,,Pediatrics,open,1568.0
2025-10-12,Sunday,,Dermatology,holiday,131.0
2025-05-12,Monday,,General Medicine,open,1411.0
2025-08-18,Monday,,Orthopedics,open,1213.0
2025-08-26,Tuesday,,General Medicine,open,1819.0
03/10/2026,Tuesday,,Pediatrics,open,45.0
2026-03-07,Saturday,,Orthopedics,open,617.0
2026-01-22,Thursday,,Pediatrics,open,708.0
10-02-2026,Tuesday,,General Medicine,open,81.0
10 Aug 2025,Sunday,,General Medicine,holiday,11.0
2026-03-21,Saturday,,,open,170.0
2026-02-12,Thursday,,Orthopedics,open,569.0
2026-03-30,Monday,,Dermatology,open,632.0
2026-03-21,Saturday,,pediatrics,open,171.0
2025-11-12,Wednesday,,General Medicine,open,1790.0
2026-04-03,Friday,,NULL,open,63.0
2025-09-29,Monday,,Dermatology,open,1182.0
19-09-2025,Friday,,Cardiology,open,108.0
2026-02-27,Friday,,Paediatrics,open,53.0
2025-08-23,Saturday,,DERMATOLOGY,open,60.0
2025-12-15,Monday,,Cardiology,open,1474.0
2025-04-23,Wednesday,,unknown,open,44.0
23-05-2025,Friday,,Orthopedics,open,39.0
2026-01-26,Monday,,Orthopedics,open,1863.0
2025-10-17,Friday,,Orthopedics,open,592.0
2025-05-03,Saturday,,General Medicine,open,934.0
2025-04-19,Saturday,,Cardiology,open,689.0
2025-07-16,Wednesday,,Neurology,open,138.0
08-11-2025,Saturday,,General Medicine,open,125.0
17 Aug 2025,Sunday,,General Medicine,holiday,10.0
2025-06-12,Thursday,,DERMATOLOGY,open,80.0
07/30/2025,Wednesday,,Cardiology,open,16.0
2025-05-14,Wednesday,,Neurology,open,599.0
2025-08-29,Friday,,NULL,open,95.0
2026-04-12,Sunday,,Dermatology,holiday,212.0
2025-11-25,Tuesday,,General Medicine,open,1666.0
2025-08-04,Monday,,Cardiology,open,1228.0
2025-04-29,Tuesday,,Neurology,open,1093.0
2026-02-17,Tuesday,,Neurology,open,1803.0
15-10-2025,Wednesday,,Pediatrics,open,97.0
2026-01-18,Sunday,,orthopedics,holiday,11.0
04/21/2025,Monday,,Pediatrics,open,121.0
2026-02-22,Sunday,,Dermatology,holiday,270.0
2025-05-08,Thursday,,General Medicine,open,1157.0
2025-10-29,Wednesday,,Orthopedics,open,847.0
2025-11-10,Monday,,Neurology,open,1531.0
2025-12-21,Sunday,,N/A,holiday,20.0
02-04-2026,Thursday,,Pediatrics,open,
01 Nov 2025,Saturday,,General Medicine,open,66.0
29-04-2025,Tuesday,,General Medicine,open,66.0
2025-09-22,Monday,,Pediatrics,open,1972.0
2025-05-09,Friday,,General Medicine,open,1859.0
2026-01-10,Saturday,,General Medicine,open,1038.0
04/14/2026,Tuesday,,Dermatology,open,92.0
2026-01-10,Saturday,,Neurology,open,675.0
2025-05-02,Friday,,Pediatrics,open,1201.0
2025-07-17,Thursday,,NULL,open,22.0
2025-12-03,Wednesday,,PEDIATRICS,open,136.0
2025-10-10,Friday,,Dermatology,open,785.0
15 Jan 2026,Thursday,,Orthopedics,open,47.0
22 May 2025,Thursday,,Pediatrics,open,97.0
2025-10-28,Tuesday,,Neurology,open,1284.0
12-01-2026,Monday,,Cardiology,open,45.0
2025-12-19,Friday,,general medicine,open,123.0
2025-06-01,Sunday,,Neurology,holiday,267.0
2025-08-29,Friday,,Dermatology,open,872.0
10 Oct 2025,Friday,,Neurology,open,60.0
2025-05-05,Monday,,,open,126.0
2025-08-14,Thursday,,Orthopedics,open,780.0
2026-04-09,Thursday,,Pediatrics,open,1058.0
2025-11-21,Friday,,Orthopedics,open,863.0
2025-10-13,Monday,,Dermatology,open,812.0
2025-11-12,Wednesday,,Neurology,open,782.0
2025-08-14,Thursday,,Neurology,open,527.0
29 May 2025,Thursday,,General Medicine,open,49.0
2026-02-28,Saturday,,General Medicine,open,913.0
2025-06-05,Thursday,,Dermatology,open,911.0
2026-04-19,Sunday,,Orthopedics,holiday,285.0
2025-04-27,Sunday,,Neurology,holiday,259.0
2025-05-25,Sunday,,Cardiology,holiday,208.0
2026-02-01,Sunday,,Cardiology,holiday,126.0
2026-03-03,Tuesday,,Cardiology,open,1279.0
2025-06-10,Tuesday,,dermatology,open,58.0
2026-01-11,Sunday,,Pediatrics,holiday,236.0
27 Jan 2026,Tuesday,,Orthopedics,open,143.0
2026-03-24,Tuesday,,Neurology,,1176.0
2025-06-18,Wednesday,,unknown,open,
2026-01-19,Monday,,Dermatology,open,1014.0
2025-06-19,Thursday,,Neurology,open,522.0
2025-04-29,Tuesday,,General Medicine,open,1306.0
01 Apr 2026,Wednesday,,Dermatology,open,38.0
14 Aug 2025,Thursday,,Neurology,open,22.0
2025-07-04,Friday,,Dermatology,open,865.0
2026-02-21,Saturday,,Paediatrics,open,38.0
2025-06-05,Thursday,,General Medicine,open,874.0
15-12-2025,Monday,,neurology,open,66.0
2025-08-03,Sunday,,Neurology,holiday,158.0
2025-05-20,Tuesday,,unknown,open,139.0
06/26/2025,Thursday,,Cardiology,open,189.0
2026-03-17,Tuesday,,,open,216.0
2025-07-05,Saturday,,Orthopaedics,open,17.0
2026-04-10,Friday,,Neurology,open,892.0
2025-10-01,Wednesday,,Dermatology,open,1279.0
2025-11-15,Saturday,,Orthopedics,open,993.0
2026-01-01,Thursday,,Dermatology,open,829.0
2026-01-07,Wednesday,,Dermatology,open,714.0
2025-11-14,Friday,,Neurology,open,1024.0
2026-03-24,Tuesday,,Dermatology,open,1148.0
2026-02-16,Monday,,Orthopedics,open,1072.0
03-05-2025,Saturday,,Orthopedics,open,87.0
2026-02-07,Saturday,,Cardiology,open,715.0
04 Feb 2026,Wednesday,,Cardiology,open,52.0
2025-07-09,Wednesday,,Dermatology,open,740.0
2025-08-02,Saturday,,General Medicine,open,798.0
2025-10-17,Friday,,Dermatology,open,820.0
2025-05-28,Wednesday,,Cardiology,open,1029.0
2025-09-24,Wednesday,,,open,148.0
2026-04-13,Monday,,General Medicine,open,1446.0
2026-04-07,Tuesday,,Neurology,open,2352.0
2025-04-28,Monday,,General Medicine,open,1605.0
2025-12-31,Wednesday,,Cardiology,open,1006.0
2025-10-19,Sunday,,NEUROLOGY,holiday,17.0
2025-12-30,Tuesday,,Orthopedics,open,1282.0
02 Jan 2026,Friday,,General Medicine,open,58.0
2026-03-02,Monday,,Dermatology,open,1155.0
2025-04-20,Sunday,,Neurology,holiday,226.0
2025-07-18,Friday,,General Medicine,open,554.0
2025-10-02,Thursday,,Cardiology,,636.0
2025-07-31,Thursday,,Dermatology,open,784.0
2025-10-31,Friday,,Orthopedics,open,1083.0
2025-12-07,Sunday,,Pediatrics,holiday,291.0
2026-01-23,Friday,,Nuerology,open,77.0
10/16/2025,Thursday,,  Orthopedics  ,open,45.0
2025-11-02,Sunday,,Cardiology,holiday,208.0
2026-01-20,Tuesday,,Cardiology,,1387.0
2026-04-02,Thursday,,Dermatology,open,927.0
2025-07-28,Monday,,Cardiology,open,1457.0
2025-10-22,Wednesday,,Pediatrics,open,1108.0
2026-03-27,Friday,,Neurology,open,392.0
2025-09-30,Tuesday,,General Medicine,open,1598.0
2026-03-09,Monday,,Dermatology,open,1303.0
2025-09-12,Friday,,Dermatology,open,905.0
2025-10-20,Monday,,General Medicine,open,2076.0
2025-06-15,Sunday,,Cardiology,holiday,356.0
2025-09-20,Saturday,,Neurology,open,815.0
03-12-2025,Wednesday,,General Medicine,open,113.0
2025-05-16,Friday,,Dermatology,open,715.0
2025-10-05,Sunday,,Cardiology,holiday,211.0
2026-01-01,Thursday,,cardiology,open,78.0
04/12/2026,Sunday,,Neurology,holiday,10.0
2025-11-03,Monday,,General Medicine,open,1636.0
2026-03-05,Thursday,,Cardiology,,456.0
2025-09-30,Tuesday,,CARDIOLOGY,open,111.0
25-10-2025,Saturday,,Dermatology,open,38.0
2025-09-27,Saturday,,Dermatology,open,686.0
2025-08-28,Thursday,,General Medicine,open,911.0
2025-12-08,Monday,,General Medicine,open,1911.0
2025-09-17,Wednesday,,Neurology,open,874.0
2025-12-06,Saturday,,Pediatrics,open,1022.0
2025-11-17,Monday,,  General Medicine  ,open,156.0
2026-04-12,Sunday,,Pediatrics,holiday,286.0
2025-12-12,Friday,,NEUROLOGY,open,21.0
17 Feb 2026,Tuesday,,Dermatology,open,
2025-05-11,Sunday,,Orthopedics,holiday,256.0
2026-03-03,Tuesday,,General Medicine,open,1751.0
2025-08-26,Tuesday,,Pediatrics,open,2363.0
2025-08-02,Saturday,,Orthopedics,open,665.0
02/07/2026,Saturday,,Neurology,open,18.0
07-12-2025,Sunday,,Neurology,holiday,12.0
2025-09-11,Thursday,,Orthopedics,open,968.0
2025-12-10,Wednesday,,General Medicine,open,844.0
2025-10-06,Monday,,Orthopedics,open,907.0
2025-05-04,Sunday,,Dermatology,holiday,201.0
11 Oct 2025,Saturday,,Pediatrics,open,194.0
2025-05-09,Friday,,Pediatrics,open,1109.0
05 Nov 2025,Wednesday,,Pediatrics,open,241.0
2026-02-10,Tuesday,,NULL,open,175.0
2025-11-20,Thursday,,orthopedics,open,35.0
2025-06-18,Wednesday,,N/A,open,19.0
2026-02-24,Tuesday,,Cardiology,open,1148.0
2026-02-03,Tuesday,,Pediatrics,open,1557.0
2026-01-21,Wednesday,,General Medicine,open,1345.0
2025-06-13,Friday,,Cardiology,open,903.0
2026-04-01,Wednesday,,Neurology,open,908.0
2026-04-14,Tuesday,,Neurology,open,2045.0
2025-10-02,Thursday,,Neurology,open,927.0
2025-09-23,Tuesday,,Dermatology,open,1399.0
21 Jan 2026,Wednesday,,Orthopedics,open,87.0
2025-06-19,Thursday,,Cardiology,open,366.0
2025-12-29,Monday,,General Medicine,open,1349.0
2025-10-10,Friday,,Neurology,open,412.0
2026-01-01,Thursday,,General Medicine,open,1281.0
29-04-2025,Tuesday,,Neurology,open,65.0
2026-03-17,Tuesday,,Neurology,open,1106.0
2025-06-06,Friday,,General Medicine,open,816.0
05-03-2026,Thursday,,Neurology,open,43.0
2026-01-01,Thursday,,Neurology,open,493.0
02-12-2025,Tuesday,,General Medicine,open,73.0
2025-10-04,Saturday,,,open,254.0
2025-04-23,Wednesday,,CARDIOLOGY,open,25.0
10/30/2025,Thursday,,Cardiology,open,83.0
2026-03-20,Friday,,Cardiology,open,690.0
2025-11-28,Friday,,Orthopedics,open,846.0
2025-12-17,Wednesday,,General Medicine,open,1227.0
2026-04-03,Friday,,General Medicine,open,1764.0
28 Aug 2025,Thursday,,Dermatology,open,27.0
29 Dec 2025,Monday,,General Medicine,open,
2026-04-04,Saturday,,General Medicine,open,814.0
2026-02-01,Sunday,,Dermatology,holiday,219.0
2025-04-20,Sunday,,Cardiology,holiday,269.0
20 Aug 2025,Wednesday,,Pediatrics,open,51.0
2026-04-19,Sunday,,General Medicine,holiday,216.0
2025-05-18,Sunday,,Cardiology,holiday,336.0
2025-05-05,Monday,,General Medicine,open,1598.0
17-10-2025,Friday,,Pediatrics,open,146.0
2025-10-21,Tuesday,,unknown,open,140.0
2026-04-19,Sunday,,Neurology,holiday,200.0
2025-07-20,Sunday,,Orthopedics,,270.0
2025-11-15,Saturday,,General Medicine,open,990.0
2025-12-17,Wednesday,,Dermatology,open,554.0
2026-01-30,Friday,,  Cardiology  ,open,20.0
2026-02-06,Friday,,general medicine,open,116.0
11/20/2025,Thursday,,Neurology,open,113.0
2025-07-28,Monday,,General Medicine,open,1420.0
2025-05-31,Saturday,,Orthopedics,open,846.0
2025-11-27,Thursday,,Pediatrics,open,1834.0
2025-11-01,Saturday,,Neurology,open,1041.0
2026-01-25,Sunday,,Cardiology,holiday,146.0
2026-02-16,Monday,,Cardiology,open,1099.0
2025-09-29,Monday,,Neurology,open,1593.0
2025-12-21,Sunday,,Neurology,holiday,284.0
2026-03-16,Monday,,Neurology,open,1192.0
02/23/2026,Monday,,Dermatology,open,216.0
23 Jan 2026,Friday,,General Medicine,,124.0
2026-02-28,Saturday,,  Neurology  ,open,28.0
2025-10-16,Thursday,,General Medicine,open,1503.0
2025-12-05,Friday,,Orthopedics,open,907.0
2025-09-15,Monday,,Cardiology,open,1291.0
2026-04-13,Monday,,Dermatology,open,701.0
2025-12-09,Tuesday,,Dermatology,open,996.0
2025-06-26,Thursday,,General Medicine,open,991.0
2025-08-22,Friday,,Genral Medicine,open,69.0
02/19/2026,Thursday,,General Medicine,open,43.0
2025-07-06,Sunday,,,holiday,38.0
14-02-2026,Saturday,,Orthopedics,open,28.0
2025-10-23,Thursday,,Orthopedics,open,588.0
2025-05-28,Wednesday,,Neurology,open,597.0
2025-09-07,Sunday,,General Medicine,holiday,165.0
2026-02-11,Wednesday,,Neurology,open,720.0
2026-01-13,Tuesday,,Dermatology,open,1124.0
2026-01-19,Monday,,Neurology,open,948.0
2026-02-08,Sunday,,Orthopedics,holiday,242.0
2025-08-30,Saturday,,Dermatology,open,536.0
2026-03-20,Friday,,Pediatrics,open,1425.0
2025-12-16,Tuesday,,Cardiology,open,784.0
2025-06-20,Friday,,Cardiologyy,open,91.0
2025-07-07,Monday,,Orthopedics,open,600.0
2025-08-24,Sunday,,Pediatrics,holiday,153.0
23-02-2026,Monday,,Dermatology,open,185.0
2025-12-23,Tuesday,,Orthopaedics,open,60.0
01/14/2026,Wednesday,,Orthopedics,open,157.0
2025-08-31,Sunday,,Pediatrics,holiday,125.0
2025-10-27,Monday,,Dermatology,open,1131.0
2025-09-18,Thursday,,,open,435.0
02-08-2025,Saturday,,Dermatology,open,63.0
2025-05-01,Thursday,,general medicine,open,67.0
2025-11-23,Sunday,,  Pediatrics  ,holiday,11.0
27 Oct 2025,Monday,,Cardiology,open,47.0
24-06-2025,Tuesday,,General Medicine,open,218.0
2025-07-02,Wednesday,,General Medicine,open,818.0
2026-02-04,Wednesday,,dermatology,,86.0
2025-09-08,Monday,,Orthopedics,open,1456.0
08/28/2025,Thursday,,Orthopedics,open,19.0
2025-12-06,Saturday,,Orthopedics,open,860.0
2026-01-26,Monday,,orthopedics,open,59.0
21-06-2025,Saturday,,Neurology,open,83.0
15-07-2025,Tuesday,,Cardiology,open,138.0
2025-12-04,Thursday,,Pediatrics,open,898.0
2026-01-27,Tuesday,,Neurology,open,1110.0
2025-08-03,Sunday,,Pediatrics,holiday,148.0
2026-01-30,Friday,,Cardiology,open,1197.0
2025-09-11,Thursday,,CARDIOLOGY,open,48.0
2025-05-03,Saturday,,Cardiologyy,open,23.0
10 Mar 2026,Tuesday,,Cardiology,open,138.0
23 Mar 2026,Monday,,Neurology,open,167.0
09/17/2025,Wednesday,,Neurology,open,42.0
2026-04-02,Thursday,,Cardiology,open,835.0
2026-03-30,Monday,,general medicine,open,65.0
2025-10-07,Tuesday,,Orthopedics,open,1456.0
2025-06-16,Monday,,Pediatrics,open,1603.0
2026-01-17,Saturday,,Orthopedics,open,813.0
2025-05-13,Tuesday,,General Medicine,open,1533.0
2026-01-24,Saturday,,  Neurology  ,open,35.0
2025-12-19,Friday,,Cardiology,open,394.0
2025-08-22,Friday,,General Medicine,open,578.0
2026-03-18,Wednesday,,PEDIATRICS,open,134.0
2025-04-25,Friday,,dermatology,open,54.0
21 Jul 2025,Monday,,Pediatrics,open,92.0
2025-08-25,Monday,,Dermatology,open,1367.0
2025-09-28,Sunday,,Cardiology,holiday,205.0
2025-07-24,Thursday,,Cardiology,open,906.0
2025-11-11,Tuesday,,Dermatology,open,674.0
2026-02-17,Tuesday,,,open,281.0
2025-10-13,Monday,,Cardiology,open,839.0
2025-12-23,Tuesday,,Cardiology,open,1436.0
2025-07-09,Wednesday,,,open,156.0
2026-02-10,Tuesday,,unknown,open,
2025-06-12,Thursday,,general medicine,open,224.0
2026-02-21,Saturday,,Orthopaedics,open,85.0
2026-02-22,Sunday,,  Orthopedics  ,holiday,9.0
2026-04-11,Saturday,,Neurology,open,593.0
2025-08-25,Monday,,General Medicine,open,1560.0
2026-01-27,Tuesday,,neurology,open,133.0
2026-01-13,Tuesday,,Neurology,open,1727.0
2026-03-13,Friday,,Orthopedics,open,973.0
2026-04-08,Wednesday,,Pediatrics,open,923.0
2025-12-07,Sunday,,Cardiology,holiday,152.0
2025-04-22,Tuesday,,Orthopedics,open,1258.0
2026-02-23,Monday,,Cardiology,open,1568.0
22-04-2025,Tuesday,,Neurology,open,116.0
2025-09-01,Monday,,Neurology,open,1545.0
2025-07-10,Thursday,,Cardiology,open,816.0
2025-07-02,Wednesday,,  Pediatrics  ,,66.0
2025-04-30,Wednesday,,unknown,open,22.0
2025-06-05,Thursday,,N/A,open,171.0
2025-11-23,Sunday,,,holiday,39.0
2026-01-12,Monday,,Cardiology,open,1222.0
2026-03-25,Wednesday,,NULL,open,13.0
2026-02-22,Sunday,,Neurology,holiday,192.0
2026-02-09,Monday,,Dermatology,open,1583.0
2026-02-13,Friday,,Cardiology,open,909.0
15-02-2026,Sunday,,Cardiology,holiday,19.0
2025-06-21,Saturday,,Neurology,open,598.0
01/25/2026,Sunday,,Cardiology,holiday,33.0
09 Feb 2026,Monday,,Orthopedics,open,321.0
2025-09-26,Friday,,Pediatrics,open,1237.0
2025-12-13,Saturday,,General Medicine,open,1206.0
2026-01-31,Saturday,,Pediatrics,open,1377.0
20 Jan 2026,Tuesday,,Dermatology,open,50.0
2025-08-30,Saturday,,NULL,open,97.0
2025-07-03,Thursday,,Pediatrics,open,1208.0
2025-06-21,Saturday,,Dermatology,open,448.0
2025-10-12,Sunday,,,holiday,45.0
2025-05-21,Wednesday,,Pediatrics,open,944.0
2025-12-23,Tuesday,,General Medicine,open,1296.0
2025-08-02,Saturday,,Neurology,open,863.0
2025-07-20,Sunday,,N/A,holiday,
2026-02-16,Monday,,Dermatology,open,1480.0
2025-08-01,Friday,,Pediatrics,open,1133.0
2025-09-27,Saturday,,General Medicine,open,1322.0
2025-10-05,Sunday,,Orthopedics,holiday,246.0
2025-09-19,Friday,,Cardiology,open,1055.0
2025-05-05,Monday,,Dermatology,open,1425.0
2025-11-07,Friday,,Neurology,open,601.0
2025-12-22,Monday,,,open,435.0
2025-06-30,Monday,,Dermatology,open,1301.0
2025-12-05,Friday,,Pediatrics,open,1516.0
2025-06-03,Tuesday,,Cardiology,open,1545.0
2025-11-17,Monday,,Cardiology,open,690.0
2026-03-15,Sunday,,Neurology,holiday,324.0
09-02-2026,Monday,,General Medicine,open,227.0
2025-09-16,Tuesday,,General Medicine,,1740.0
2025-09-26,Friday,,Dermatology,open,720.0
2026-03-01,Sunday,,  Orthopedics  ,holiday,20.0
03/14/2026,Saturday,,DERMATOLOGY,open,24.0
2025-12-01,Monday,,Dermatology,open,943.0
2026-03-27,Friday,,General Medicine,open,931.0
04 Apr 2026,Saturday,,Pediatrics,open,153.0
22 Jun 2025,Sunday,,Orthopedics,holiday,5.0
2025-08-28,Thursday,,Cardiology,open,535.0
2026-03-17,Tuesday,,Dermatology,open,794.0
2025-07-19,Saturday,,Orthopedics,open,785.0
12-02-2026,Thursday,,Cardiology,open,35.0
2025-05-17,Saturday,,Cardiology,open,680.0
2025-11-08,Saturday,,Cardiology,open,900.0
2025-05-23,Friday,,unknown,open,75.0
2025-11-11,Tuesday,,Cardiology,open,927.0
2025-10-13,Monday,,  Dermatology  ,open,42.0
2026-02-17,Tuesday,,Orthopedics,open,1735.0
02/19/2026,Thursday,,Orthopedics,open,65.0
04/19/2026,Sunday,,Cardiology,holiday,5.0
2025-08-03,Sunday,,General Medicine,holiday,252.0
2025-09-03,Wednesday,,Cardiology,open,1345.0
2026-04-15,Wednesday,,Neurology,open,618.0
2026-02-04,Wednesday,,Cardiology,,737.0
2026-01-29,Thursday,,unknown,open,123.0
12 Apr 2026,Sunday,,Orthopedics,holiday,10.0
2026-02-20,Friday,,Cardiology,open,465.0
2025-09-07,Sunday,,Pediatrics,holiday,321.0
2025-05-19,Monday,,Paediatrics,open,99.0
20 Sep 2025,Saturday,,Dermatology,open,118.0
2025-07-22,Tuesday,,Dermatology,open,1266.0
2025-08-07,Thursday,,unknown,open,
27 Jun 2025,Friday,,Dermatology,open,52.0
2026-01-31,Saturday,,,open,151.0
2025-12-18,Thursday,,Cardiology,open,284.0
2026-03-14,Saturday,,Pediatrics,open,1477.0
2025-05-07,Wednesday,,NULL,open,81.0
2025-10-23,Thursday,,Cardiology,open,566.0
2026-04-10,Friday,,General Medicine,open,1012.0
2025-10-26,Sunday,,Orthopedics,holiday,267.0
2025-08-28,Thursday,,Paediatrics,open,65.0
2025-10-31,Friday,,,open,121.0
12 Dec 2025,Friday,,General Medicine,open,47.0
02-11-2025,Sunday,,Cardiology,holiday,11.0
2025-07-13,Sunday,,Cardiology,holiday,220.0
18 Feb 2026,Wednesday,,Cardiology,open,43.0
2025-07-08,Tuesday,,General Medicine,open,1650.0
2026-01-23,Friday,,General Medicine,open,1643.0
2026-01-19,Monday,,pediatrics,open,240.0
2025-07-25,Friday,,Orthopaedics,,59.0
2025-08-24,Sunday,,Cardiology,holiday,251.0
2025-05-07,Wednesday,,PEDIATRICS,open,97.0
2025-12-04,Thursday,,CARDIOLOGY,open,61.0
2026-03-07,Saturday,,Dermatology,open,633.0
2026-03-12,Thursday,,Cardiology,open,623.0
2025-10-11,Saturday,,Cardiology,open,931.0
2025-10-19,Sunday,,dermatology,holiday,6.0
2025-05-01,Thursday,,Dermatology,open,872.0
09 Jun 2025,Monday,,General Medicine,open,182.0
23 Jun 2025,Monday,,Dermatology,open,120.0
09/10/2025,Wednesday,,Neurology,open,54.0
2026-04-04,Saturday,,Dermatology,open,1015.0
2025-09-03,Wednesday,,Orthopedics,open,1053.0
2025-05-06,Tuesday,,Pediatrics,open,1921.0
2026-01-24,Saturday,,General Medicine,open,1478.0
2025-08-14,Thursday,,DERMATOLOGY,open,11.0
2025-09-30,Tuesday,,Dermatology,open,1958.0
2025-10-07,Tuesday,,Neurology,open,1520.0
2025-11-26,Wednesday,,Dermatology,open,759.0
25-01-2026,Sunday,,GENERAL MEDICINE,holiday,18.0
2026-01-31,Saturday,,Neurology,open,854.0
2025-11-03,Monday,,Orthopedics,open,1877.0
12 Aug 2025,Tuesday,,Neurology,open,94.0
2026-04-11,Saturday,,Orthopedics,open,991.0
2025-07-07,Monday,,Pediatrics,open,1923.0
2025-05-06,Tuesday,,Cardiology,open,718.0
2025-05-31,Saturday,,Dermatology,open,650.0
2025-05-20,Tuesday,,neurology,,67.0
2025-08-31,Sunday,,Cardiology,holiday,169.0
2026-02-25,Wednesday,,Cardiology,,662.0
2025-08-28,Thursday,,GENERAL MEDICINE,open,73.0
04/16/2026,Thursday,,Orthopedics,open,
2025-10-21,Tuesday,,Dermatology,open,929.0
14-09-2025,Sunday,,Cardiology,holiday,6.0
25 Jan 2026,Sunday,,Orthopedics,holiday,17.0
28 Nov 2025,Friday,,Pediatrics,open,65.0
2025-09-04,Thursday,,Dermatology,open,762.0
2026-01-25,Sunday,,Pediatrics,holiday,276.0
2025-07-27,Sunday,,Dermatology,holiday,230.0
09 Aug 2025,Saturday,,Orthopedics,open,38.0
2025-08-24,Sunday,,Dermatology,holiday,221.0
2025-05-09,Friday,,Neurology,open,940.0
06/28/2025,Saturday,,Pediatrics,open,98.0
2025-11-05,Wednesday,,Neurology,open,787.0
2025-05-09,Friday,,Dermatology,open,642.0
2025-09-02,Tuesday,,Orthopedics,open,1293.0
2025-10-17,Friday,,Cardiology,open,601.0
2025-11-15,Saturday,,Cardiologyy,open,64.0
2025-10-20,Monday,,Cardiology,open,2084.0
2026-04-08,Wednesday,,Neurology,open,690.0
2025-09-10,Wednesday,,Dermatology,open,783.0
2025-11-18,Tuesday,,Cardiology,open,1588.0
2026-03-14,Saturday,,N/A,open,19.0
23-01-2026,Friday,,Cardiology,open,20.0
2025-07-13,Sunday,,,,16.0
2025-06-18,Wednesday,,General Medicine,open,797.0
2025-12-12,Friday,,Pediatrics,open,1424.0
06/09/2025,Monday,,,open,202.0
2025-12-25,Thursday,,Dermatology,open,813.0
2025-06-25,Wednesday,,Neurology,open,783.0
2025-09-24,Wednesday,,Dermatology,open,606.0
01/07/2026,Wednesday,,Orthopedics,open,51.0
2025-10-21,Tuesday,,Pediatrics,open,1769.0
14-05-2025,Wednesday,,Orthopedics,open,38.0
2025-07-12,Saturday,,Orthopedics,open,880.0
2025-11-13,Thursday,,General Medicine,open,950.0
2026-04-10,Friday,,Orthopedics,open,1036.0
2025-10-10,Friday,,General Medicine,open,1290.0
2026-03-21,Saturday,,Dermatology,open,924.0
04-05-2025,Sunday,,Orthopedics,holiday,15.0
2025-09-18,Thursday,,Pediatrics,open,1445.0
2025-04-23,Wednesday,,  Dermatology  ,open,45.0
05-06-2025,Thursday,,,,82.0
2026-04-16,Thursday,,Pediatrics,open,988.0
15-11-2025,Saturday,,General Medicine,open,118.0
06-04-2026,Monday,,Cardiology,open,93.0
2025-08-28,Thursday,,Dermatology,open,798.0
2026-02-10,Tuesday,,Neurology,open,1940.0
2025-06-25,Wednesday,,dermatology,open,36.0
2026-02-02,Monday,,Neurology,open,1474.0
2025-05-08,Thursday,,unknown,open,117.0
2025-08-30,Saturday,,Orthopedics,open,817.0
2025-06-16,Monday,,Dermatology,open,1337.0
2025-08-02,Saturday,,Pediatrics,open,1026.0
2025-06-03,Tuesday,,Dermatology,open,1362.0
2026-03-07,Saturday,,Neurology,open,966.0
07-08-2025,Thursday,,General Medicine,open,1571.0
2025-07-22,Tuesday,,  Cardiology  ,open,35.0
21-06-2025,Saturday,,Pediatrics,open,42.0
2025-06-12,Thursday,,Dermatology,open,881.0
2025-06-16,Monday,,General Medicine,open,2243.0
2026-01-13,Tuesday,,General Medicine,open,2319.0
03/04/2026,Wednesday,,Dermatology,open,42.0
18-08-2025,Monday,,Pediatrics,open,111.0
2025-07-30,Wednesday,,Dermatology,open,1024.0
2026-01-21,Wednesday,,  Dermatology  ,open,32.0
2025-12-25,Thursday,,Pediatrics,open,1394.0
2026-02-01,Sunday,,General Medicine,holiday,341.0
31-03-2026,Tuesday,,Dermatology,open,93.0
2026-03-06,Friday,,DERMATOLOGY,open,69.0
2025-12-01,Monday,,CARDIOLOGY,open,54.0
2026-02-23,Monday,,Orthopedics,open,1070.0
2025-05-13,Tuesday,,Orthopedics,open,1051.0
2025-05-02,Friday,,Cardiology,open,803.0
2025-09-17,Wednesday,,Orthopedics,,724.0
25 Aug 2025,Monday,,Pediatrics,open,70.0
2025-12-27,Saturday,,Orthopedics,open,944.0
2025-06-24,Tuesday,,General Medicine,open,1900.0
2025-04-30,Wednesday,,Neurology,open,884.0
2025-06-02,Monday,,Pediatrics,open,1165.0
2026-02-04,Wednesday,,Pediatrics,open,1334.0
2025-11-20,Thursday,,dermatology,,
30 Sep 2025,Tuesday,,Dermatology,,180.0
2025-12-20,Saturday,,Dermatology,open,912.0
2025-12-12,Friday,,Orthopedics,open,536.0
2026-01-28,Wednesday,,Orthopedics,open,1078.0
2025-10-11,Saturday,,General Medicine,,779.0
2025-05-10,Saturday,,General Medicine,open,686.0
2026-02-03,Tuesday,,  Cardiology  ,open,
2025-06-24,Tuesday,,Orthopedics,open,1344.0
2026-01-11,Sunday,,Orthopedics,holiday,175.0
2026-04-07,Tuesday,,N/A,open,173.0
2025-05-15,Thursday,,ORTHOPEDICS,open,32.0
2026-03-28,Saturday,,PEDIATRICS,open,44.0
2025-10-02,Thursday,,,open,360.0
15 Oct 2025,Wednesday,,Cardiology,open,43.0
2026-01-14,Wednesday,,Genral Medicine,open,
2026-01-14,Wednesday,,,open,142.0
2025-09-05,Friday,,Pediatrics,open,942.0
2025-12-25,Thursday,,General Medicine,open,1036.0
2026-04-18,Saturday,,Dermatology,open,600.0
2025-12-12,Friday,,Neurology,open,944.0
2025-04-29,Tuesday,,Dermatology,open,1086.0
12 Jan 2026,Monday,,Orthopedics,open,53.0
2026-01-08,Thursday,,,open,270.0
2025-07-08,Tuesday,,Cardiology,open,1597.0
2026-01-24,Saturday,,Orthopedics,open,1084.0
2025-08-15,Friday,,Dermatology,open,355.0
2025-07-22,Tuesday,,Orthopedics,open,1122.0
2026-04-06,Monday,,Pediatrics,open,1741.0
2025-07-15,Tuesday,,Pediatrics,open,2810.0
2026-03-27,Friday,,Orthopedics,open,681.0
2025-11-04,Tuesday,,Neurology,open,1499.0
2025-06-04,Wednesday,,NEUROLOGY,open,69.0
2025-12-08,Monday,,Cardiologyy,open,103.0
04 Jan 2026,Sunday,,General Medicine,holiday,32.0
02/01/2026,Sunday,,Pediatrics,holiday,10.0
2025-11-07,Friday,,Pediatrics,open,676.0
2026-02-12,Thursday,,orthopedics,open,67.0
2025-08-26,Tuesday,,Cardiology,open,1712.0
2025-12-16,Tuesday,,,open,45.0
2026-03-24,Tuesday,,Orthopedics,open,799.0
2025-08-18,Monday,,Dermatology,open,1767.0
2026-01-19,Monday,,  Cardiology  ,open,137.0
2025-07-20,Sunday,,,holiday,84.0
2025-06-28,Saturday,,Dermatology,open,849.0
02 Aug 2025,Saturday,,Pediatrics,open,58.0
2026-02-23,Monday,,Dermatology,open,1949.0
20 Jul 2025,Sunday,,,holiday,14.0
28 Feb 2026,Saturday,,,open,23.0
04/09/2026,Thursday,,General Medicine,open,64.0
2025-08-31,Sunday,,PEDIATRICS,holiday,7.0
2026-03-29,Sunday,,Orthopedics,holiday,240.0
2025-09-05,Friday,,General Medicine,open,946.0
2026-02-23,Monday,,,open,393.0
2026-03-25,Wednesday,,Neurology,open,869.0
2026-02-11,Wednesday,,General Medicine,open,918.0
2025-11-24,Monday,,Dermatology,open,1014.0
2025-05-25,Sunday,,  Orthopedics  ,holiday,6.0
14 Jun 2025,Saturday,,Cardiology,open,26.0
2025-09-19,Friday,,General Medicine,open,1466.0
2025-11-16,Sunday,,Cardiology,holiday,146.0
2025-12-04,Thursday,,General Medicine,open,1103.0
2025-09-06,Saturday,,Dermatology,open,795.0
2026-01-26,Monday,,Pediatrics,open,1303.0
2025-12-06,Saturday,,Neurology,open,363.0
2025-12-26,Friday,,Neurology,open,640.0
2025-06-01,Sunday,,Orthopedics,holiday,145.0
2025-07-05,Saturday,,Neurology,open,1188.0
2026-01-02,Friday,,General Medicine,open,1001.0
2025-12-18,Thursday,,NEUROLOGY,open,77.0
2025-12-13,Saturday,,Cardiology,open,1039.0
2025-09-01,Monday,,GENERAL MEDICINE,open,131.0
2025-04-27,Sunday,,Pediatrics,holiday,189.0
2025-11-19,Wednesday,,PEDIATRICS,open,
2025-12-29,Monday,,dermatology,open,43.0
2025-11-01,Saturday,,Cardiology,open,617.0
2025-10-08,Wednesday,,Pediatrics,open,838.0
2026-01-16,Friday,,Pediatrics,open,792.0
2025-10-23,Thursday,,Pediatrics,open,982.0
2025-12-02,Tuesday,,Neurology,open,919.0
2025-11-28,Friday,,unknown,open,79.0
2025-05-26,Monday,,Cardiology,open,1468.0
2025-09-11,Thursday,,PEDIATRICS,open,116.0
2025-04-26,Saturday,,GENERAL MEDICINE,open,31.0
2025-10-14,Tuesday,,Neurology,open,1711.0
2025-08-04,Monday,,,open,268.0
2026-02-13,Friday,,,open,237.0
2025-08-12,Tuesday,,General Medicine,open,1600.0
02/14/2026,Saturday,,Cardiology,open,31.0
2025-08-06,Wednesday,,Cardiology,open,806.0
2025-04-24,Thursday,,General Medicine,open,1265.0
2025-10-29,Wednesday,,Dermatology,open,883.0
2025-08-13,Wednesday,,unknown,open,99.0
2025-11-01,Saturday,,Pediatrics,open,898.0
2025-05-11,Sunday,,Dermatolgy,holiday,8.0
2025-06-26,Thursday,,  Orthopedics  ,open,17.0
2025-11-02,Sunday,,Neurology,holiday,307.0
07-11-2025,Friday,,Orthopedics,open,75.0
2026-03-04,Wednesday,,Pediatrics,open,1188.0
2025-06-25,Wednesday,,Dermatology,open,932.0
2025-11-26,Wednesday,,  Dermatology  ,open,13.0
2026-01-20,Tuesday,,Orthopedics,open,1315.0
2025-11-27,Thursday,,Cardiology,open,825.0
2025-04-23,Wednesday,,Pediatrics,open,1201.0
2025-10-15,Wednesday,,Neurology,open,313.0
2025-11-30,Sunday,,Pediatrics,holiday,172.0
2025-10-28,Tuesday,,Orthopedics,open,1621.0
2026-02-18,Wednesday,,Pediatrics,open,598.0
2026-03-26,Thursday,,,open,215.0
2025-07-02,Wednesday,,Pediatrics,open,1423.0
2025-09-19,Friday,,Pediatrics,open,934.0
2026-01-02,Friday,,Neurology,open,679.0
27-02-2026,Friday,,Cardiology,open,84.0
2025-10-29,Wednesday,,,open,228.0
10/28/2025,Tuesday,,Dermatology,open,64.0
2025-06-22,Sunday,,NULL,holiday,33.0
2025-11-25,Tuesday,,Dermatology,open,1187.0
24-03-2026,Tuesday,,Pediatrics,open,
2025-05-27,Tuesday,,Cardiology,open,1892.0
04/02/2026,Thursday,,Paediatrics,open,40.0
2025-05-25,Sunday,,General Medicine,holiday,285.0
2025-09-29,Monday,,Cardiology,open,1270.0
2025-10-23,Thursday,,DERMATOLOGY,open,39.0
2026-02-14,Saturday,,General Medicine,open,1053.0
2026-02-21,Saturday,,Genral Medicine,open,29.0
2025-05-06,Tuesday,,Dermatology,open,1401.0
09/18/2025,Thursday,,NEUROLOGY,open,67.0
2025-05-15,Thursday,,Orthopedics,open,910.0
2026-03-14,Saturday,,General Medicine,open,657.0
2026-01-20,Tuesday,,Pediatrics,open,1633.0
22-02-2026,Sunday,,Pediatrics,holiday,9.0
2026-03-13,Friday,,Neurology,open,1067.0
2025-05-07,Wednesday,,Dermatology,open,600.0
2025-12-26,Friday,,Pediatrics,open,1027.0
2025-08-17,Sunday,,Neurology,holiday,146.0
27-05-2025,Tuesday,,Dermatology,open,145.0
2025-05-14,Wednesday,,Pediatrics,open,1106.0
2025-05-01,Thursday,,NULL,open,86.0
2025-06-19,Thursday,,general medicine,open,61.0
2026-02-25,Wednesday,,Dermatology,open,824.0
2026-02-28,Saturday,,unknown,open,115.0
2026-04-12,Sunday,,Neurology,holiday,199.0
2025-10-14,Tuesday,,Dermatology,open,1046.0
2025-12-07,Sunday,,General Medicine,holiday,279.0
2025-12-06,Saturday,,NULL,open,20.0
2025-05-11,Sunday,,Dermatology,holiday,130.0
2025-07-21,Monday,,  General Medicine  ,open,98.0
2026-03-09,Monday,,Cardiology,open,1360.0
2025-11-13,Thursday,,Dermatology,open,446.0
28 Jan 2026,Wednesday,,Cardiology,open,17.0
04/08/2026,Wednesday,,General Medicine,open,44.0
15-06-2025,Sunday,,Pediatrics,holiday,10.0
2025-12-29,Monday,,NULL,open,143.0
09/21/2025,Sunday,,Neurology,holiday,7.0
2025-05-25,Sunday,,  Dermatology  ,holiday,7.0
2025-07-17,Thursday,,  Pediatrics  ,open,90.0
2025-05-11,Sunday,,Pediatrics,holiday,253.0
2025-12-19,Friday,,  Orthopedics  ,open,28.0
06/23/2025,Monday,,Orthopedics,open,125.0
2026-01-24,Saturday,,neurology,,76.0
2026-03-25,Wednesday,,Cardiology,open,523.0
2025-11-08,Saturday,,Pediatrics,open,980.0
2026-02-15,Sunday,,Cardiology,holiday,242.0
2026-02-13,Friday,,Pediatrics,open,828.0
2025-11-15,Saturday,,Neurology,open,538.0
2025-10-03,Friday,,NULL,open,67.0
2025-11-05,Wednesday,,Orthopedics,open,1050.0
2025-06-20,Friday,,General Medicine,open,1090.0
2025-08-07,Thursday,,Pediatrics,open,667.0
2026-04-03,Friday,,Cardiology,open,937.0
2025-11-06,Thursday,,Neurology,open,842.0
06-02-2026,Friday,,Pediatrics,open,39.0
2025-08-14,Thursday,,General Medicine,open,707.0
05/03/2025,Saturday,,Orthopedics,open,101.0
2026-01-03,Saturday,,Neurology,open,849.0
2025-11-09,Sunday,,NULL,,17.0
06 Dec 2025,Saturday,,Orthopedics,open,117.0
28-02-2026,Saturday,,General Medicine,open,55.0
2025-08-09,Saturday,,General Medicine,open,1162.0
2025-09-22,Monday,,cardiology,open,71.0
10/19/2025,Sunday,,Cardiology,holiday,34.0
2026-03-22,Sunday,,Pediatrics,holiday,132.0
2025-12-19,Friday,,Pediatrics,open,1397.0
05/14/2025,Wednesday,,CARDIOLOGY,open,26.0
2025-09-18,Thursday,,Neurology,open,571.0
28 Jul 2025,Monday,,  General Medicine  ,open,72.0
2025-11-03,Monday,,Dermatology,open,1710.0
2025-09-30,Tuesday,,,open,372.0
10/25/2025,Saturday,,  Orthopedics  ,open,31.0
2025-07-17,Thursday,,Orthopedics,open,853.0
2025-06-17,Tuesday,,Dermatology,open,876.0
2026-02-13,Friday,,N/A,open,35.0
2025-09-02,Tuesday,,General Medicine,open,1397.0
2025-06-16,Monday,,Neurology,open,1306.0
2025-04-19,Saturday,,Dermatology,open,734.0
30 Oct 2025,Thursday,,Pediatrics,open,60.0
2025-09-10,Wednesday,,  General Medicine  ,open,39.0
2026-02-04,Wednesday,,,open,182.0
2025-08-22,Friday,,Dermatology,open,720.0
2025-05-06,Tuesday,,Orthopedics,open,805.0
05/30/2025,Friday,,Orthopedics,open,75.0
2025-10-10,Friday,,DERMATOLOGY,open,18.0
23-07-2025,Wednesday,,Pediatrics,open,64.0
2025-10-27,Monday,,General Medicine,open,1265.0
2025-09-13,Saturday,,,open,38.0
2025-09-02,Tuesday,,Cardiology,open,1549.0
2025-12-27,Saturday,,,open,132.0
2025-07-27,Sunday,,General Medicine,holiday,190.0
12 Feb 2026,Thursday,,Pediatrics,open,108.0
17-03-2026,Tuesday,,Neurology,open,49.0
09/27/2025,Saturday,,Neurology,open,15.0
2025-07-08,Tuesday,,DERMATOLOGY,open,198.0
2025-04-25,Friday,,Neurology,open,420.0
2025-08-07,Thursday,,Cardiology,open,752.0
2026-03-07,Saturday,,ORTHOPEDICS,open,100.0
2025-10-18,Saturday,,Dermatology,open,742.0
01/18/2026,Sunday,,General Medicine,holiday,17.0
2025-11-18,Tuesday,,Neurology,open,1453.0
2025-07-10,Thursday,,Orthopedics,open,562.0
08/09/2025,Saturday,,Orthopedics,open,112.0
07 Apr 2026,Tuesday,,Pediatrics,open,98.0
2025-08-15,Friday,,Cardiology,open,854.0
2025-10-18,Saturday,,Neurology,open,474.0
2026-03-06,Friday,,Pediatrics,open,649.0
2026-03-13,Friday,,Dermatology,open,537.0
2026-01-28,Wednesday,,Neurology,open,962.0
05 Apr 2026,Sunday,,General Medicine,holiday,25.0
2026-02-02,Monday,,Pediatrics,open,1464.0
2025-11-18,Tuesday,,General Medicine,open,964.0
2026-02-28,Saturday,,,open,73.0
2025-08-03,Sunday,,PEDIATRICS,holiday,8.0
2025-11-20,Thursday,,Neurology,open,712.0
04-04-2026,Saturday,,  Pediatrics  ,open,62.0
04 Nov 2025,Tuesday,,Cardiology,open,58.0
08/17/2025,Sunday,,N/A,holiday,10.0
2025-06-18,Wednesday,,Neurology,open,605.0
2025-08-07,Thursday,,Neurology,open,483.0
19-01-2026,Monday,,Dermatology,open,252.0
2026-01-16,Friday,,  Cardiology  ,open,71.0
2025-05-05,Monday,,  Pediatrics  ,open,87.0
2025-10-19,Sunday,,Cardiology,holiday,227.0
30-05-2025,Friday,,Neurology,open,123.0
2025-05-03,Saturday,,Neurology,open,948.0
2025-12-03,Wednesday,,,open,141.0
2026-01-21,Wednesday,,PEDIATRICS,open,49.0
2026-04-16,Thursday,,Orthopedics,open,485.0
2026-03-05,Thursday,,Neurology,open,750.0
2025-08-30,Saturday,,dermatology,open,30.0
07/16/2025,Wednesday,,Pediatrics,open,117.0
2025-06-02,Monday,,Dermatology,open,1304.0
2026-01-21,Wednesday,,Neurology,open,682.0
2025-08-08,Friday,,Pediatrics,open,1082.0
2025-07-04,Friday,,,open,162.0
2025-06-11,Wednesday,,Orthopedics,open,1023.0
2025-06-17,Tuesday,,unknown,open,73.0
2026-04-03,Friday,,Orthopedics,open,803.0
2025-04-25,Friday,,Dermatology,open,525.0
2026-02-26,Thursday,,Pediatrics,open,1059.0
08/01/2025,Friday,,Dermatology,open,12.0
2025-10-18,Saturday,,NEUROLOGY,open,49.0
11/15/2025,Saturday,,Neurology,open,70.0
11/10/2025,Monday,,Pediatrics,open,460.0
2025-10-26,Sunday,,  Dermatology  ,holiday,10.0
06-09-2025,Saturday,,Dermatology,open,81.0
2025-09-10,Wednesday,,Orthopedics,open,837.0
2025-09-20,Saturday,,  General Medicine  ,open,39.0
2025-08-18,Monday,,neurology,open,51.0
19-05-2025,Monday,,Cardiology,,297.0
2026-03-31,Tuesday,,Neurology,open,1617.0
07/01/2025,Tuesday,,Cardiology,open,128.0
2025-12-02,Tuesday,,Dermatology,open,1306.0
2026-02-22,Sunday,,ORTHOPEDICS,holiday,21.0
2025-05-10,Saturday,,Neurology,open,565.0
08/27/2025,Wednesday,,cardiology,open,83.0
2025-11-25,Tuesday,,Neurology,open,1290.0
2026-02-10,Tuesday,,General Medicine,open,2316.0
2026-03-15,Sunday,,neurology,holiday,18.0
13-02-2026,Friday,,Orthopedics,open,27.0
2026-03-17,Tuesday,,ORTHOPEDICS,open,215.0
2026-01-11,Sunday,,pediatrics,holiday,17.0
10/02/2025,Thursday,,Orthopedics,open,72.0
2026-02-09,Monday,,Orthopedics,open,462.0
2025-10-03,Friday,,Orthopedics,open,771.0
2026-04-05,Sunday,,Orthopedics,holiday,293.0
2025-08-13,Wednesday,,Cardiology,open,639.0
2025-07-30,Wednesday,,General Medicine,open,1095.0
2025-08-03,Sunday,,Cardiology,holiday,125.0
2025-05-12,Monday,,orthopedics,,154.0
2025-04-21,Monday,,Pediatrics,open,1731.0
2026-04-08,Wednesday,,Orthopedics,open,903.0
2025-11-21,Friday,,Pediatrics,open,1435.0
01-09-2025,Monday,,Pediatrics,open,204.0
2026-01-08,Thursday,,Dermatolgy,open,32.0
2025-04-19,Saturday,,Pediatrics,open,861.0
2025-12-27,Saturday,,Pediatrics,open,1043.0
2025-05-22,Thursday,,Orthopedics,open,805.0
2025-11-04,Tuesday,,Cardiology,open,984.0
2025-04-19,Saturday,,Neurology,open,618.0
2026-03-28,Saturday,,Pediatrics,open,915.0
2026-04-18,Saturday,,General Medicine,open,1296.0
2025-10-04,Saturday,,General Medicine,open,578.0
2025-05-08,Thursday,,  Pediatrics  ,open,90.0
2026-04-04,Saturday,,Pediatrics,open,889.0
2025-05-31,Saturday,,General Medicine,open,883.0
02 Jan 2026,Friday,,Cardiology,open,87.0
2025-10-20,Monday,,Orthopedics,open,1135.0
2025-06-25,Wednesday,,Pediatrics,open,1405.0
2025-12-20,Saturday,,Orthopedics,open,662.0
2026-02-14,Saturday,,dermatology,open,60.0
2026-01-31,Saturday,,Dermatology,open,767.0
2026-03-03,Tuesday,,Dermatology,open,1358.0
15-10-2025,Wednesday,,,open,71.0
2025-11-11,Tuesday,,neurology,open,117.0
05/14/2025,Wednesday,,Neurology,open,120.0
30 Jan 2026,Friday,,  Pediatrics  ,open,61.0
2025-05-02,Friday,,NULL,open,42.0
2025-04-28,Monday,,  Cardiology  ,open,83.0
2026-03-10,Tuesday,,General Medicine,open,1895.0
12 May 2025,Monday,,Neurology,open,240.0
2026-03-07,Saturday,,NULL,open,75.0
2025-07-04,Friday,,unknown,open,87.0
2025-10-27,Monday,,Cardiology,open,1590.0
2025-07-25,Friday,,Cardiologyy,open,49.0
02/06/2026,Friday,,Dermatology,open,82.0
2025-09-21,Sunday,,Neurology,holiday,195.0
2025-08-01,Friday,,neurology,open,25.0
01-08-2025,Friday,,General Medicine,open,85.0
2025-04-25,Friday,,  Orthopedics  ,open,17.0
2025-04-20,Sunday,,Pediatrics,holiday,188.0
23-08-2025,Saturday,,General Medicine,open,36.0
2026-01-15,Thursday,,Cardiology,open,392.0
2026-03-07,Saturday,,Pediatrics,open,1177.0
2025-09-29,Monday,,GENERAL MEDICINE,open,65.0
2025-10-10,Friday,,Orthopedics,open,547.0
2025-11-23,Sunday,,PEDIATRICS,holiday,9.0
2026-03-15,Sunday,,  Cardiology  ,holiday,8.0
2025-10-20,Monday,,Neurology,open,1800.0
2026-04-11,Saturday,,Cardiology,open,921.0
2025-07-23,Wednesday,,unknown,open,85.0
2025-07-11,Friday,,Neurology,open,728.0
2025-12-22,Monday,,  Cardiology  ,open,139.0
2025-12-19,Friday,,pediatrics,open,99.0
2025-09-10,Wednesday,,,,110.0
2025-04-20,Sunday,,Dermatology,holiday,243.0
2025-11-16,Sunday,,General Medicine,holiday,333.0
07 Jun 2025,Saturday,,Neurology,open,63.0
2025-06-24,Tuesday,,,open,333.0
04/13/2026,Monday,,Neurology,open,159.0
2025-07-26,Saturday,,Dermatology,open,644.0
2025-12-06,Saturday,,Cardiology,open,1163.0
2025-08-20,Wednesday,,Cardiology,open,814.0
2026-02-26,Thursday,,Orthopedics,open,751.0
2026-02-06,Friday,,Cardiology,open,778.0
07/23/2025,Wednesday,,,open,31.0
15 Jun 2025,Sunday,,unknown,holiday,18.0
2025-10-18,Saturday,,NULL,open,119.0
09/14/2025,Sunday,,Cardiology,holiday,8.0
2025-04-29,Tuesday,,Pediatrics,open,1345.0
2025-09-13,Saturday,,Dermatology,open,591.0
2025-09-16,Tuesday,,NULL,open,
12/15/2025,Monday,,Dermatology,open,139.0
2026-01-05,Monday,,ORTHOPEDICS,open,74.0
2025-10-09,Thursday,,Cardiology,open,690.0
2025-12-18,Thursday,,Orthopedics,open,813.0
28-11-2025,Friday,,Orthopedics,open,140.0
2026-02-20,Friday,,  Dermatology  ,open,25.0
2026-04-09,Thursday,,Dermatology,open,956.0
07 Aug 2025,Thursday,,Pediatrics,open,79.0
2026-04-05,Sunday,,CARDIOLOGY,holiday,18.0
2025-07-13,Sunday,,Orthopedics,holiday,246.0
2025-08-08,Friday,,Cardiology,open,737.0
2026-01-24,Saturday,,Pediatrics,open,978.0
08/18/2025,Monday,,Pediatrics,open,57.0
2025-09-15,Monday,,Dermatology,open,1120.0
2025-12-01,Monday,,dermatology,open,87.0
2026-02-24,Tuesday,,Neurology,open,1443.0
2025-10-06,Monday,,Cardiology,,937.0
02/23/2026,Monday,,General Medicine,open,214.0
06-04-2026,Monday,,Orthopedics,open,97.0
2025-06-07,Saturday,,CARDIOLOGY,open,91.0
2025-08-11,Monday,,Orthopedics,open,1169.0
2026-04-11,Saturday,,General Medicine,open,1183.0
2025-12-17,Wednesday,,Cardiology,open,585.0
2025-09-08,Monday,,Pediatrics,open,1254.0
2025-12-28,Sunday,,General Medicine,holiday,88.0
17-04-2026,Friday,,Orthopedics,open,46.0
2026-04-07,Tuesday,,General Medicine,open,2264.0
06/06/2025,Friday,,Pediatrics,open,163.0
19-02-2026,Thursday,,Pediatrics,open,58.0
2026-03-12,Thursday,,unknown,open,53.0
2025-10-28,Tuesday,,Cardiology,,819.0
2025-07-15,Tuesday,,Cardiology,open,1147.0
2025-11-29,Saturday,,Neurology,open,1127.0
2025-12-29,Monday,,GENERAL MEDICINE,open,104.0
2025-07-28,Monday,,Orthopedics,open,1874.0
2025-05-04,Sunday,,General Medicine,holiday,245.0
2025-06-10,Tuesday,,orthopedics,open,50.0
2026-04-05,Sunday,,Pediatrics,holiday,191.0
18 Feb 2026,Wednesday,,Neurology,open,14.0
05-12-2025,Friday,,Cardiology,open,17.0
2026-03-07,Saturday,,cardiology,open,48.0
2025-08-23,Saturday,,  Dermatology  ,open,39.0
2025-12-08,Monday,,Neurology,open,910.0
2025-05-23,Friday,,Genral Medicine,open,42.0
2026-01-14,Wednesday,,Cardiology,open,1017.0
2025-07-12,Saturday,,Neurology,open,907.0
2025-05-15,Thursday,,Cardiology,open,468.0
18-06-2025,Wednesday,,Pediatrics,open,158.0
2025-06-10,Tuesday,,NULL,open,130.0
2025-12-19,Friday,,Neurology,open,654.0
2025-11-13,Thursday,,N/A,open,152.0
2025-10-08,Wednesday,,  Dermatology  ,open,52.0
2025-10-30,Thursday,,Neurology,open,781.0
2026-03-12,Thursday,,Neurology,open,665.0
2026-04-11,Saturday,,Dermatology,open,652.0
2025-04-20,Sunday,,neurology,holiday,6.0
2025-11-21,Friday,,General Medicine,open,1001.0
01/20/2026,Tuesday,,Orthopedics,,101.0
2025-09-14,Sunday,,Neurology,holiday,230.0
2025-10-01,Wednesday,,Orthopedics,open,580.0
2025-06-15,Sunday,,General Medicine,holiday,209.0
12/10/2025,Wednesday,,General Medicine,open,43.0
2025-05-06,Tuesday,,Neurology,open,1228.0
2026-04-17,Friday,,General Medicine,open,1920.0
08 Sep 2025,Monday,,Orthopedics,open,59.0
20-06-2025,Friday,,Pediatrics,open,108.0
17-05-2025,Saturday,,Orthopedics,open,21.0
2025-10-04,Saturday,,Orthopedics,open,936.0
05 Nov 2025,Wednesday,,Orthopedics,open,85.0
2026-02-20,Friday,,General Medicine,open,1200.0
2026-04-04,Saturday,,CARDIOLOGY,open,50.0
12-02-2026,Thursday,,General Medicine,open,45.0
2025-10-14,Tuesday,,,open,79.0
2025-05-16,Friday,,Orthopedics,open,886.0
2026-04-03,Friday,,unknown,,72.0
2026-03-13,Friday,,General Medicine,open,1199.0
2025-10-08,Wednesday,,PEDIATRICS,open,58.0
11-03-2026,Wednesday,,Dermatology,open,118.0
01/13/2026,Tuesday,,Orthopedics,open,45.0
2026-01-28,Wednesday,,General Medicine,open,830.0
2025-10-15,Wednesday,,  Pediatrics  ,open,95.0
2025-12-22,Monday,,Neurology,open,1152.0
2025-05-29,Thursday,,General Medicine,open,870.0
18-07-2025,Friday,,Cardiology,open,75.0
2025-09-22,Monday,,Orthopaedics,open,185.0
2025-05-20,Tuesday,,Orthopedics,open,1577.0
2025-10-05,Sunday,,neurology,holiday,22.0
2026-02-09,Monday,,cardiology,open,49.0
2025-06-13,Friday,,General Medicine,open,773.0
05 May 2025,Monday,,Pediatrics,open,193.0
07/23/2025,Wednesday,,Neurology,open,91.0
22-09-2025,Monday,,Cardiology,open,72.0
05/24/2025,Saturday,,Cardiology,open,34.0
2025-05-12,Monday,,Neurology,open,1325.0
2025-08-05,Tuesday,,Neurology,open,1236.0
2025-09-14,Sunday,,Cardiology,holiday,215.0
2025-08-06,Wednesday,,Orthopedics,open,876.0
2025-11-03,Monday,,,open,239.0
27-11-2025,Thursday,,Dermatology,open,43.0
19-09-2025,Friday,,Orthopedics,open,60.0
16-02-2026,Monday,,N/A,open,42.0
2025-05-18,Sunday,,Dermatology,holiday,213.0
2025-07-29,Tuesday,,  Dermatology  ,open,181.0
05/28/2025,Wednesday,,Orthopedics,open,
2025-05-21,Wednesday,,Neurology,open,887.0
2026-02-18,Wednesday,,ORTHOPEDICS,open,37.0
2025-09-11,Thursday,,  Cardiology  ,open,31.0
2026-04-07,Tuesday,,Orthopedics,open,814.0
2025-12-08,Monday,,Dermatology,open,1537.0
2026-01-07,Wednesday,,Pediatrics,open,1010.0
18-08-2025,Monday,,Dermatology,open,111.0
2025-10-04,Saturday,,Cardiology,open,810.0
2025-12-26,Friday,,General Medicine,open,495.0
2025-07-17,Thursday,,Dermatology,open,488.0
2025-05-20,Tuesday,,  General Medicine  ,open,138.0
30-09-2025,Tuesday,,Pediatrics,open,126.0
24-12-2025,Wednesday,,Pediatrics,open,91.0
2026-04-14,Tuesday,,Orthopedics,open,1026.0
2025-07-14,Monday,,General Medicine,open,907.0
2025-09-03,Wednesday,,Dermatology,open,771.0
2026-02-14,Saturday,,Neurology,open,540.0
2025-11-07,Friday,,Cardiology,open,488.0
2025-09-21,Sunday,,,holiday,72.0
2025-07-26,Saturday,,General Medicine,open,1254.0
2025-04-21,Monday,,Dermatology,open,1170.0
29 Aug 2025,Friday,,General Medicine,open,68.0
2025-05-23,Friday,,Orthopedics,open,605.0
2025-05-21,Wednesday,,  Orthopedics  ,open,11.0
2025-10-23,Thursday,,Neurology,open,611.0
06/14/2025,Saturday,,Dermatology,open,204.0
01/26/2026,Monday,,Cardiology,open,137.0
08/24/2025,Sunday,,pediatrics,holiday,19.0
2025-12-18,Thursday,,General Medicine,open,1200.0
2026-04-16,Thursday,,General Medicine,open,1193.0
2025-07-10,Thursday,,Pediatrics,open,858.0
2025-04-26,Saturday,,,open,208.0
11/11/2025,Tuesday,,Dermatology,open,93.0
18 Jun 2025,Wednesday,,Neurology,open,26.0
2025-09-11,Thursday,,unknown,open,110.0
15-09-2025,Monday,,Dermatology,open,123.0
2026-03-20,Friday,,General Medicine,open,882.0
11-08-2025,Monday,,General Medicine,open,171.0
17-11-2025,Monday,,Neurology,open,67.0
12/25/2025,Thursday,,Dermatology,open,48.0
2025-06-20,Friday,,Orthopedics,open,606.0
2025-11-03,Monday,,N/A,open,
2025-11-26,Wednesday,,Pediatrics,open,1331.0
03-03-2026,Tuesday,,Pediatrics,open,72.0
2025-08-10,Sunday,,Pediatrics,holiday,132.0
03-06-2025,Tuesday,,Dermatology,open,75.0
2025-04-28,Monday,,Dermatology,open,857.0
09/05/2025,Friday,,Orthopedics,open,14.0
2025-08-04,Monday,,Dermatology,open,1077.0
2026-02-20,Friday,,Neurology,open,618.0
2025-11-15,Saturday,,Pediatrics,open,838.0
2025-07-06,Sunday,,  Neurology  ,holiday,19.0
15-04-2026,Wednesday,,Cardiology,open,14.0
2025-10-06,Monday,,PEDIATRICS,,74.0
2025-08-21,Thursday,,Cardiology,open,857.0
2026-01-17,Saturday,,cardiology,open,64.0
2025-05-23,Friday,,Dermatology,,361.0
06/28/2025,Saturday,,Orthopedics,open,11.0
2026-01-17,Saturday,,Neurology,open,752.0
04-04-2026,Saturday,,Orthopedics,open,50.0
12 Aug 2025,Tuesday,,General Medicine,open,151.0
09/24/2025,Wednesday,,Dermatology,open,81.0
12/11/2025,Thursday,,General Medicine,open,81.0
2025-09-10,Wednesday,,neurology,open,15.0
2025-09-22,Monday,,  Neurology  ,open,58.0
2025-09-16,Tuesday,,dermatology,open,87.0
2026-03-13,Friday,,unknown,open,30.0
2026-02-23,Monday,,ORTHOPEDICS,open,85.0
2026-02-27,Friday,,Cardiology,open,858.0
08/26/2025,Tuesday,,Cardiology,open,169.0
12-08-2025,Tuesday,,General Medicine,open,190.0
2025-09-02,Tuesday,,Dermatology,,1546.0
20-09-2025,Saturday,,Cardiology,open,20.0
06/09/2025,Monday,,General Medicine,open,87.0
12/11/2025,Thursday,,Orthopedics,open,54.0
13-03-2026,Friday,,Orthopedics,open,133.0
2025-11-26,Wednesday,,Orthopedics,open,827.0
2025-10-17,Friday,,General Medicine,open,1033.0
2026-01-28,Wednesday,,Orthopaedics,open,10.0
2026-04-11,Saturday,,Genral Medicine,open,102.0
2026-04-15,Wednesday,,Cardiology,open,806.0
2025-08-30,Saturday,,Neurology,open,565.0
02-03-2026,Monday,,NEUROLOGY,open,111.0
2025-12-29,Monday,,pediatrics,open,200.0
2025-11-11,Tuesday,,Neurology,open,709.0
2026-04-03,Friday,,Dermatolgy,open,50.0
06 Oct 2025,Monday,,General Medicine,open,237.0
2025-12-24,Wednesday,,Pediatrics,open,1133.0
2025-04-25,Friday,,Cardiology,open,525.0
2025-11-08,Saturday,,General Medicine,open,1345.0
2025-10-18,Saturday,,Pediatrics,open,1163.0
03/08/2026,Sunday,,Neurology,holiday,14.0
07 Mar 2026,Saturday,,Orthopedics,open,82.0
2025-06-19,Thursday,,Genral Medicine,open,106.0
2026-02-27,Friday,,Dermatology,open,868.0
2026-03-22,Sunday,,Dermatology,holiday,196.0
01 Oct 2025,Wednesday,,Dermatology,open,108.0
12/21/2025,Sunday,,NEUROLOGY,holiday,14.0
2025-07-27,Sunday,,Neurology,,356.0
2025-12-31,Wednesday,,Dermatology,open,864.0
2025-08-15,Friday,,orthopedics,open,73.0
23 Aug 2025,Saturday,,Cardiology,open,13.0
2025-10-03,Friday,,PEDIATRICS,open,114.0
2026-03-22,Sunday,,Orthopedics,holiday,196.0
23 Feb 2026,Monday,,Pediatrics,open,120.0
2025-11-04,Tuesday,,  General Medicine  ,open,191.0
01/09/2026,Friday,,Pediatrics,open,107.0
2025-11-09,Sunday,,,holiday,14.0
2025-10-16,Thursday,,Neurology,open,732.0
2025-10-31,Friday,,  Orthopedics  ,open,22.0
09/24/2025,Wednesday,,Pediatrics,open,39.0
05 May 2025,Monday,,General Medicine,open,220.0
2025-07-04,Friday,,Cardiology,open,387.0
09-04-2026,Thursday,,Cardiology,open,39.0
2025-11-25,Tuesday,,Cardiologyy,open,66.0
2025-09-05,Friday,,Orthopedics,open,997.0
2026-01-11,Sunday,,general medicine,holiday,16.0
04/14/2026,Tuesday,,Cardiology,open,
2025-05-16,Friday,,PEDIATRICS,open,63.0
2025-08-20,Wednesday,,Dermatology,open,487.0
2025-08-12,Tuesday,,  Cardiology  ,open,69.0
2026-01-10,Saturday,,Orthopedics,open,608.0
2026-02-26,Thursday,,General Medicine,open,844.0
2025-08-12,Tuesday,,,open,368.0
2025-08-11,Monday,,Dermatology,open,1543.0
2025-08-30,Saturday,,unknown,open,78.0
2025-06-15,Sunday,,,holiday,34.0
2025-05-08,Thursday,,orthopedics,open,40.0
03-09-2025,Wednesday,,General Medicine,open,47.0
07/27/2025,Sunday,,Dermatology,holiday,23.0
2026-04-08,Wednesday,,Cardiology,open,624.0
2025-06-30,Monday,,GENERAL MEDICINE,open,121.0
2026-03-21,Saturday,,PEDIATRICS,open,43.0
2025-08-29,Friday,,Cardiology,open,738.0
2025-05-08,Thursday,,NULL,open,75.0
06/02/2025,Monday,,General Medicine,open,92.0
2025-08-16,Saturday,,dermatology,open,62.0
2025-09-06,Saturday,,Cardiology,open,469.0
27-02-2026,Friday,,Orthopedics,open,126.0
2026-01-05,Monday,,orthopedics,open,151.0
2025-09-13,Saturday,,Orthopaedics,open,86.0
2025-08-01,Friday,,Dermatology,open,797.0
21 Jul 2025,Monday,,Cardiology,open,266.0
2026-01-14,Wednesday,,unknown,open,167.0
2025-06-22,Sunday,,Dermatology,holiday,232.0
04 Apr 2026,Saturday,,Dermatology,open,82.0
2026-01-31,Saturday,,Cardiology,open,445.0
2025-06-24,Tuesday,,Neurology,open,1372.0
2025-08-01,Friday,,General Medicine,open,460.0
2026-03-11,Wednesday,,Cardiology,open,546.0
2025-08-25,Monday,,N/A,,281.0
2025-05-27,Tuesday,,Dermatology,open,1092.0
2025-06-20,Friday,,Dermatology,open,1538.0
2025-06-18,Wednesday,,orthopedics,,50.0
2026-04-03,Friday,,Neurology,open,1129.0
2026-03-15,Sunday,,Dermatology,holiday,268.0
2025-06-12,Thursday,,ORTHOPEDICS,open,49.0
08/25/2025,Monday,,Cardiology,open,91.0
2025-10-28,Tuesday,,pediatrics,open,466.0
2026-01-06,Tuesday,,Neurology,open,1165.0
2026-02-12,Thursday,,Pediatrics,open,1018.0
2025-12-10,Wednesday,,pediatrics,open,96.0
2026-03-05,Thursday,,Orthopedics,open,835.0
13-03-2026,Friday,,pediatrics,open,33.0
2025-07-24,Thursday,,Neurology,open,779.0
26-06-2025,Thursday,,Cardiology,open,171.0
2025-04-24,Thursday,,Pediatrics,open,1075.0
2026-01-02,Friday,,Cardiology,open,817.0
2025-06-01,Sunday,,NEUROLOGY,holiday,12.0
09 Jul 2025,Wednesday,,  General Medicine  ,open,33.0
2026-02-04,Wednesday,,Neurology,open,768.0
2025-11-25,Tuesday,,,open,231.0
11/02/2025,Sunday,,Orthopedics,holiday,18.0
10/25/2025,Saturday,,Pediatrics,open,117.0
2026-01-12,Monday,,General Medicine,open,1881.0
09/10/2025,Wednesday,,Dermatology,open,72.0
11-07-2025,Friday,,Pediatrics,open,66.0
15-04-2026,Wednesday,,Pediatrics,open,64.0
2025-05-13,Tuesday,,,open,217.0
2025-07-13,Sunday,,neurology,holiday,15.0
18-07-2025,Friday,,Orthopedics,open,90.0
2025-10-04,Saturday,,Cardiologyy,open,18.0
20-03-2026,Friday,,General Medicine,open,
2026-04-10,Friday,,Dermatology,open,574.0
2025-11-04,Tuesday,,Orthopedics,open,1081.0
16 May 2025,Friday,,unknown,open,
2025-07-13,Sunday,,Dermatology,holiday,288.0
2025-12-31,Wednesday,,unknown,open,17.0
2025-05-31,Saturday,,pediatrics,open,47.0
09-09-2025,Tuesday,,Neurology,open,146.0
2025-09-02,Tuesday,,NULL,open,50.0
2025-06-25,Wednesday,,general medicine,open,95.0
04 Jul 2025,Friday,,Pediatrics,open,40.0
28 Mar 2026,Saturday,,General Medicine,open,29.0
2025-10-10,Friday,,unknown,open,90.0
07/28/2025,Monday,,Neurology,open,178.0
2026-01-18,Sunday,,Cardiology,holiday,280.0
2025-11-24,Monday,,GENERAL MEDICINE,open,143.0
2025-08-10,Sunday,,DERMATOLOGY,holiday,16.0
2025-04-19,Saturday,,neurology,open,17.0
2025-07-10,Thursday,,PEDIATRICS,open,63.0
2025-07-13,Sunday,,  General Medicine  ,holiday,29.0
2025-10-02,Thursday,,Pediatrics,open,1219.0
2026-04-04,Saturday,,Paediatrics,open,52.0
2025-09-18,Thursday,,unknown,open,30.0
22-08-2025,Friday,,Cardiology,open,30.0
2025-07-16,Wednesday,,Orthopedics,open,747.0
2025-09-28,Sunday,,neurology,holiday,6.0
2025-06-14,Saturday,,Orthopedics,open,785.0
10-07-2025,Thursday,,Cardiology,open,126.0
2026-02-22,Sunday,,Pediatrics,holiday,176.0
11-07-2025,Friday,,Neurology,open,73.0
08/06/2025,Wednesday,,General Medicine,open,255.0
2026-03-27,Friday,,Cardiology,open,1027.0
18-03-2026,Wednesday,,Pediatrics,open,52.0
2026-03-19,Thursday,,,open,172.0
05/17/2025,Saturday,,General Medicine,open,62.0
03/25/2026,Wednesday,,,open,56.0
02/02/2026,Monday,,Dermatology,,152.0
2025-08-25,Monday,,Pediatrics,open,1226.0
2026-02-23,Monday,,Neurology,open,1439.0
24-10-2025,Friday,,Cardiologyy,open,74.0
07-09-2025,Sunday,,Dermatology,holiday,6.0
2026-01-17,Saturday,,Dermatology,,552.0
2025-10-01,Wednesday,,Orthopaedics,open,17.0
2025-06-03,Tuesday,,General Medicine,open,2258.0
2025-07-18,Friday,,Orthopedics,open,750.0
09 May 2025,Friday,,Cardiology,open,27.0
2025-04-30,Wednesday,,General Medicine,open,1296.0
17-02-2026,Tuesday,,General Medicine,open,91.0
20-11-2025,Thursday,,Orthopedics,open,78.0
18 Feb 2026,Wednesday,,General Medicine,open,104.0
2026-01-29,Thursday,,NULL,open,217.0
11-04-2026,Saturday,,Dermatology,open,23.0
2026-03-14,Saturday,,Cardiology,,687.0
2025-07-30,Wednesday,,Neurology,open,751.0
2025-11-22,Saturday,,Cardiologyy,open,21.0
2025-08-20,Wednesday,,Neurology,open,522.0
25-05-2025,Sunday,,Pediatrics,holiday,
19-08-2025,Tuesday,,Orthopedics,open,202.0
2026-01-27,Tuesday,,  General Medicine  ,open,85.0
08-01-2026,Thursday,,N/A,open,69.0
06/15/2025,Sunday,,Cardiology,holiday,19.0
2025-09-28,Sunday,,Dermatology,holiday,152.0
2025-09-01,Monday,,Orthopedics,open,1118.0
2026-03-05,Thursday,,Pediatrics,open,656.0
2025-07-02,Wednesday,,Cardiology,open,746.0
2025-04-23,Wednesday,,General Medicine,open,901.0
2025-12-12,Friday,,unknown,open,21.0
2025-05-10,Saturday,,NULL,open,27.0
2025-04-20,Sunday,,N/A,holiday,31.0
2025-06-07,Saturday,,Orthopedics,open,587.0
2025-07-19,Saturday,,Neurology,open,567.0
2026-01-27,Tuesday,,Pediatrics,open,1492.0
2025-07-20,Sunday,,Dermatology,holiday,114.0
2025-08-11,Monday,,General Medicine,open,1308.0
2026-02-01,Sunday,,Orthopedics,holiday,245.0
31-01-2026,Saturday,,General Medicine,open,125.0
2025-05-06,Tuesday,,,open,51.0
2025-07-19,Saturday,,ORTHOPEDICS,open,12.0
2025-11-02,Sunday,,Pediatrics,holiday,168.0
31 May 2025,Saturday,,Orthopedics,open,81.0
07-02-2026,Saturday,,Paediatrics,open,99.0
12-04-2026,Sunday,,Orthopedics,holiday,11.0
2025-09-12,Friday,,Pediatrics,open,748.0
2025-05-29,Thursday,,,open,99.0
2025-06-19,Thursday,,NULL,open,68.0
2025-10-11,Saturday,,Orthopaedics,open,29.0
2025-09-25,Thursday,,Orthopedics,open,579.0
2025-09-01,Monday,,Cardiology,open,1222.0
2025-11-23,Sunday,,Nuerology,holiday,20.0
2026-04-08,Wednesday,,,open,200.0
08-11-2025,Saturday,,Dermatology,open,77.0
13 Mar 2026,Friday,,  Pediatrics  ,open,57.0
2025-06-20,Friday,,,open,90.0
29 Oct 2025,Wednesday,,Cardiology,open,89.0
18 Apr 2026,Saturday,,Cardiology,open,75.0
06/09/2025,Monday,,Dermatology,open,49.0
2026-01-16,Friday,,,open,275.0
2025-10-10,Friday,,NEUROLOGY,open,42.0
27-08-2025,Wednesday,,Pediatrics,open,79.0
16-08-2025,Saturday,,Dermatology,open,120.0
26 May 2025,Monday,,Dermatology,open,119.0
06-02-2026,Friday,,General Medicine,open,34.0
04/18/2026,Saturday,,Dermatology,open,34.0
2026-01-30,Friday,,N/A,open,32.0
22-05-2025,Thursday,,Pediatrics,open,68.0
2025-07-03,Thursday,,N/A,open,48.0
2026-03-14,Saturday,,  Pediatrics  ,open,46.0
2026-01-13,Tuesday,,Orthopedics,open,1733.0
2025-11-25,Tuesday,,Pediatrics,open,2045.0
2025-12-26,Friday,,Dermatology,open,657.0
20 Oct 2025,Monday,,General Medicine,open,79.0
2025-09-23,Tuesday,,,open,94.0
12/30/2025,Tuesday,,Pediatrics,open,
2025-06-03,Tuesday,,unknown,open,128.0
2025-09-16,Tuesday,,  General Medicine  ,open,111.0
2025-10-31,Friday,,Cardiology,open,874.0
2026-03-26,Thursday,,Pediatrics,open,1139.0
31 Mar 2026,Tuesday,,Orthopedics,open,118.0
2025-05-12,Monday,,Dermatology,open,909.0
2025-09-28,Sunday,,Pediatrics,holiday,207.0
2026-04-18,Saturday,,Orthopedics,open,828.0
17-07-2025,Thursday,,Pediatrics,open,96.0
2025-04-28,Monday,,,open,134.0
2025-06-26,Thursday,,Cardiology,open,1152.0
2026-04-05,Sunday,,orthopedics,holiday,38.0
07/06/2025,Sunday,,Pediatrics,holiday,14.0
2025-09-15,Monday,,Orthopedics,open,1249.0
2026-03-18,Wednesday,,pediatrics,open,161.0
17-04-2026,Friday,,Cardiology,open,81.0
2025-10-28,Tuesday,,General Medicine,open,1502.0
2025-07-08,Tuesday,,general medicine,open,128.0
2025-12-13,Saturday,,pediatrics,open,54.0
20-07-2025,Sunday,,Neurology,holiday,9.0
20-03-2026,Friday,,Neurology,open,83.0
2025-05-17,Saturday,,General Medicine,open,758.0
2025-09-09,Tuesday,,General Medicine,open,1611.0
2026-02-27,Friday,,Neurology,open,852.0
2025-05-27,Tuesday,,  Dermatology  ,open,
2025-10-05,Sunday,,pediatrics,holiday,14.0
2026-02-28,Saturday,,neurology,open,95.0
2026-02-07,Saturday,,Neurology,open,1089.0
2025-07-30,Wednesday,,Pediatrics,open,1241.0
2026-03-22,Sunday,,GENERAL MEDICINE,holiday,
12/17/2025,Wednesday,,Orthopedics,open,68.0
2025-11-13,Thursday,,PEDIATRICS,open,43.0
2025-07-28,Monday,,Dermatology,open,1004.0
2025-06-09,Monday,,  General Medicine  ,open,64.0
2025-08-10,Sunday,,Orthopedics,holiday,212.0
14-07-2025,Monday,,Neurology,open,135.0
2026-02-16,Monday,,Pediatrics,open,1829.0
25 Aug 2025,Monday,,Cardiology,open,124.0
2025-10-16,Thursday,,Dermatology,open,605.0
2025-11-28,Friday,,Genral Medicine,open,124.0
2025-06-22,Sunday,,Neurology,holiday,161.0
2026-02-10,Tuesday,,Dermatology,open,1963.0
2025-11-25,Tuesday,,Cardiology,open,1438.0
01/19/2026,Monday,,Dermatology,open,45.0
2026-01-02,Friday,,Orthopedics,open,550.0
2025-11-16,Sunday,,Pediatrics,holiday,241.0
2025-09-05,Friday,,Cardiology,open,1076.0
17 Sep 2025,Wednesday,,Cardiology,,65.0
2025-09-06,Saturday,,unknown,open,129.0
13-02-2026,Friday,,Neurology,open,152.0
2026-03-27,Friday,,N/A,open,32.0
22 Jul 2025,Tuesday,,Pediatrics,open,59.0
2026-01-11,Sunday,,ORTHOPEDICS,holiday,19.0
2026-02-08,Sunday,,N/A,holiday,20.0
11/26/2025,Wednesday,,Dermatology,open,33.0
2025-12-30,Tuesday,,unknown,open,81.0
2025-04-23,Wednesday,,DERMATOLOGY,open,26.0
2025-11-28,Friday,,Neurology,open,1033.0
2025-06-23,Monday,,Dermatolgy,open,46.0
2026-03-11,Wednesday,,,open,132.0
30 Mar 2026,Monday,,Pediatrics,open,84.0
11-08-2025,Monday,,Neurology,open,146.0
2026-04-12,Sunday,,Orthopedics,holiday,217.0
2025-05-12,Monday,,Dermatolgy,open,128.0
08/06/2025,Wednesday,,Neurology,open,63.0
2025-11-27,Thursday,,General Medicine,open,1049.0
2025-06-12,Thursday,,  Orthopedics  ,open,22.0
2025-04-25,Friday,,ORTHOPEDICS,open,
2025-12-12,Friday,,Genral Medicine,open,41.0
2025-04-30,Wednesday,,Paediatrics,open,37.0
27 Jun 2025,Friday,,Neurology,open,38.0
2026-02-19,Thursday,,Neurology,open,641.0
2026-04-14,Tuesday,,Cardiology,open,1244.0
04/07/2026,Tuesday,,,open,89.0
2025-11-02,Sunday,,neurology,holiday,5.0
2025-04-21,Monday,,Cardiology,open,1101.0
2025-04-24,Thursday,,Orthopedics,open,617.0
2025-09-10,Wednesday,,Genral Medicine,open,27.0
2026-02-06,Friday,,Dermatology,open,715.0
2026-01-13,Tuesday,,DERMATOLOGY,open,53.0
2025-12-28,Sunday,,Orthopaedics,holiday,13.0
2026-02-24,Tuesday,,,open,486.0
2025-04-22,Tuesday,,Pediatrics,open,1879.0
2025-10-15,Wednesday,,Cardiology,open,630.0
2025-07-06,Sunday,,ORTHOPEDICS,,19.0
2025-09-14,Sunday,,Paediatrics,holiday,17.0
2025-05-13,Tuesday,,Dermatology,open,941.0
2025-06-29,Sunday,,General Medicine,holiday,271.0
2025-08-22,Friday,,pediatrics,open,37.0
2025-04-20,Sunday,,NEUROLOGY,holiday,11.0
2026-03-06,Friday,,Dermatology,open,927.0
2025-09-02,Tuesday,,  General Medicine  ,open,62.0
2025-11-13,Thursday,,Neurology,open,958.0
2026-03-30,Monday,,  Dermatology  ,open,102.0
2026-01-12,Monday,,Orthopedics,open,935.0
22-11-2025,Saturday,,Neurology,open,42.0
2025-09-04,Thursday,,  Cardiology  ,open,51.0
09-08-2025,Saturday,,Orthopedics,open,11.0
10-02-2026,Tuesday,,Pediatrics,open,68.0
2025-11-01,Saturday,,cardiology,open,
2025-09-26,Friday,,PEDIATRICS,open,202.0
28 Apr 2025,Monday,,Orthopedics,open,151.0
29 Sep 2025,Monday,,Dermatology,open,63.0
07/08/2025,Tuesday,,Cardiology,open,144.0
2025-12-03,Wednesday,,Dermatology,open,719.0
03/30/2026,Monday,,Dermatology,open,45.0
10/23/2025,Thursday,,GENERAL MEDICINE,open,39.0
28 Oct 2025,Tuesday,,Neurology,open,67.0
23-08-2025,Saturday,,Neurology,open,98.0
2025-04-28,Monday,,unknown,open,221.0
18 Jan 2026,Sunday,,Pediatrics,holiday,12.0
01 Jun 2025,Sunday,,Cardiology,holiday,6.0
07 May 2025,Wednesday,,Orthopedics,open,92.0
2025-07-07,Monday,,NULL,open,69.0
2026-01-09,Friday,,PEDIATRICS,open,114.0
2026-04-03,Friday,,Genral Medicine,open,63.0
2025-04-22,Tuesday,,General Medicine,open,2018.0
2025-07-25,Friday,,cardiology,open,18.0
13 Nov 2025,Thursday,,Orthopedics,open,47.0
24-05-2025,Saturday,,Pediatrics,open,32.0
2025-10-14,Tuesday,,Orthopedics,open,1378.0
2025-10-22,Wednesday,,Dermatolgy,open,43.0
09/28/2025,Sunday,,Neurology,holiday,7.0
09/26/2025,Friday,,Cardiology,open,12.0
06-01-2026,Tuesday,,Orthopedics,open,184.0
2025-10-24,Friday,,Pediatrics,open,934.0
2026-03-20,Friday,,,open,93.0
08/02/2025,Saturday,,Pediatrics,open,
2026-01-27,Tuesday,,pediatrics,open,95.0
31-03-2026,Tuesday,,General Medicine,open,87.0
2025-08-18,Monday,,,open,137.0
14 Aug 2025,Thursday,,Dermatology,open,131.0
10 Mar 2026,Tuesday,,Dermatology,open,112.0
2025-05-07,Wednesday,,neurology,open,139.0
2025-11-12,Wednesday,,Pediatrics,open,1015.0
26 Jul 2025,Saturday,,ORTHOPEDICS,open,11.0
13 Jan 2026,Tuesday,,Orthopedics,open,42.0
08 Jul 2025,Tuesday,,Neurology,open,110.0
2025-08-16,Saturday,,  Dermatology  ,open,98.0
2025-09-04,Thursday,,PEDIATRICS,open,80.0
2025-10-09,Thursday,,Pediatrics,open,1092.0
03 Oct 2025,Friday,,Dermatology,open,62.0
2025-10-13,Monday,,Cardiologyy,open,65.0
27 Mar 2026,Friday,,Pediatrics,open,106.0
2025-12-03,Wednesday,,General Medicine,open,1185.0
2025-07-19,Saturday,,Cardiology,open,679.0
2025-10-31,Friday,,N/A,open,85.0
2025-08-27,Wednesday,,Cardiology,open,577.0
2025-07-01,Tuesday,,CARDIOLOGY,open,84.0
16-12-2025,Tuesday,,Dermatology,open,206.0
06-10-2025,Monday,,Orthopedics,open,115.0
06/25/2025,Wednesday,,Neurology,open,48.0
2025-12-05,Friday,,Cardiologyy,open,42.0
2025-09-26,Friday,,  Orthopedics  ,open,99.0
21-08-2025,Thursday,,Orthopedics,open,16.0
23-09-2025,Tuesday,,Dermatology,open,172.0
2025-09-04,Thursday,,Pediatrics,open,1231.0
2025-11-13,Thursday,,Cardiology,open,530.0
2026-02-28,Saturday,,Orthopedics,open,439.0
2025-07-01,Tuesday,,,open,188.0
2025-08-05,Tuesday,,Cardiology,open,689.0
2025-07-17,Thursday,,General Medicine,open,1641.0
2025-05-16,Friday,,,open,160.0
2025-08-30,Saturday,,Pediatrics,open,1119.0
2026-02-05,Thursday,,orthopedics,open,21.0
2026-01-14,Wednesday,,Pediatrics,open,1098.0
2026-03-17,Tuesday,,Pediatrics,,1054.0
05/22/2025,Thursday,,Dermatology,open,25.0
12/08/2025,Monday,,General Medicine,open,152.0
02-05-2025,Friday,,Dermatology,open,
2025-06-13,Friday,,Neurology,open,432.0
2026-02-12,Thursday,,pediatrics,open,59.0
2025-10-05,Sunday,,Neurology,holiday,2630.0
05 Jun 2025,Thursday,,Orthopedics,,72.0
11 Jul 2025,Friday,,Neurology,open,69.0
2026-04-10,Friday,,unknown,open,110.0
2025-06-11,Wednesday,,DERMATOLOGY,open,75.0
27 Dec 2025,Saturday,,Pediatrics,open,38.0
2026-03-18,Wednesday,,Dermatolgy,open,28.0
2026-03-09,Monday,,pediatrics,open,114.0
2025-08-27,Wednesday,,Orthopedics,open,631.0
2026-04-05,Sunday,,Dermatology,holiday,293.0
02-06-2025,Monday,,Cardiology,open,54.0
10/14/2025,Tuesday,,Cardiology,open,66.0
25 Jun 2025,Wednesday,,Cardiology,open,28.0
2026-01-04,Sunday,,dermatology,holiday,22.0
07 Aug 2025,Thursday,,Dermatology,open,26.0
30 Apr 2025,Wednesday,,Cardiology,open,12.0
2025-10-31,Friday,,Dermatology,open,592.0
10/17/2025,Friday,,Pediatrics,open,90.0
2026-03-25,Wednesday,,Dermatology,open,604.0
01 Jul 2025,Tuesday,,Cardiology,open,79.0
2025-12-19,Friday,,PEDIATRICS,open,33.0
2025-10-23,Thursday,,  General Medicine  ,open,159.0
13 Feb 2026,Friday,,Cardiology,open,76.0
2026-02-15,Sunday,,neurology,holiday,11.0
06-09-2025,Saturday,,General Medicine,open,58.0
2025-08-15,Friday,,Orthopedics,open,818.0
10-11-2025,Monday,,Pediatrics,open,52.0
27-11-2025,Thursday,,Neurology,open,104.0
2026-02-11,Wednesday,,  General Medicine  ,open,39.0
12/09/2025,Tuesday,,Neurology,open,240.0
01 Jan 2026,Thursday,,Pediatrics,open,142.0
12-12-2025,Friday,,Dermatology,open,123.0
2025-04-24,Thursday,,cardiology,open,66.0
2025-10-31,Friday,,NEUROLOGY,open,69.0
2025-09-13,Saturday,,PEDIATRICS,,56.0
2026-01-13,Tuesday,,NULL,open,376.0
2025-12-31,Wednesday,,orthopedics,open,12.0
2025-06-26,Thursday,,N/A,open,13.0
2026-02-25,Wednesday,,Pediatrics,open,1397.0
2026-01-02,Friday,,Pediatrics,open,547.0
2026-04-06,Monday,,neurology,open,122.0
2026-03-25,Wednesday,,Dermatolgy,open,49.0
2025-06-16,Monday,,,open,315.0
05/14/2025,Wednesday,,Pediatrics,,105.0
2025-07-05,Saturday,,Dermatology,open,863.0
2025-07-28,Monday,,NEUROLOGY,open,90.0
2025-06-29,Sunday,,Pediatrics,holiday,273.0
04 Oct 2025,Saturday,,General Medicine,open,96.0
2025-10-28,Tuesday,,Dermatology,open,1159.0
2025-09-24,Wednesday,,Neurology,open,925.0
2026-03-30,Monday,,,open,316.0
2026-03-18,Wednesday,,Cardiology,open,621.0
2026-04-18,Saturday,,ORTHOPEDICS,open,35.0
2025-07-04,Friday,,Pediatrics,open,1397.0
2026-01-04,Sunday,,NULL,holiday,18.0
2025-07-18,Friday,,Pediatrics,open,842.0
2025-06-29,Sunday,,Dermatology,holiday,176.0
02 Jun 2025,Monday,,Dermatology,open,97.0
2025-12-30,Tuesday,,Dermatology,open,360.0
2026-03-29,Sunday,,Pediatrics,holiday,237.0
2025-11-05,Wednesday,,Dermatology,open,497.0
2026-01-15,Thursday,,PEDIATRICS,open,119.0
2025-07-28,Monday,,  Pediatrics  ,open,122.0
2025-11-16,Sunday,,Neurology,holiday,246.0
2025-11-18,Tuesday,,DERMATOLOGY,open,
2025-11-28,Friday,,DERMATOLOGY,open,39.0
2025-10-27,Monday,,Neurology,open,855.0
2026-03-16,Monday,,  Cardiology  ,open,128.0
05/30/2025,Friday,,,open,55.0
15-04-2026,Wednesday,,Orthopedics,open,33.0
08/26/2025,Tuesday,,Pediatrics,open,66.0
05/25/2025,Sunday,,Orthopedics,holiday,19.0
2025-05-27,Tuesday,,PEDIATRICS,open,129.0
2025-10-15,Wednesday,,Pediatrics,open,838.0
2025-12-28,Sunday,,,holiday,30.0
2025-07-18,Friday,,,open,424.0
2025-08-16,Saturday,,Neurology,open,488.0
16-01-2026,Friday,,Pediatrics,open,166.0
2026-03-04,Wednesday,,Cardiologyy,open,38.0
25-08-2025,Monday,,Cardiology,open,69.0
2026-04-17,Friday,,Neurology,open,467.0
2026-04-01,Wednesday,,dermatology,open,68.0
2025-05-21,Wednesday,,  Dermatology  ,open,22.0
04/19/2025,Saturday,,Neurology,open,79.0
06/03/2025,Tuesday,,Orthopedics,open,95.0
2025-05-16,Friday,,general medicine,open,76.0
11-08-2025,Monday,,Dermatology,open,71.0
2026-03-31,Tuesday,,cardiology,open,142.0
19 Oct 2025,Sunday,,Cardiology,holiday,6.0
2025-06-28,Saturday,,  Orthopedics  ,open,56.0
2025-07-06,Sunday,,Orthopedics,holiday,217.0
02/21/2026,Saturday,,Dermatology,open,21.0
03/06/2026,Friday,,Orthopedics,open,14.0
07/13/2025,Sunday,,Neurology,holiday,20.0
02/11/2026,Wednesday,,Neurology,open,122.0
2025-10-27,Monday,,  Pediatrics  ,open,65.0
20 Aug 2025,Wednesday,,General Medicine,open,57.0
2026-03-27,Friday,,Pediatrics,open,739.0
2026-03-13,Friday,,NULL,open,22.0
2026-03-04,Wednesday,,Dermatolgy,open,39.0
2025-11-17,Monday,,  Pediatrics  ,open,83.0
2026-02-07,Saturday,,dermatology,open,48.0
09 Apr 2026,Thursday,,Orthopedics,open,29.0
2025-12-15,Monday,,Nuerology,open,72.0
16-02-2026,Monday,,Pediatrics,open,85.0
2025-09-25,Thursday,,,open,256.0
02/25/2026,Wednesday,,Pediatrics,open,81.0
2025-12-13,Saturday,,NULL,open,49.0
2026-02-17,Tuesday,,General Medicine,open,1111.0
08 Jan 2026,Thursday,,Cardiology,open,26.0
08/17/2025,Sunday,,Cardiology,holiday,49.0
08-03-2026,Sunday,,,holiday,11.0
2025-07-01,Tuesday,,Orthopedics,open,971.0
2025-04-28,Monday,,N/A,open,82.0
16 Jun 2025,Monday,,Cardiology,open,58.0
2026-01-15,Thursday,,  Pediatrics  ,open,66.0
2025-09-28,Sunday,,pediatrics,holiday,20.0
2025-04-26,Saturday,,NULL,open,
2025-08-15,Friday,,Neurology,open,718.0
01-03-2026,Sunday,,Cardiology,holiday,47.0
2025-11-21,Friday,,  Dermatology  ,open,
2025-09-16,Tuesday,,DERMATOLOGY,open,38.0
14-06-2025,Saturday,,Pediatrics,open,
12 Sep 2025,Friday,,Dermatology,open,
2025-11-30,Sunday,,N/A,holiday,26.0
28-01-2026,Wednesday,,Cardiology,open,45.0
2025-04-30,Wednesday,,dermatology,open,49.0
25 Jun 2025,Wednesday,,Pediatrics,open,40.0
2026-01-16,Friday,,dermatology,open,49.0
2025-10-03,Friday,,  Neurology  ,open,
2025-12-24,Wednesday,,,open,174.0
09/23/2025,Tuesday,,Neurology,open,140.0
2026-03-01,Sunday,,Neurology,holiday,196.0
2025-05-09,Friday,,pediatrics,open,93.0
11/12/2025,Wednesday,,Dermatology,open,44.0
2025-12-28,Sunday,,unknown,holiday,11.0
2025-09-13,Saturday,,  Neurology  ,open,39.0
2025-08-06,Wednesday,,Pediatrics,open,955.0
10-01-2026,Saturday,,Dermatology,open,41.0
2025-12-06,Saturday,,General Medicine,open,1001.0
03 Jul 2025,Thursday,,General Medicine,open,44.0
2025-05-13,Tuesday,,Neurology,open,1089.0
29 Oct 2025,Wednesday,,,open,76.0
2025-10-06,Monday,,,open,50.0
2025-10-11,Saturday,,Neurology,open,808.0
03/25/2026,Wednesday,,Orthopedics,,47.0
19-07-2025,Saturday,,General Medicine,open,42.0
01-01-2026,Thursday,,Cardiology,open,31.0
2025-11-19,Wednesday,,Orthopedics,open,770.0
2026-03-30,Monday,,Cardiology,open,1411.0
2026-03-10,Tuesday,,Genral Medicine,open,111.0
2026-02-12,Thursday,,,open,219.0
16 Nov 2025,Sunday,,Cardiology,holiday,8.0
25-02-2026,Wednesday,,NULL,open,178.0
02/14/2026,Saturday,,General Medicine,open,97.0
2025-05-14,Wednesday,,,open,133.0
2025-06-08,Sunday,,Cardiology,holiday,174.0
11/12/2025,Wednesday,,Cardiology,open,39.0
12/01/2025,Monday,,Cardiology,open,64.0
26 Jan 2026,Monday,,Dermatology,,80.0
02 Mar 2026,Monday,,Dermatology,open,88.0
2025-11-12,Wednesday,,,open,125.0
08/29/2025,Friday,,Orthopedics,open,19.0
2025-08-29,Friday,,,open,76.0
24 Jul 2025,Thursday,,Neurology,open,42.0
26 Apr 2025,Saturday,,Orthopedics,open,142.0
2026-02-24,Tuesday,,cardiology,open,64.0
01/21/2026,Wednesday,,Neurology,open,15.0
2025-07-29,Tuesday,,Dermatology,open,1554.0
2026-02-13,Friday,,Orthopedics,open,864.0
2026-03-30,Monday,,DERMATOLOGY,open,136.0
2025-08-12,Tuesday,,Orthopedics,open,855.0
2026-02-08,Sunday,,Pediatrics,holiday,154.0
2025-08-23,Saturday,,Pediatrics,open,956.0
08/02/2025,Saturday,,Neurology,open,77.0
10/01/2025,Wednesday,,General Medicine,open,123.0
22-09-2025,Monday,,General Medicine,open,63.0
2025-07-15,Tuesday,,Neurology,open,903.0
2025-05-25,Sunday,,CARDIOLOGY,holiday,
2025-12-09,Tuesday,,,open,144.0
05/28/2025,Wednesday,,General Medicine,open,55.0
2025-12-17,Wednesday,,N/A,,96.0
2025-05-07,Wednesday,,general medicine,open,110.0
2025-11-28,Friday,,NULL,open,107.0
2025-09-07,Sunday,,neurology,holiday,13.0
2025-10-26,Sunday,,General Medicine,,154.0
11/19/2025,Wednesday,,Neurology,open,91.0
08-04-2026,Wednesday,,Neurology,open,50.0
20-10-2025,Monday,,Neurology,open,89.0
2025-08-26,Tuesday,,Dermatology,open,1149.0
2026-02-28,Saturday,,Neurology,open,779.0
12/01/2025,Monday,,Pediatrics,open,
20 Jul 2025,Sunday,,Dermatology,holiday,18.0
29 Oct 2025,Wednesday,,Orthopedics,open,86.0
21 Aug 2025,Thursday,,Pediatrics,open,
2025-04-26,Saturday,,pediatrics,open,38.0
2025-09-11,Thursday,,cardiology,open,25.0
2026-04-19,Sunday,,Pediatrics,holiday,192.0
08/04/2025,Monday,,Cardiology,open,149.0
26-09-2025,Friday,,General Medicine,open,43.0
05 Jan 2026,Monday,,Dermatology,open,117.0
2025-12-30,Tuesday,,NEUROLOGY,open,180.0
09/22/2025,Monday,,Neurology,,136.0
2026-03-05,Thursday,,,open,215.0
25-10-2025,Saturday,,Neurology,open,78.0
2025-05-21,Wednesday,,General Medicine,open,999.0
2025-08-11,Monday,,GENERAL MEDICINE,open,77.0
2026-01-23,Friday,,Dermatology,open,507.0
2025-12-31,Wednesday,,,open,132.0
2025-05-11,Sunday,,orthopedics,holiday,16.0
19-04-2026,Sunday,,Cardiology,holiday,32.0
02/06/2026,Friday,,Cardiology,open,63.0
2025-11-23,Sunday,,Dermatology,holiday,189.0
2025-06-28,Saturday,,  Pediatrics  ,open,78.0
28-02-2026,Saturday,,Orthopedics,open,
01/14/2026,Wednesday,,,open,48.0
16 Sep 2025,Tuesday,,Pediatrics,open,208.0
30 May 2025,Friday,,Dermatology,open,14.0
04-01-2026,Sunday,,General Medicine,holiday,18.0
27 Nov 2025,Thursday,,Cardiology,open,105.0
04/01/2026,Wednesday,,General Medicine,open,50.0
2026-01-21,Wednesday,,,open,213.0
08 Jan 2026,Thursday,,Paediatrics,open,105.0
18-01-2026,Sunday,,Pediatrics,holiday,10.0
04/01/2026,Wednesday,,Cardiology,open,94.0
2025-05-02,Friday,,General Medicine,open,874.0
2025-04-20,Sunday,,PEDIATRICS,holiday,
2025-12-01,Monday,,Cardiology,open,1122.0
2025-09-15,Monday,,dermatology,open,160.0
2026-01-27,Tuesday,,GENERAL MEDICINE,open,94.0
05 Jun 2025,Thursday,,General Medicine,,111.0
05 Dec 2025,Friday,,Dermatology,open,41.0
14 Oct 2025,Tuesday,,Orthopedics,open,99.0
10/19/2025,Sunday,,Orthopedics,holiday,23.0
2025-10-15,Wednesday,,Dermatology,open,994.0
04/05/2026,Sunday,,Pediatrics,holiday,8.0
2026-03-10,Tuesday,,Orthopedics,open,866.0
2025-08-20,Wednesday,,GENERAL MEDICINE,open,92.0
2025-04-25,Friday,,,open,201.0
06/16/2025,Monday,,Pediatrics,open,204.0
2025-11-20,Thursday,,Pediatrics,open,1020.0
08/05/2025,Tuesday,,Dermatology,open,118.0
23-01-2026,Friday,,Pediatrics,open,43.0
2026-02-09,Monday,,unknown,open,53.0
2025-06-20,Friday,,pediatrics,open,63.0
2026-04-05,Sunday,,  Cardiology  ,holiday,8.0
20 Dec 2025,Saturday,,,open,62.0
2026-03-22,Sunday,,Dermatolgy,holiday,5.0
2025-09-27,Saturday,,Cardiology,open,439.0
17 May 2025,Saturday,,Orthopedics,open,37.0
2026-03-26,Thursday,,Cardiology,open,706.0
2025-05-02,Friday,,Paediatrics,open,59.0
24-03-2026,Tuesday,,Orthopedics,open,81.0
02-09-2025,Tuesday,,Pediatrics,open,273.0
06/25/2025,Wednesday,,Cardiology,open,98.0
10 Jun 2025,Tuesday,,General Medicine,open,164.0
2025-05-30,Friday,,dermatology,open,44.0
24 Sep 2025,Wednesday,,Cardiology,open,27.0
11-01-2026,Sunday,,General Medicine,holiday,15.0
2025-05-08,Thursday,,,open,103.0
2025-04-26,Saturday,,Pediatrics,open,1028.0
2025-04-25,Friday,,Orthopedics,open,796.0
2025-12-15,Monday,,ORTHOPEDICS,open,54.0
2026-03-16,Monday,,Orthopedics,,1043.0
26 Mar 2026,Thursday,,Dermatology,open,57.0
2026-01-23,Friday,,Pediatrics,open,1014.0
29 Apr 2025,Tuesday,,Pediatrics,open,76.0
2026-01-08,Thursday,,Cardiology,open,543.0
2026-03-08,Sunday,,Neurology,holiday,153.0
2026-04-02,Thursday,,Neurology,open,587.0
01-02-2026,Sunday,,Cardiology,holiday,17.0
2025-11-16,Sunday,,Orthopedics,holiday,208.0
01 Jun 2025,Sunday,,General Medicine,holiday,18.0
2025-09-23,Tuesday,,  General Medicine  ,open,83.0
2026-02-21,Saturday,,GENERAL MEDICINE,open,104.0
30-06-2025,Monday,,Neurology,open,96.0
10/22/2025,Wednesday,,Pediatrics,open,187.0
2026-03-03,Tuesday,,CARDIOLOGY,open,41.0
03/15/2026,Sunday,,Cardiology,holiday,31.0
2026-03-20,Friday,,Neurology,open,481.0
14-04-2026,Tuesday,,Orthopedics,open,44.0
2025-09-23,Tuesday,,cardiology,open,45.0
2025-12-09,Tuesday,,Orthopedics,open,1269.0
09 Oct 2025,Thursday,,Dermatology,open,91.0
2025-07-18,Friday,,neurology,open,25.0
2025-10-17,Friday,,NULL,open,102.0
2026-03-17,Tuesday,,Nuerology,open,180.0
2025-12-05,Friday,,Cardiology,open,516.0
2025-05-26,Monday,,Pediatrics,open,833.0
04/18/2026,Saturday,,General Medicine,open,34.0
2026-02-05,Thursday,,  Dermatology  ,open,24.0
2025-07-21,Monday,,Cardiology,open,673.0
2025-09-22,Monday,,,open,174.0
2026-01-10,Saturday,,general medicine,open,65.0
27 Dec 2025,Saturday,,  Pediatrics  ,open,41.0
20 Dec 2025,Saturday,,Neurology,open,77.0
2025-09-07,Sunday,,,holiday,46.0
2025-06-20,Friday,,Genral Medicine,open,57.0
2025-07-01,Tuesday,,PEDIATRICS,open,67.0
2025-08-25,Monday,,Cardiology,open,1708.0
2026-01-31,Saturday,,neurology,open,37.0
18 Sep 2025,Thursday,,Cardiology,open,81.0
2025-09-29,Monday,,Genral Medicine,open,125.0
2025-09-15,Monday,,Pediatrics,open,947.0
2025-09-04,Thursday,,  Neurology  ,open,68.0
26-11-2025,Wednesday,,Orthopedics,open,19.0
2025-09-24,Wednesday,,NULL,open,125.0
2025-08-07,Thursday,,Cardiologyy,open,14.0
09/30/2025,Tuesday,,Orthopedics,open,85.0
2026-01-17,Saturday,,Pediatrics,open,1371.0
2025-07-31,Thursday,,General Medicine,open,855.0
08/29/2025,Friday,,Cardiology,open,63.0
12/02/2025,Tuesday,,General Medicine,open,115.0
2025-05-01,Thursday,,General Medicine,open,781.0
17 Oct 2025,Friday,,Neurology,open,11.0
25 Nov 2025,Tuesday,,dermatology,open,64.0
2025-09-16,Tuesday,,PEDIATRICS,open,144.0
2026-03-01,Sunday,,,holiday,37.0
2025-12-29,Monday,,  General Medicine  ,open,123.0
04/24/2025,Thursday,,Dermatology,open,82.0
2026-03-29,Sunday,,,holiday,6.0
11 Jul 2025,Friday,,Pediatrics,open,28.0
05-10-2025,Sunday,,Orthopedics,holiday,54.0
2026-02-08,Sunday,,General Medicine,holiday,285.0
2026-01-26,Monday,,Cardiologyy,open,106.0
11/17/2025,Monday,,General Medicine,open,227.0
2026-03-15,Sunday,,unknown,holiday,13.0
2025-07-23,Wednesday,,N/A,open,262.0
2025-11-22,Saturday,,,open,311.0
2025-07-10,Thursday,,Neurology,open,446.0
2025-09-14,Sunday,,Pediatrics,holiday,171.0
2026-01-15,Thursday,,NULL,open,31.0
2026-03-09,Monday,,Pediatrics,open,1326.0
2025-09-25,Thursday,,General Medicine,open,953.0
2026-03-22,Sunday,,CARDIOLOGY,holiday,17.0
2026-03-13,Friday,,neurology,open,28.0
2025-12-11,Thursday,,Dermatology,open,855.0
2025-09-20,Saturday,,neurology,open,49.0
2025-08-17,Sunday,,Pediatrics,holiday,215.0
2025-11-04,Tuesday,,GENERAL MEDICINE,open,149.0
2025-08-19,Tuesday,,,open,169.0
2025-10-17,Friday,,NEUROLOGY,open,37.0
06/24/2025,Tuesday,,Orthopedics,open,240.0
2026-04-19,Sunday,,Dermatolgy,holiday,5.0
28-10-2025,Tuesday,,Pediatrics,open,89.0
03-12-2025,Wednesday,,Dermatology,open,19.0
2025-10-31,Friday,,neurology,open,33.0
05 Jan 2026,Monday,,General Medicine,open,81.0
2025-06-09,Monday,,PEDIATRICS,open,199.0
2025-10-24,Friday,,,open,95.0
07-01-2026,Wednesday,,Orthopedics,open,106.0
2026-04-17,Friday,,Paediatrics,open,159.0
2025-09-03,Wednesday,,General Medicine,open,954.0
2025-09-09,Tuesday,,,open,418.0
2026-04-13,Monday,,  Pediatrics  ,open,76.0
01/10/2026,Saturday,,,open,31.0
2025-10-19,Sunday,,General Medicine,holiday,143.0
2026-04-06,Monday,,Orthopedics,open,1252.0
2026-04-14,Tuesday,,General Medicine,open,2349.0
2025-12-10,Wednesday,,Cardiology,open,629.0
2025-06-08,Sunday,,  Dermatology  ,holiday,20.0
2025-06-29,Sunday,,,holiday,40.0
2025-08-05,Tuesday,,,open,279.0
17 Apr 2026,Friday,,pediatrics,open,148.0
2025-11-09,Sunday,,Genral Medicine,holiday,6.0
09/17/2025,Wednesday,,Cardiology,open,63.0
29 Jun 2025,Sunday,,Pediatrics,holiday,12.0
02 Mar 2026,Monday,,General Medicine,open,65.0
21-07-2025,Monday,,Orthopedics,open,68.0
11-04-2026,Saturday,,CARDIOLOGY,open,47.0
20 Dec 2025,Saturday,,dermatology,open,13.0
2025-12-18,Thursday,,Neurology,open,571.0
05 Dec 2025,Friday,,Neurology,open,74.0
17 Sep 2025,Wednesday,,General Medicine,open,102.0
2025-08-31,Sunday,,  Orthopedics  ,holiday,5.0
2026-01-10,Saturday,,Genral Medicine,open,60.0
2026-03-13,Friday,,  General Medicine  ,open,28.0
2025-06-20,Friday,,Pediatrics,open,675.0
2026-03-26,Thursday,,ORTHOPEDICS,open,73.0
2025-09-21,Sunday,,PEDIATRICS,holiday,13.0
2025-05-18,Sunday,,,holiday,73.0
24-01-2026,Saturday,,Pediatrics,open,114.0
10 Sep 2025,Wednesday,,Orthopedics,open,73.0
20 Apr 2025,Sunday,,  Pediatrics  ,holiday,16.0
2025-09-08,Monday,,,open,438.0
05/04/2025,Sunday,,General Medicine,holiday,
08/03/2025,Sunday,,Orthopedics,holiday,9.0
24 Jun 2025,Tuesday,,Pediatrics,open,201.0
11 Dec 2025,Thursday,,General Medicine,open,45.0
05-09-2025,Friday,,General Medicine,open,53.0
07/07/2025,Monday,,Cardiology,,65.0
11-06-2025,Wednesday,,Pediatrics,open,141.0
2025-11-21,Friday,,Orthopaedics,open,17.0
02 Jan 2026,Friday,,cardiology,open,32.0
22 Dec 2025,Monday,,dermatology,open,127.0
2025-12-29,Monday,,unknown,open,205.0
2025-09-16,Tuesday,,unknown,open,170.0
2025-12-02,Tuesday,,Paediatrics,open,127.0
28 Jun 2025,Saturday,,Dermatology,open,50.0
2025-11-17,Monday,,dermatology,open,103.0
2025-07-13,Sunday,,PEDIATRICS,holiday,18.0
2025-05-10,Saturday,,NEUROLOGY,open,150.0
2025-07-16,Wednesday,,PEDIATRICS,open,58.0
2025-09-19,Friday,,CARDIOLOGY,open,15.0
2025-05-24,Saturday,,GENERAL MEDICINE,open,48.0
31-05-2025,Saturday,,Cardiology,open,19.0
15 Feb 2026,Sunday,,Pediatrics,holiday,9.0
2025-06-28,Saturday,,Cardiologyy,open,15.0
2025-08-21,Thursday,,,open,179.0
2025-12-16,Tuesday,,Dermatology,open,981.0
11 Mar 2026,Wednesday,,General Medicine,open,40.0
2026-03-12,Thursday,,orthopedics,open,22.0
2025-10-25,Saturday,,Nuerology,open,35.0
24-09-2025,Wednesday,,Cardiology,open,21.0
2025-10-22,Wednesday,,DERMATOLOGY,open,84.0
09/08/2025,Monday,,Dermatology,open,110.0
2025-10-22,Wednesday,,N/A,open,22.0
2025-10-03,Friday,,General Medicine,open,659.0
27-07-2025,Sunday,,Cardiology,holiday,23.0
2025-05-30,Friday,,Neurology,open,452.0
2025-08-09,Saturday,,,open,64.0
2026-04-03,Friday,,Cardiologyy,open,94.0
2025-06-26,Thursday,,GENERAL MEDICINE,open,101.0
2026-02-07,Saturday,,N/A,open,90.0
2025-12-18,Thursday,,Pediatrics,open,568.0
04 Jan 2026,Sunday,,Dermatology,holiday,32.0
2026-01-19,Monday,,,open,99.0
03-06-2025,Tuesday,,Cardiology,open,166.0
2025-05-12,Monday,,general medicine,open,124.0
04/06/2026,Monday,,Cardiology,open,102.0
2025-10-11,Saturday,,ORTHOPEDICS,open,16.0
08-09-2025,Monday,,Orthopedics,open,73.0
02 Jul 2025,Wednesday,,Cardiology,,87.0
2026-01-06,Tuesday,,General Medicine,open,1295.0
27 Aug 2025,Wednesday,,Dermatology,open,81.0
2026-04-14,Tuesday,,Cardiologyy,open,69.0
22-05-2025,Thursday,,Dermatology,open,114.0
19-06-2025,Thursday,,Pediatrics,open,43.0
2026-04-15,Wednesday,,N/A,,15.0
2026-03-09,Monday,,NEUROLOGY,open,67.0
07/10/2025,Thursday,,General Medicine,open,44.0
10-02-2026,Tuesday,,Orthopedics,open,120.0
2026-02-21,Saturday,,  Pediatrics  ,open,33.0
01-05-2025,Thursday,,General Medicine,open,249.0
14 Jun 2025,Saturday,,Orthopedics,open,66.0
05 Mar 2026,Thursday,,Cardiology,open,87.0
2025-05-18,Sunday,,Orthopedics,holiday,248.0
13 Jun 2025,Friday,,General Medicine,open,35.0
11-12-2025,Thursday,,Neurology,open,140.0
12/22/2025,Monday,,Orthopedics,open,145.0
2025-11-06,Thursday,,,open,138.0
2025-05-07,Wednesday,,DERMATOLOGY,open,23.0
2025-06-21,Saturday,,Cardiology,open,601.0
2025-07-07,Monday,,GENERAL MEDICINE,open,84.0
2025-07-27,Sunday,,,holiday,36.0
2025-10-02,Thursday,,  Cardiology  ,open,42.0
2025-04-28,Monday,,CARDIOLOGY,open,105.0
20-12-2025,Saturday,,Orthopedics,open,40.0
2025-12-29,Monday,,  Neurology  ,open,107.0
2025-05-17,Saturday,,,open,50.0
2025-10-10,Friday,,CARDIOLOGY,open,40.0
2026-03-17,Tuesday,,N/A,open,140.0
16 Oct 2025,Thursday,,Cardiology,open,25.0
04/01/2026,Wednesday,,Neurology,open,82.0
2025-11-08,Saturday,,Dermatology,open,472.0
07/30/2025,Wednesday,,General Medicine,open,126.0
2025-08-15,Friday,,NEUROLOGY,open,34.0
2026-03-14,Saturday,,unknown,open,59.0
13-02-2026,Friday,,  General Medicine  ,open,73.0
2025-08-10,Sunday,,,holiday,65.0
07/24/2025,Thursday,,Cardiology,open,87.0
03 Sep 2025,Wednesday,,Pediatrics,open,56.0
2025-10-05,Sunday,,  Dermatology  ,holiday,19.0
2026-04-04,Saturday,,NULL,open,171.0
12/07/2025,Sunday,,General Medicine,holiday,26.0
2025-10-25,Saturday,,Genral Medicine,open,108.0
2025-11-27,Thursday,,neurology,open,50.0
2026-01-29,Thursday,,  General Medicine  ,open,71.0
2026-02-28,Saturday,,Genral Medicine,open,34.0
2026-04-18,Saturday,,NULL,open,48.0
2026-02-21,Saturday,,Neurology,open,997.0
30-09-2025,Tuesday,,,open,129.0
2025-07-24,Thursday,,unknown,open,50.0
2025-10-28,Tuesday,,dermatology,open,53.0
2025-08-07,Thursday,,general medicine,open,47.0
2025-08-22,Friday,,Dermatolgy,open,17.0
06/19/2025,Thursday,,Pediatrics,open,136.0
16-10-2025,Thursday,,Orthopaedics,open,51.0
06/07/2025,Saturday,,Pediatrics,open,102.0
2025-10-03,Friday,,general medicine,open,103.0
09 Jan 2026,Friday,,General Medicine,open,63.0
2025-07-06,Sunday,,Paediatrics,holiday,17.0
17-10-2025,Friday,,Cardiology,open,49.0
2025-11-10,Monday,,Pediatrics,open,1423.0
14-07-2025,Monday,,General Medicine,open,72.0
2025-12-15,Monday,,,open,72.0
2025-08-14,Thursday,,  Orthopedics  ,open,69.0
2025-11-23,Sunday,,ORTHOPEDICS,holiday,16.0
19 Apr 2025,Saturday,,Neurology,open,36.0
2026-03-21,Saturday,,Dermatolgy,open,30.0
2025-08-06,Wednesday,,NULL,open,88.0
2025-10-18,Saturday,,pediatrics,open,41.0
2026-04-10,Friday,,PEDIATRICS,open,38.0
26-01-2026,Monday,,Cardiology,open,72.0
2025-12-21,Sunday,,Cardiologyy,holiday,
2026-02-21,Saturday,,,open,104.0
2025-11-25,Tuesday,,Genral Medicine,open,83.0
2025-12-26,Friday,,N/A,open,77.0
2025-11-12,Wednesday,,GENERAL MEDICINE,open,82.0
26 Nov 2025,Wednesday,,,open,57.0
2025-06-18,Wednesday,,Cardiologyy,open,42.0
01/11/2026,Sunday,,General Medicine,holiday,16.0
04-11-2025,Tuesday,,Dermatology,open,96.0
13 Nov 2025,Thursday,,General Medicine,,77.0
2026-01-17,Saturday,,Cardiology,open,467.0
25 Apr 2025,Friday,,Pediatrics,open,59.0
2025-07-29,Tuesday,,unknown,open,138.0
2025-09-23,Tuesday,,Pediatrics,open,2527.0
2026-01-24,Saturday,,Cardiology,open,712.0
13 Jul 2025,Sunday,,neurology,holiday,10.0
06/07/2025,Saturday,,Orthopedics,open,
2025-12-20,Saturday,,,open,175.0
2025-06-04,Wednesday,,,open,180.0
15 Mar 2026,Sunday,,Neurology,holiday,5.0
2025-10-09,Thursday,,,open,119.0
10-08-2025,Sunday,,Orthopedics,holiday,27.0
2025-09-03,Wednesday,,  General Medicine  ,open,48.0
2025-08-14,Thursday,,Dermatology,open,838.0
12/25/2025,Thursday,,Neurology,open,43.0
2025-09-01,Monday,,general medicine,open,103.0
20 Jul 2025,Sunday,,Orthopedics,holiday,10.0
2025-07-26,Saturday,,Neurology,open,670.0
2025-06-07,Saturday,,,open,269.0
08-12-2025,Monday,,Pediatrics,open,149.0
2025-10-30,Thursday,,Orthopedics,open,519.0
25 Jan 2026,Sunday,,Pediatrics,holiday,7.0
31 Jan 2026,Saturday,,Pediatrics,open,-80.0
2026-03-02,Monday,,General Medicine,open,1212.0
30 Mar 2026,Monday,,Neurology,open,94.0
2026-03-17,Tuesday,,Genral Medicine,open,98.0
2025-05-01,Thursday,,Orthopedics,open,394.0
30-05-2025,Friday,,General Medicine,open,29.0
2025-12-05,Friday,,DERMATOLOGY,open,76.0
06 Mar 2026,Friday,,Cardiology,open,55.0
05-04-2026,Sunday,,Pediatrics,holiday,14.0
2025-08-09,Saturday,,Pediatrics,open,1111.0
03 Dec 2025,Wednesday,,Dermatology,open,75.0
2025-12-05,Friday,,NULL,,
13-05-2025,Tuesday,,Cardiology,open,66.0
2026-03-24,Tuesday,,ORTHOPEDICS,open,
2025-11-28,Friday,,Pediatrics,open,857.0
2025-08-26,Tuesday,,NULL,open,98.0
2026-02-03,Tuesday,,NULL,open,97.0
01/15/2026,Thursday,,Orthopedics,open,52.0
08/28/2025,Thursday,,Cardiology,open,48.0
2026-01-11,Sunday,,NULL,holiday,17.0
2026-01-12,Monday,,  Orthopedics  ,open,47.0
2025-08-18,Monday,,Neurology,open,1510.0
2026-04-17,Friday,,unknown,open,135.0
2025-12-02,Tuesday,,unknown,open,101.0
22-10-2025,Wednesday,,Dermatology,open,48.0
2025-12-29,Monday,,Dermatolgy,open,91.0
2026-01-01,Thursday,,neurology,open,65.0
2025-09-01,Monday,,PEDIATRICS,open,74.0
01/17/2026,Saturday,,Orthopedics,open,48.0
20 Mar 2026,Friday,,Dermatology,open,24.0
01/28/2026,Wednesday,,General Medicine,open,34.0
12/12/2025,Friday,,pediatrics,open,150.0
2025-06-27,Friday,,,open,173.0
2025-12-30,Tuesday,,Cardiology,open,1013.0
2025-05-31,Saturday,,Nuerology,open,50.0
2026-01-09,Friday,,orthopedics,open,50.0
01-07-2025,Tuesday,,Neurology,open,121.0
2026-02-16,Monday,,General Medicine,open,1471.0
22-12-2025,Monday,,Dermatology,open,102.0
2025-05-18,Sunday,,unknown,holiday,7.0
2026-03-20,Friday,,pediatrics,open,37.0
2026-02-05,Thursday,,PEDIATRICS,open,60.0
04/05/2026,Sunday,,Neurology,holiday,6.0
2025-12-28,Sunday,,Orthopedics,holiday,269.0
2025-09-07,Sunday,,Nuerology,holiday,18.0
2025-10-28,Tuesday,,  Cardiology  ,open,74.0
2025-11-03,Monday,,PEDIATRICS,open,105.0
2025-05-13,Tuesday,,PEDIATRICS,open,56.0
2025-08-04,Monday,,GENERAL MEDICINE,open,105.0
2026-02-03,Tuesday,,unknown,open,69.0
2026-03-02,Monday,,,open,160.0
30 Jun 2025,Monday,,Pediatrics,open,124.0
03/19/2026,Thursday,,Dermatology,open,46.0
2026-04-19,Sunday,,DERMATOLOGY,holiday,38.0
04/29/2025,Tuesday,,General Medicine,open,144.0
14 Feb 2026,Saturday,,Cardiology,open,123.0
03/27/2026,Friday,,Dermatology,open,44.0
2025-05-28,Wednesday,,,open,116.0
2026-04-04,Saturday,,,open,161.0
24 Sep 2025,Wednesday,,,open,34.0
26 Nov 2025,Wednesday,,Cardiology,open,19.0
2026-01-05,Monday,,PEDIATRICS,open,81.0
2026-02-14,Saturday,,,open,136.0
2025-06-05,Thursday,,  Cardiology  ,open,72.0
02 Oct 2025,Thursday,,Nuerology,open,66.0
10/18/2025,Saturday,,Dermatology,open,22.0
2025-08-30,Saturday,,,open,252.0
2025-12-05,Friday,,N/A,open,
2026-03-24,Tuesday,,cardiology,open,51.0
2025-05-20,Tuesday,,,open,231.0
2025-04-21,Monday,,,open,93.0
02/11/2026,Wednesday,,Dermatology,open,
27 Dec 2025,Saturday,,Dermatology,open,55.0
07/21/2025,Monday,,Dermatology,open,91.0
12/10/2025,Wednesday,,Cardiology,open,37.0
2026-03-20,Friday,,Dermatology,open,849.0
2026-02-25,Wednesday,,unknown,open,36.0
2025-10-17,Friday,,  Pediatrics  ,open,73.0
09 Jul 2025,Wednesday,,Orthopedics,open,118.0
20-04-2025,Sunday,,General Medicine,holiday,19.0
04-05-2025,Sunday,,General Medicine,holiday,
05/03/2025,Saturday,,Pediatrics,open,46.0
2026-01-05,Monday,,NEUROLOGY,open,211.0
03/20/2026,Friday,,Dermatology,open,46.0
2026-03-15,Sunday,,N/A,holiday,27.0
2025-06-24,Tuesday,,N/A,open,182.0
2025-06-15,Sunday,,Orthopaedics,holiday,17.0
2025-10-07,Tuesday,,PEDIATRICS,open,114.0
2025-05-15,Thursday,,Genral Medicine,open,100.0
2025-12-16,Tuesday,,  Pediatrics  ,open,87.0
2026-01-01,Thursday,,  Cardiology  ,open,151.0
03-11-2025,Monday,,Dermatology,open,52.0
2026-04-04,Saturday,,N/A,open,15.0
2026-02-01,Sunday,,orthopedics,holiday,20.0
27 Oct 2025,Monday,,General Medicine,open,113.0
2026-01-09,Friday,,Orthopaedics,open,48.0
22-07-2025,Tuesday,,Orthopedics,open,158.0
25-11-2025,Tuesday,,Dermatology,open,102.0
2025-06-28,Saturday,,N/A,open,128.0
2026-03-06,Friday,,,open,204.0
2025-10-22,Wednesday,,ORTHOPEDICS,,134.0
2025-10-13,Monday,,CARDIOLOGY,open,66.0
2025-07-06,Sunday,,neurology,holiday,10.0
2025-09-07,Sunday,,DERMATOLOGY,holiday,20.0
10-07-2025,Thursday,,Orthopedics,open,11.0
30 May 2025,Friday,,Pediatrics,open,39.0
2025-11-01,Saturday,,dermatology,open,
11/14/2025,Friday,,Neurology,open,135.0
16-07-2025,Wednesday,,Orthopedics,open,86.0
2026-01-05,Monday,,  General Medicine  ,open,121.0
26-04-2025,Saturday,,Dermatology,open,36.0
19 Dec 2025,Friday,,Cardiology,open,92.0
2026-03-24,Tuesday,,,open,61.0
12/08/2025,Monday,,Orthopedics,open,111.0
2025-08-09,Saturday,,NEUROLOGY,open,84.0
19-12-2025,Friday,,Pediatrics,open,122.0
24 Nov 2025,Monday,,Orthopedics,open,57.0
2025-05-21,Wednesday,,orthopedics,open,42.0
2025-06-18,Wednesday,,NULL,open,46.0
10 Jun 2025,Tuesday,,Dermatology,open,
2025-04-28,Monday,,dermatology,open,52.0
22 Sep 2025,Monday,,Neurology,open,78.0
2025-07-08,Tuesday,,PEDIATRICS,open,71.0
2026-01-14,Wednesday,,Orthopedics,open,767.0
03/21/2026,Saturday,,Cardiology,open,47.0
24-05-2025,Saturday,,Dermatology,open,35.0
2026-04-12,Sunday,,N/A,holiday,11.0
2025-09-03,Wednesday,,CARDIOLOGY,open,17.0
2025-10-23,Thursday,,Dermatology,open,698.0
2026-04-04,Saturday,,ORTHOPEDICS,open,122.0
2026-03-08,Sunday,,CARDIOLOGY,holiday,7.0
2026-02-15,Sunday,,,holiday,36.0
23 Sep 2025,Tuesday,,Orthopedics,open,183.0
19-11-2025,Wednesday,,,open,31.0
2025-07-16,Wednesday,,,open,147.0
18-01-2026,Sunday,,Neurology,holiday,30.0
2026-01-03,Saturday,,cardiology,open,38.0
2025-06-09,Monday,,,open,130.0
2026-03-19,Thursday,,Pediatrics,open,1361.0
11 Mar 2026,Wednesday,,Orthopedics,open,80.0
01/15/2026,Thursday,,Neurology,open,24.0
2026-04-10,Friday,,dermatology,open,89.0
11-03-2026,Wednesday,,Cardiology,open,113.0
02/03/2026,Tuesday,,General Medicine,open,85.0
12 Sep 2025,Friday,,General Medicine,open,42.0
2025-05-25,Sunday,,Paediatrics,holiday,8.0
30 Nov 2025,Sunday,,Orthopedics,holiday,14.0
2025-08-28,Thursday,,NULL,open,126.0
2025-06-14,Saturday,,ORTHOPEDICS,open,46.0
2025-10-04,Saturday,,PEDIATRICS,open,39.0
24-07-2025,Thursday,,Cardiology,open,
2025-10-30,Thursday,,,open,82.0
2025-07-26,Saturday,,Cardiology,open,447.0
09-05-2025,Friday,,Orthopedics,open,91.0
2025-10-23,Thursday,,,open,89.0
2025-09-02,Tuesday,,dermatology,open,205.0
2026-03-07,Saturday,,neurology,open,29.0
2025-07-30,Wednesday,,,open,111.0
2025-06-19,Thursday,,,open,146.0
2025-06-26,Thursday,,Dermatology,open,610.0
11/20/2025,Thursday,,dermatology,open,15.0
22-03-2026,Sunday,,Cardiology,holiday,17.0
12/08/2025,Monday,,Dermatology,open,125.0
09-04-2026,Thursday,,General Medicine,open,30.0
2025-07-16,Wednesday,,  Dermatology  ,open,165.0
24-12-2025,Wednesday,,Neurology,open,12.0
2025-09-12,Friday,,,open,232.0
2026-04-04,Saturday,,pediatrics,open,123.0
03/28/2026,Saturday,,Neurology,open,
2026-04-11,Saturday,,  Neurology  ,open,12.0
12/11/2025,Thursday,,Neurology,open,73.0
2025-06-11,Wednesday,,,open,220.0
2025-04-19,Saturday,,Dermatolgy,open,59.0
05-11-2025,Wednesday,,Cardiology,open,48.0
2025-04-25,Friday,,Cardiologyy,open,162.0
09-11-2025,Sunday,,Dermatology,holiday,8.0
04/02/2026,Thursday,,Cardiology,open,23.0
2025-10-29,Wednesday,,orthopedics,open,1136.0
2026-01-13,Tuesday,,neurology,open,113.0
2025-06-04,Wednesday,,general medicine,open,153.0
2025-08-10,Sunday,,orthopedics,holiday,42.0
01/04/2026,Sunday,,Cardiology,holiday,6.0
02/11/2026,Wednesday,,Cardiology,open,49.0
03/02/2026,Monday,,Dermatology,open,179.0
2025-08-23,Saturday,,GENERAL MEDICINE,open,56.0
2026-04-11,Saturday,,DERMATOLOGY,open,84.0
02 Apr 2026,Thursday,,Neurology,,37.0
2025-12-20,Saturday,,NULL,open,26.0
2026-01-07,Wednesday,,  General Medicine  ,open,194.0
2025-12-26,Friday,,,open,159.0
26 Jan 2026,Monday,,Pediatrics,open,145.0
02-09-2025,Tuesday,,Orthopedics,open,74.0
16 Jul 2025,Wednesday,,Dermatology,open,10.0
2025-08-02,Saturday,,,,109.0
11 Apr 2026,Saturday,,Cardiology,open,65.0
09-01-2026,Friday,,Orthopedics,open,73.0
2026-02-18,Wednesday,,General Medicine,open,803.0
13-05-2025,Tuesday,,Cardiologyy,open,65.0
2025-09-07,Sunday,,Neurology,holiday,242.0
2026-03-10,Tuesday,,pediatrics,open,196.0
2025-11-20,Thursday,,DERMATOLOGY,open,60.0
03/11/2026,Wednesday,,Cardiology,open,40.0
16 Oct 2025,Thursday,,General Medicine,open,108.0
14-09-2025,Sunday,,N/A,holiday,5.0
2025-09-26,Friday,,GENERAL MEDICINE,open,75.0
10 Nov 2025,Monday,,Cardiology,open,65.0
2026-04-10,Friday,,NEUROLOGY,open,27.0
2025-08-29,Friday,,cardiology,open,113.0
2025-09-24,Wednesday,,N/A,open,143.0
21 Aug 2025,Thursday,,Dermatology,open,16.0
2026-01-26,Monday,,unknown,open,276.0
18-02-2026,Wednesday,,Pediatrics,open,57.0
2025-04-21,Monday,,orthopedics,open,120.0
2025-06-13,Friday,,,open,255.0
09 Jun 2025,Monday,,  Pediatrics  ,open,101.0
2026-01-24,Saturday,,PEDIATRICS,open,208.0
09/03/2025,Wednesday,,General Medicine,open,60.0
2025-05-03,Saturday,,Paediatrics,open,80.0
2026-03-08,Sunday,,PEDIATRICS,holiday,
2025-07-14,Monday,,,open,320.0
2025-07-17,Thursday,,PEDIATRICS,open,48.0
17-10-2025,Friday,,Neurology,open,62.0
10/04/2025,Saturday,,General Medicine,open,50.0
03/05/2026,Thursday,,Dermatology,open,14.0
12 Aug 2025,Tuesday,,,open,74.0
2025-12-04,Thursday,,N/A,open,29.0
25-12-2025,Thursday,,Orthopedics,open,40.0
26 Jun 2025,Thursday,,General Medicine,open,120.0
04 Feb 2026,Wednesday,,Pediatrics,open,36.0
2025-08-02,Saturday,,Dermatology,open,768.0
17-08-2025,Sunday,,General Medicine,holiday,15.0
01/06/2026,Tuesday,,Orthopedics,open,83.0
2026-02-01,Sunday,,NULL,,21.0
2025-04-29,Tuesday,,PEDIATRICS,open,81.0
2025-12-22,Monday,,  Dermatology  ,open,53.0
26-04-2025,Saturday,,Paediatrics,open,98.0
10/27/2025,Monday,,Pediatrics,open,99.0
2025-08-24,Sunday,,NULL,holiday,10.0
08/15/2025,Friday,,Cardiology,open,77.0
03 May 2025,Saturday,,Dermatology,open,48.0
2025-06-23,Monday,,ORTHOPEDICS,open,58.0
2025-12-23,Tuesday,,  Pediatrics  ,,110.0
2025-06-30,Monday,,ORTHOPEDICS,open,120.0
2025-08-23,Saturday,,dermatology,open,14.0
2025-07-13,Sunday,,  Neurology  ,holiday,15.0
2025-10-03,Friday,,,open,142.0
12-10-2025,Sunday,,Cardiology,holiday,13.0
2025-10-21,Tuesday,,,open,191.0
07/20/2025,Sunday,,Orthopedics,holiday,6.0
2025-08-17,Sunday,,Cardiology,holiday,140.0
2025-11-16,Sunday,,,holiday,18.0
19 Jan 2026,Monday,,General Medicine,open,176.0
2025-09-25,Thursday,,Genral Medicine,open,99.0
2025-12-11,Thursday,,orthopedics,open,134.0
30 Nov 2025,Sunday,,Cardiology,holiday,
10/20/2025,Monday,,Dermatology,open,57.0
2025-07-06,Sunday,,Orthopaedics,holiday,11.0
2026-04-15,Wednesday,,,open,65.0
14 Jun 2025,Saturday,,Neurology,open,27.0
07/06/2025,Sunday,,Orthopaedics,holiday,7.0
12/04/2025,Thursday,,Neurology,open,39.0
2025-11-28,Friday,,Paediatrics,open,59.0
24-08-2025,Sunday,,General Medicine,holiday,12.0
05/15/2025,Thursday,,Pediatrics,open,29.0
2026-02-08,Sunday,,  Pediatrics  ,holiday,13.0
08-12-2025,Monday,,Neurology,open,159.0
2025-06-12,Thursday,,NULL,open,24.0
12/09/2025,Tuesday,,unknown,open,133.0
2025-12-16,Tuesday,,Neurology,open,1381.0
10-06-2025,Tuesday,,Dermatology,open,82.0
2025-10-15,Wednesday,,N/A,open,49.0
09-07-2025,Wednesday,,Pediatrics,open,41.0
2026-03-25,Wednesday,,Genral Medicine,open,100.0
05/18/2025,Sunday,,Cardiology,holiday,9.0
20-01-2026,Tuesday,,Dermatology,open,227.0
2025-04-28,Monday,,general medicine,open,272.0
05/30/2025,Friday,,Cardiology,open,213.0
2025-12-28,Sunday,,Dermatolgy,holiday,18.0
2026-04-06,Monday,,ORTHOPEDICS,open,55.0
2026-01-02,Friday,,  General Medicine  ,open,112.0
12/03/2025,Wednesday,,Orthopedics,open,97.0
25 Oct 2025,Saturday,,Pediatrics,open,119.0
2025-09-20,Saturday,,unknown,open,71.0
2025-10-19,Sunday,,,holiday,41.0
13-07-2025,Sunday,,Cardiology,holiday,12.0
2025-11-13,Thursday,,,open,140.0
05/01/2025,Thursday,,Dermatology,open,60.0
2025-07-29,Tuesday,,Neurology,open,841.0
06/21/2025,Saturday,,Pediatrics,open,32.0
05/13/2025,Tuesday,,Dermatology,open,57.0
13 Sep 2025,Saturday,,Cardiology,open,86.0
2025-07-02,Wednesday,,,open,212.0
2026-03-27,Friday,,NULL,open,38.0
09/05/2025,Friday,,,open,94.0
21-03-2026,Saturday,,Dermatolgy,open,18.0
28-08-2025,Thursday,,Neurology,open,43.0
2025-12-18,Thursday,,N/A,open,64.0
2025-08-20,Wednesday,,NULL,open,128.0
2025-10-11,Saturday,,  Pediatrics  ,open,70.0
08-04-2026,Wednesday,,General Medicine,open,59.0
2025-07-03,Thursday,,Dermatology,open,770.0
27-12-2025,Saturday,,Dermatology,open,97.0
2025-06-07,Saturday,,Cardiology,open,804.0
2025-11-29,Saturday,,,open,153.0
2025-08-25,Monday,,dermatology,open,59.0
2026-02-08,Sunday,,ORTHOPEDICS,holiday,
12/03/2025,Wednesday,,General Medicine,open,51.0
07/05/2025,Saturday,,Dermatology,open,30.0
2025-06-03,Tuesday,,  General Medicine  ,open,71.0
05/23/2025,Friday,,General Medicine,open,130.0
08/30/2025,Saturday,,Dermatology,open,57.0
29 Apr 2025,Tuesday,,Cardiology,open,83.0
2025-08-25,Monday,,general medicine,open,114.0
2026-03-25,Wednesday,,  Orthopedics  ,open,24.0
2025-06-02,Monday,,General Medicine,open,1565.0
2026-02-03,Tuesday,,  Dermatology  ,open,113.0
2026-03-02,Monday,,N/A,open,63.0
02/04/2026,Wednesday,,neurology,open,65.0
18-04-2026,Saturday,,Paediatrics,open,95.0
08/11/2025,Monday,,Orthopedics,open,45.0
2025-09-04,Thursday,,,open,20.0
12/20/2025,Saturday,,Pediatrics,open,100.0
22-02-2026,Sunday,,Orthopedics,holiday,22.0
2025-06-21,Saturday,,  Dermatology  ,open,49.0
08/13/2025,Wednesday,,Orthopedics,open,26.0
2026-01-22,Thursday,,  Neurology  ,,87.0
29 Jun 2025,Sunday,,Cardiology,holiday,15.0
2026-02-07,Saturday,,Dermatology,open,753.0
12/30/2025,Tuesday,,Dermatology,open,117.0
2025-08-12,Tuesday,,dermatology,open,61.0
30 Jul 2025,Wednesday,,Neurology,open,27.0
10-09-2025,Wednesday,,Pediatrics,open,66.0
2025-09-14,Sunday,,General Medicine,holiday,153.0
2025-11-26,Wednesday,,N/A,open,94.0
10/03/2025,Friday,,Cardiology,open,47.0
19-09-2025,Friday,,Dermatology,open,63.0
13-10-2025,Monday,,Cardiology,open,51.0
2025-07-26,Saturday,,,open,262.0
2026-01-03,Saturday,,orthopedics,open,134.0
2025-12-29,Monday,,Dermatology,open,1037.0
04/09/2026,Thursday,,Pediatrics,open,214.0
14-03-2026,Saturday,,Pediatrics,open,46.0
16-03-2026,Monday,,Orthopedics,open,185.0
2025-07-24,Thursday,,,open,80.0
06/01/2025,Sunday,,Orthopaedics,holiday,5.0
2026-03-13,Friday,,,open,73.0
2025-07-23,Wednesday,,neurology,open,33.0
23-01-2026,Friday,,Neurology,open,18.0
14-10-2025,Tuesday,,Dermatology,open,181.0
2026-01-29,Thursday,,N/A,open,110.0
2025-09-24,Wednesday,,Pediatrics,open,1201.0
10/26/2025,Sunday,,Neurology,holiday,19.0
16-05-2025,Friday,,Dermatology,open,35.0
2025-07-13,Sunday,,N/A,holiday,6.0
02 Jun 2025,Monday,,Neurology,open,79.0
11/19/2025,Wednesday,,Cardiology,open,49.0
2025-06-26,Thursday,,Orthopedics,open,131.0
12/12/2025,Friday,,Orthopedics,open,
2025-05-22,Thursday,,general medicine,open,117.0
2025-05-24,Saturday,,N/A,open,37.0
02/27/2026,Friday,,PEDIATRICS,open,49.0
28-01-2026,Wednesday,,General Medicine,open,72.0
16-04-2026,Thursday,,Cardiology,open,86.0
2025-09-29,Monday,,  Pediatrics  ,open,185.0
12/08/2025,Monday,,unknown,open,
09-07-2025,Wednesday,,Orthopedics,open,23.0
14-01-2026,Wednesday,,,open,93.0
09/06/2025,Saturday,,Cardiology,open,91.0
07/13/2025,Sunday,,General Medicine,holiday,5.0
03-07-2025,Thursday,,Dermatology,open,25.0
2026-02-12,Thursday,,Paediatrics,open,75.0
2025-08-30,Saturday,,DERMATOLOGY,open,17.0
18 Nov 2025,Tuesday,,Orthopedics,open,75.0
2025-09-08,Monday,,PEDIATRICS,open,70.0
11/11/2025,Tuesday,,,open,69.0
2025-09-23,Tuesday,,Dermatolgy,open,64.0
06-01-2026,Tuesday,,Neurology,open,36.0
14-12-2025,Sunday,,General Medicine,holiday,15.0
2025-09-05,Friday,,Genral Medicine,open,105.0
02/02/2026,Monday,,Neurology,open,123.0
07/04/2025,Friday,,,open,108.0
2025-08-07,Thursday,,cardiology,open,27.0
2025-05-03,Saturday,,Genral Medicine,open,59.0
2025-05-24,Saturday,,,open,157.0
2025-10-07,Tuesday,,,open,185.0
16-11-2025,Sunday,,Pediatrics,holiday,15.0
10-10-2025,Friday,,Pediatrics,open,57.0
2025-08-01,Friday,,cardiology,open,31.0
2025-08-09,Saturday,,  Pediatrics  ,open,67.0
02/27/2026,Friday,,Pediatrics,open,108.0
10-10-2025,Friday,,Neurology,open,49.0
05-04-2026,Sunday,,Cardiology,holiday,12.0
2026-04-16,Thursday,,N/A,open,105.0
15 Nov 2025,Saturday,,Orthopedics,open,50.0
05 Dec 2025,Friday,,GENERAL MEDICINE,open,113.0
02-10-2025,Thursday,,Neurology,open,31.0
25 Jan 2026,Sunday,,General Medicine,holiday,6.0
11 Sep 2025,Thursday,,Orthopedics,open,49.0
06/08/2025,Sunday,,Pediatrics,holiday,7.0
2025-06-15,Sunday,,CARDIOLOGY,holiday,15.0
01-05-2025,Thursday,,Pediatrics,open,49.0
06-04-2026,Monday,,Neurology,,62.0
02 Apr 2026,Thursday,,Pediatrics,open,101.0
04-05-2025,Sunday,,Pediatrics,holiday,17.0
18-11-2025,Tuesday,,Neurology,open,48.0
2026-01-28,Wednesday,,,open,45.0
2025-10-13,Monday,,,open,418.0
14 Jun 2025,Saturday,,Dermatology,open,24.0
2025-09-07,Sunday,,ORTHOPEDICS,holiday,8.0
19-07-2025,Saturday,,Neurology,open,96.0
08/07/2025,Thursday,,General Medicine,open,38.0
06/22/2025,Sunday,,Orthopedics,holiday,23.0
2025-11-27,Thursday,,Neurology,open,641.0
2026-04-06,Monday,,  Pediatrics  ,open,69.0
2025-11-01,Saturday,,Genral Medicine,open,209.0
01/19/2026,Monday,,Orthopedics,open,48.0
18-11-2025,Tuesday,,General Medicine,open,212.0
26-11-2025,Wednesday,,Cardiology,open,58.0
04/02/2026,Thursday,,Neurology,open,26.0
18 Jan 2026,Sunday,,Cardiology,holiday,30.0
10/06/2025,Monday,,Neurology,open,63.0
09 Apr 2026,Thursday,,Neurology,open,188.0
2025-11-05,Wednesday,,  Pediatrics  ,open,39.0
2025-06-26,Thursday,,NEUROLOGY,open,50.0
2026-04-19,Sunday,,NULL,holiday,17.0
01 Aug 2025,Friday,,Dermatology,open,30.0
2026-04-11,Saturday,,Dermatolgy,open,63.0
2025-11-30,Sunday,,Dermatolgy,holiday,14.0
2025-06-27,Friday,,Cardiology,open,767.0
29 Sep 2025,Monday,,,open,124.0
2025-07-23,Wednesday,,ORTHOPEDICS,open,75.0
2026-02-06,Friday,,N/A,open,87.0
13 Aug 2025,Wednesday,,Dermatology,open,77.0
08-08-2025,Friday,,Dermatology,open,18.0
08 Nov 2025,Saturday,,Cardiology,open,159.0
2026-02-08,Sunday,,neurology,holiday,8.0
2025-08-22,Friday,,,open,78.0
2025-07-06,Sunday,,GENERAL MEDICINE,holiday,10.0
2026-02-21,Saturday,,  Cardiology  ,open,27.0
2025-07-25,Friday,,general medicine,open,65.0
2026-03-19,Thursday,,CARDIOLOGY,open,63.0
2025-11-14,Friday,,  Orthopedics  ,open,84.0
18 Dec 2025,Thursday,,Pediatrics,open,43.0
2025-12-03,Wednesday,,  Dermatology  ,open,31.0
2025-07-02,Wednesday,,dermatology,open,25.0
2025-07-24,Thursday,,orthopedics,open,30.0
08-09-2025,Monday,,Pediatrics,open,180.0
2026-03-23,Monday,,PEDIATRICS,open,73.0
2026-01-08,Thursday,,general medicine,open,103.0
2025-07-09,Wednesday,,CARDIOLOGY,open,21.0
2025-08-04,Monday,,NEUROLOGY,open,68.0
2025-09-11,Thursday,,N/A,open,108.0
2025-08-05,Tuesday,,Paediatrics,open,69.0
2025-05-22,Thursday,,N/A,open,85.0
2026-03-17,Tuesday,,neurology,open,95.0
2026-01-08,Thursday,,N/A,open,95.0
2025-08-01,Friday,,  Neurology  ,open,46.0
2025-12-23,Tuesday,,,open,241.0
03/14/2026,Saturday,,Neurology,open,44.0
12/23/2025,Tuesday,,General Medicine,open,277.0
04/02/2026,Thursday,,Dermatology,open,61.0
21-12-2025,Sunday,,Pediatrics,holiday,11.0
2025-11-05,Wednesday,,Paediatrics,open,48.0
03/01/2026,Sunday,,General Medicine,holiday,17.0
10/26/2025,Sunday,,General Medicine,holiday,23.0
02/11/2026,Wednesday,,General Medicine,open,57.0
2025-10-26,Sunday,,orthopedics,holiday,39.0
10-02-2026,Tuesday,,Cardiology,open,65.0
11/22/2025,Saturday,,Dermatology,open,42.0
22 Dec 2025,Monday,,Orthopedics,open,81.0
2025-09-29,Monday,,  General Medicine  ,open,158.0
04/19/2026,Sunday,,General Medicine,holiday,10.0
2026-04-13,Monday,,pediatrics,open,
2026-02-23,Monday,,NULL,open,48.0
03-11-2025,Monday,,Pediatrics,open,179.0
2025-07-26,Saturday,,  Orthopedics  ,open,84.0
2026-03-10,Tuesday,,general medicine,open,88.0
2025-09-06,Saturday,,,open,154.0
2025-12-15,Monday,,PEDIATRICS,open,97.0
2025-08-31,Sunday,,orthopedics,holiday,19.0
2025-12-01,Monday,,N/A,open,82.0
19-12-2025,Friday,,Orthopedics,open,119.0
04/11/2026,Saturday,,general medicine,open,46.0
08/18/2025,Monday,,Neurology,open,123.0
2025-11-05,Wednesday,,,open,85.0
02-05-2025,Friday,,Pediatrics,open,100.0
2025-12-09,Tuesday,,  Orthopedics  ,open,38.0
2025-04-20,Sunday,,Orthopaedics,holiday,36.0
07/07/2025,Monday,,N/A,open,63.0
03/12/2026,Thursday,,Pediatrics,open,38.0
29-10-2025,Wednesday,,Orthopedics,open,44.0
02/05/2026,Thursday,,Orthopedics,open,47.0
12-08-2025,Tuesday,,Cardiology,open,71.0
2026-01-15,Thursday,,DERMATOLOGY,open,50.0
2025-05-31,Saturday,,Paediatrics,open,42.0
30-10-2025,Thursday,,Orthopedics,open,35.0
2025-10-13,Monday,,PEDIATRICS,,142.0
05-05-2025,Monday,,Dermatology,open,45.0
11 Jun 2025,Wednesday,,CARDIOLOGY,open,43.0
2025-06-01,Sunday,,GENERAL MEDICINE,holiday,10.0
12/31/2025,Wednesday,,Genral Medicine,open,69.0
2025-07-16,Wednesday,,NULL,open,27.0
2026-02-12,Thursday,,  Dermatology  ,,75.0
11 Jan 2026,Sunday,,Orthopedics,holiday,12.0
2025-11-30,Sunday,,,holiday,11.0
2025-07-09,Wednesday,,unknown,open,147.0
01/05/2026,Monday,,Orthopedics,open,249.0
07-10-2025,Tuesday,,General Medicine,open,130.0
03 Feb 2026,Tuesday,,Orthopedics,open,114.0
02 Oct 2025,Thursday,,Orthopedics,open,54.0
06/26/2025,Thursday,,Orthopedics,open,57.0
04-12-2025,Thursday,,Pediatrics,open,
19-06-2025,Thursday,,General Medicine,open,95.0
2025-09-17,Wednesday,,neurology,open,105.0
2025-11-22,Saturday,,NULL,open,117.0
2025-10-24,Friday,,Orthopaedics,open,42.0
31 May 2025,Saturday,,Neurology,open,10.0
2025-12-11,Thursday,,neurology,open,51.0
09/03/2025,Wednesday,,Orthopedics,open,17.0
08/30/2025,Saturday,,Pediatrics,open,68.0
2025-12-14,Sunday,,Nuerology,holiday,14.0
2025-05-19,Monday,,dermatology,open,87.0
18-10-2025,Saturday,,General Medicine,open,98.0
2025-07-19,Saturday,,NEUROLOGY,open,11.0
2025-07-25,Friday,,  General Medicine  ,open,98.0
2026-03-25,Wednesday,,DERMATOLOGY,open,88.0
2026-01-27,Tuesday,,,open,123.0
17 Dec 2025,Wednesday,,Pediatrics,open,38.0
2025-06-16,Monday,,ORTHOPEDICS,open,123.0
2025-09-15,Monday,,,open,180.0
25-04-2025,Friday,,Cardiology,open,70.0
01/27/2026,Tuesday,,Cardiology,open,159.0
2025-06-13,Friday,,orthopedics,open,29.0
2026-01-18,Sunday,,pediatrics,holiday,10.0
13 Jan 2026,Tuesday,,Neurology,open,53.0
15-06-2025,Sunday,,Neurology,holiday,5.0
2025-11-07,Friday,,PEDIATRICS,open,30.0
2025-05-08,Thursday,,  Orthopedics  ,open,15.0
02 May 2025,Friday,,Pediatrics,open,162.0
09-04-2026,Thursday,,Dermatology,open,22.0
20-12-2025,Saturday,,,open,71.0
05/06/2025,Tuesday,,Pediatrics,open,190.0
11/25/2025,Tuesday,,Cardiology,open,74.0
09/25/2025,Thursday,,General Medicine,open,29.0
2025-11-30,Sunday,,neurology,holiday,6.0
2026-01-26,Monday,,neurology,open,59.0
2025-10-22,Wednesday,,Nuerology,open,46.0
06/17/2025,Tuesday,,Dermatology,open,198.0
2025-05-10,Saturday,,CARDIOLOGY,open,29.0
08/21/2025,Thursday,,,open,
2026-02-23,Monday,,CARDIOLOGY,open,190.0
2026-01-14,Wednesday,,  Cardiology  ,open,60.0
2025-09-26,Friday,,DERMATOLOGY,open,78.0
2026-01-20,Tuesday,,NEUROLOGY,open,74.0
28 Apr 2025,Monday,,DERMATOLOGY,open,
2025-07-10,Thursday,,  Pediatrics  ,open,71.0
2025-12-24,Wednesday,,unknown,open,22.0
29 Aug 2025,Friday,,Dermatology,open,62.0
2026-02-15,Sunday,,Dermatology,holiday,228.0
30 May 2025,Friday,,Cardiology,open,76.0
2026-04-10,Friday,,Dermatolgy,open,70.0
19-03-2026,Thursday,,Dermatology,open,36.0
03 Nov 2025,Monday,,Dermatology,open,122.0
2025-09-22,Monday,,  Pediatrics  ,open,182.0
2025-09-22,Monday,,  Orthopedics  ,open,83.0
2026-04-16,Thursday,,,open,33.0
2025-06-10,Tuesday,,Cardiology,open,1689.0
2025-06-11,Wednesday,,  General Medicine  ,open,54.0
2025-11-29,Saturday,,Orthopaedics,open,47.0
09-01-2026,Friday,,Dermatology,open,77.0
2025-12-20,Saturday,,  General Medicine  ,open,55.0
2026-02-11,Wednesday,,  Dermatology  ,open,88.0
01/05/2026,Monday,,Cardiology,open,175.0
2025-09-02,Tuesday,,,open,417.0
06/15/2025,Sunday,,General Medicine,holiday,20.0
2025-08-29,Friday,,unknown,open,63.0
2026-03-27,Friday,,cardiology,open,31.0
2025-06-28,Saturday,,neurology,open,63.0
2026-01-04,Sunday,,,holiday,44.0
13 Oct 2025,Monday,,Orthopedics,open,88.0
29-09-2025,Monday,,NULL,open,56.0
11-11-2025,Tuesday,,General Medicine,open,95.0
2025-10-13,Monday,,Neurology,open,886.0
28 Jan 2026,Wednesday,,Dermatology,open,30.0
17-07-2025,Thursday,,Neurology,open,85.0
2026-04-06,Monday,,Genral Medicine,open,113.0
02/01/2026,Sunday,,Dermatology,holiday,32.0
2026-01-08,Thursday,,  Dermatology  ,open,22.0
2025-11-19,Wednesday,,  Neurology  ,open,34.0
06/30/2025,Monday,,General Medicine,open,68.0
2025-09-12,Friday,,  Pediatrics  ,open,51.0
15 Apr 2026,Wednesday,,Pediatrics,open,63.0
2025-06-28,Saturday,,,open,24.0
08-02-2026,Sunday,,Cardiology,holiday,11.0
2026-01-19,Monday,,NEUROLOGY,open,175.0
2025-06-20,Friday,,Neurology,open,809.0
2025-12-06,Saturday,,,open,81.0
2025-10-13,Monday,,general medicine,open,73.0
05/26/2025,Monday,,Orthopedics,open,57.0
2025-10-17,Friday,,Pediatrics,open,540.0
2026-04-11,Saturday,,N/A,open,
09-10-2025,Thursday,,Orthopedics,open,10.0
09/10/2025,Wednesday,,General Medicine,open,113.0
03/08/2026,Sunday,,Dermatology,holiday,10.0
12 Nov 2025,Wednesday,,Neurology,open,41.0
08 Jun 2025,Sunday,,General Medicine,holiday,22.0
08/19/2025,Tuesday,,,open,48.0
2026-04-08,Wednesday,,PEDIATRICS,open,116.0
04/09/2026,Thursday,,dermatology,open,23.0
13-12-2025,Saturday,,Dermatology,open,77.0
2025-12-15,Monday,,  Cardiology  ,open,81.0
2026-03-14,Saturday,,Neurology,open,837.0
2025-12-16,Tuesday,,N/A,open,276.0
2025-05-02,Friday,,PEDIATRICS,open,102.0
25 Dec 2025,Thursday,,Dermatology,open,25.0
23-11-2025,Sunday,,Cardiology,holiday,9.0
2025-11-22,Saturday,,GENERAL MEDICINE,open,75.0
17-12-2025,Wednesday,,Dermatology,open,70.0
05-12-2025,Friday,,PEDIATRICS,open,67.0
2025-07-20,Sunday,,general medicine,holiday,10.0
2026-03-03,Tuesday,,general medicine,open,129.0
05/27/2025,Tuesday,,Dermatology,open,118.0
2025-08-25,Monday,,ORTHOPEDICS,open,75.0
03/04/2026,Wednesday,,General Medicine,open,76.0
2025-11-23,Sunday,,DERMATOLOGY,holiday,10.0
25-02-2026,Wednesday,,Dermatology,open,50.0
2025-04-30,Wednesday,,N/A,open,
08-11-2025,Saturday,,,open,48.0
14-08-2025,Thursday,,Cardiology,open,83.0
2025-11-12,Wednesday,,cardiology,open,37.0
2025-11-26,Wednesday,,NEUROLOGY,open,20.0
2025-08-23,Saturday,,CARDIOLOGY,open,67.0
2026-01-06,Tuesday,,,open,225.0
2026-04-02,Thursday,,,open,19.0
04-09-2025,Thursday,,Pediatrics,open,123.0
16 Jan 2026,Friday,,Dermatology,open,75.0
2026-03-12,Thursday,,ORTHOPEDICS,open,18.0
2026-03-09,Monday,,Orthopedics,open,1065.0
2026-01-02,Friday,,,open,65.0
25 Jun 2025,Wednesday,,Dermatology,open,37.0
02/05/2026,Thursday,,Cardiology,open,24.0
15 Jun 2025,Sunday,,General Medicine,holiday,24.0
2026-03-22,Sunday,,NEUROLOGY,holiday,20.0
03/24/2026,Tuesday,,Cardiology,open,34.0
2026-02-23,Monday,,PEDIATRICS,open,97.0
29-03-2026,Sunday,,Neurology,holiday,10.0
2025-05-14,Wednesday,,Genral Medicine,open,64.0
22-04-2025,Tuesday,,Cardiology,open,46.0
12/18/2025,Thursday,,Neurology,open,37.0
2026-04-11,Saturday,,ORTHOPEDICS,open,88.0
11/06/2025,Thursday,,Pediatrics,open,24.0
2025-05-04,Sunday,,Paediatrics,holiday,18.0
2025-09-17,Wednesday,,,open,212.0
12/31/2025,Wednesday,,Neurology,open,36.0
2025-08-17,Sunday,,NEUROLOGY,holiday,16.0
2026-01-07,Wednesday,,Genral Medicine,open,49.0
21 Mar 2026,Saturday,,Cardiology,open,91.0
2025-12-25,Thursday,,PEDIATRICS,open,100.0
2026-02-19,Thursday,,cardiology,open,43.0
2025-08-06,Wednesday,,PEDIATRICS,open,182.0
25-01-2026,Sunday,,Cardiology,holiday,17.0
2025-12-12,Friday,,DERMATOLOGY,open,
2025-09-05,Friday,,  Pediatrics  ,open,97.0
2026-03-03,Tuesday,,DERMATOLOGY,open,112.0
2025-08-18,Monday,,NULL,open,168.0
2025-12-30,Tuesday,,N/A,open,177.0
2026-03-12,Thursday,,,open,39.0
29 Mar 2026,Sunday,,Dermatology,holiday,8.0
2025-12-21,Sunday,,,holiday,19.0
12/17/2025,Wednesday,,Dermatology,open,68.0
10/28/2025,Tuesday,,Pediatrics,open,132.0
2026-01-24,Saturday,,orthopedics,open,38.0
2025-05-07,Wednesday,,N/A,open,26.0
19-08-2025,Tuesday,,Neurology,open,94.0
2026-02-08,Sunday,,,holiday,24.0
16 Oct 2025,Thursday,,Pediatrics,open,62.0
03/11/2026,Wednesday,,Orthopedics,open,21.0
2025-05-01,Thursday,,PEDIATRICS,open,44.0
2026-01-13,Tuesday,,general medicine,open,154.0
2025-06-18,Wednesday,,ORTHOPEDICS,open,42.0
2026-01-25,Sunday,,Genral Medicine,holiday,28.0
30-05-2025,Friday,,Orthopedics,open,18.0
2026-02-12,Thursday,,  Neurology  ,open,161.0
2025-09-12,Friday,,  Dermatology  ,open,92.0
2025-09-22,Monday,,neurology,open,54.0
04/20/2025,Sunday,,Orthopedics,holiday,15.0
2026-03-02,Monday,,cardiology,open,42.0
22-04-2025,Tuesday,,Orthopedics,open,105.0
2025-10-01,Wednesday,,  Neurology  ,open,56.0
2025-12-11,Thursday,,  Neurology  ,open,89.0
01/11/2026,Sunday,,Dermatology,holiday,10.0
29 Dec 2025,Monday,,Pediatrics,open,83.0
04-04-2026,Saturday,,Cardiology,open,115.0
05-07-2025,Saturday,,Dermatology,open,18.0
2025-11-04,Tuesday,,ORTHOPEDICS,open,89.0
09-03-2026,Monday,,Pediatrics,open,168.0
03 May 2025,Saturday,,Orthopedics,open,68.0
13 May 2025,Tuesday,,Pediatrics,open,141.0
01/22/2026,Thursday,,Pediatrics,open,87.0
2025-05-22,Thursday,,,open,164.0
01 Nov 2025,Saturday,,neurology,open,33.0
2025-07-08,Tuesday,,pediatrics,open,85.0
16 Jul 2025,Wednesday,,Neurology,open,52.0
2025-11-06,Thursday,,NEUROLOGY,open,69.0
05/20/2025,Tuesday,,General Medicine,open,111.0
04/12/2026,Sunday,,General Medicine,holiday,12.0
2025-11-10,Monday,,Nuerology,open,59.0
2025-06-05,Thursday,,neurology,open,68.0
2025-06-09,Monday,,dermatology,open,296.0
2025-07-31,Thursday,,N/A,open,12.0
28 Apr 2025,Monday,,General Medicine,open,71.0
17-08-2025,Sunday,,Orthopedics,holiday,19.0
2026-01-02,Friday,,NEUROLOGY,open,36.0
2025-11-04,Tuesday,,NULL,open,74.0
01-11-2025,Saturday,,Cardiology,open,85.0
2026-03-11,Wednesday,,Genral Medicine,open,89.0
18 Feb 2026,Wednesday,,Orthopedics,open,66.0
29 Apr 2025,Tuesday,,Orthopedics,open,148.0
19-06-2025,Thursday,,Orthopedics,open,36.0
2025-08-04,Monday,,Orthopaedics,open,
26-08-2025,Tuesday,,General Medicine,open,118.0
07-02-2026,Saturday,,Cardiology,open,64.0
2025-08-30,Saturday,,Dermatolgy,open,93.0
11/14/2025,Friday,,Pediatrics,open,131.0
2026-02-28,Saturday,,NULL,open,62.0
09-12-2025,Tuesday,,Dermatology,open,42.0
2025-10-04,Saturday,,pediatrics,open,80.0
2025-05-11,Sunday,,N/A,holiday,23.0
09/18/2025,Thursday,,Orthopedics,open,43.0
04 Sep 2025,Thursday,,Pediatrics,open,126.0
07/21/2025,Monday,,General Medicine,open,
07/04/2025,Friday,,Orthopedics,open,102.0
2025-09-16,Tuesday,,orthopedics,open,109.0
2025-09-09,Tuesday,,NULL,open,53.0
25-05-2025,Sunday,,Dermatology,holiday,14.0
2026-03-26,Thursday,,NEUROLOGY,open,54.0
2025-08-24,Sunday,,general medicine,holiday,21.0
2025-06-04,Wednesday,,pediatrics,open,55.0
2025-09-07,Sunday,,Dermatolgy,holiday,15.0
01 Nov 2025,Saturday,,Dermatology,open,27.0
05/28/2025,Wednesday,,Cardiology,open,33.0
2025-10-22,Wednesday,,pediatrics,open,106.0
2026-04-07,Tuesday,,Orthopaedics,open,70.0
2026-02-09,Monday,,NEUROLOGY,,58.0
2025-09-27,Saturday,,  Dermatology  ,open,83.0
26 Aug 2025,Tuesday,,Cardiology,open,
16 Mar 2026,Monday,,Dermatology,open,59.0
2026-02-25,Wednesday,,,open,183.0
2025-12-02,Tuesday,,Dermatolgy,open,73.0
15-02-2026,Sunday,,Orthopedics,holiday,27.0
01-06-2025,Sunday,,Cardiology,holiday,
2025-11-19,Wednesday,,  Pediatrics  ,open,74.0
2025-07-28,Monday,,,open,33.0
27 Feb 2026,Friday,,Cardiology,open,86.0
2025-06-06,Friday,,pediatrics,open,101.0
03/22/2026,Sunday,,Cardiology,holiday,15.0
2025-09-13,Saturday,,N/A,open,44.0
2025-07-19,Saturday,,Paediatrics,open,68.0
2025-11-30,Sunday,,NULL,holiday,13.0
07/24/2025,Thursday,,Orthopedics,open,65.0
08/08/2025,Friday,,Orthopedics,open,101.0
2026-02-22,Sunday,,Paediatrics,holiday,15.0
2026-02-22,Sunday,,DERMATOLOGY,holiday,31.0
13 Jul 2025,Sunday,,Dermatology,,26.0
01 Nov 2025,Saturday,,Cardiology,open,28.0
11-04-2026,Saturday,,Neurology,open,65.0
17 Jan 2026,Saturday,,general medicine,open,
12/17/2025,Wednesday,,Genral Medicine,open,33.0
28 Mar 2026,Saturday,,Dermatology,open,34.0
04/17/2026,Friday,,Orthopedics,open,80.0
2025-07-16,Wednesday,,Paediatrics,open,55.0
2025-09-20,Saturday,,,open,168.0
01-05-2025,Thursday,,Orthopedics,open,81.0
2025-11-16,Sunday,,NULL,holiday,15.0
2025-10-14,Tuesday,,NULL,open,98.0
2025-07-22,Tuesday,,,open,94.0
28-11-2025,Friday,,Dermatology,open,14.0
03/15/2026,Sunday,,General Medicine,holiday,35.0
17 May 2025,Saturday,,Neurology,open,82.0
2025-11-18,Tuesday,,,open,363.0
2025-12-29,Monday,,orthopedics,open,58.0
05/13/2025,Tuesday,,Pediatrics,open,296.0
06 May 2025,Tuesday,,Dermatology,open,46.0
2026-02-01,Sunday,,PEDIATRICS,holiday,7.0
2025-07-29,Tuesday,,N/A,open,85.0
2025-05-23,Friday,,Orthopaedics,open,13.0
2025-06-20,Friday,,  Dermatology  ,open,36.0
04-07-2025,Friday,,Orthopedics,open,41.0
2026-03-13,Friday,,Genral Medicine,open,34.0
2025-10-21,Tuesday,,NEUROLOGY,open,149.0
04-11-2025,Tuesday,,Pediatrics,open,77.0
20 Jun 2025,Friday,,General Medicine,open,116.0
04 May 2025,Sunday,,Orthopedics,holiday,5.0
09/15/2025,Monday,,Cardiology,open,130.0
17 Dec 2025,Wednesday,,Orthopedics,open,114.0
2026-02-09,Monday,,GENERAL MEDICINE,open,146.0
15-07-2025,Tuesday,,Pediatrics,open,95.0
2026-04-03,Friday,,,open,109.0
2025-05-28,Wednesday,,PEDIATRICS,open,54.0
12-11-2025,Wednesday,,Pediatrics,open,72.0
09/15/2025,Monday,,,open,62.0
2025-05-16,Friday,,pediatrics,open,55.0
26 Nov 2025,Wednesday,,General Medicine,open,160.0
2025-08-03,Sunday,,,holiday,36.0
2025-05-03,Saturday,,  Pediatrics  ,open,63.0
07-03-2026,Saturday,,Dermatology,open,105.0
2026-04-19,Sunday,,  Neurology  ,holiday,15.0
21 Nov 2025,Friday,,Dermatology,open,74.0
2025-05-27,Tuesday,,,open,301.0
01/11/2026,Sunday,,unknown,holiday,5.0
2025-08-26,Tuesday,,N/A,open,47.0
25 Apr 2025,Friday,,Cardiology,open,53.0
2026-02-02,Monday,,NULL,open,413.0
12-04-2026,Sunday,,Dermatology,holiday,37.0
05-04-2026,Sunday,,Orthopedics,holiday,10.0
2026-03-11,Wednesday,,DERMATOLOGY,open,30.0
11-11-2025,Tuesday,,Pediatrics,open,95.0
03/03/2026,Tuesday,,Dermatology,open,123.0
2025-09-19,Friday,,,open,113.0
2026-02-16,Monday,,PEDIATRICS,open,182.0
2025-12-30,Tuesday,,pediatrics,open,94.0
2025-07-25,Friday,,NEUROLOGY,open,18.0
2026-04-11,Saturday,,pediatrics,open,
10 Jul 2025,Thursday,,Dermatology,open,18.0
2025-07-17,Thursday,,cardiology,open,74.0
11/16/2025,Sunday,,General Medicine,holiday,12.0
18 Sep 2025,Thursday,,Pediatrics,open,37.0
2025-09-19,Friday,,Orthopaedics,open,22.0
2025-10-30,Thursday,,dermatology,open,90.0
23-03-2026,Monday,,General Medicine,open,59.0
2026-04-07,Tuesday,,,open,101.0
12/04/2025,Thursday,,Dermatology,open,45.0
2025-04-29,Tuesday,,NULL,open,74.0
11 Nov 2025,Tuesday,,Cardiology,open,64.0
20 Jun 2025,Friday,,Dermatology,open,115.0
02/10/2026,Tuesday,,Orthopedics,open,99.0
25 Feb 2026,Wednesday,,Neurology,open,35.0
2025-06-10,Tuesday,,Dermatology,open,905.0
2025-10-08,Wednesday,,Paediatrics,open,41.0
2025-06-30,Monday,,,open,78.0
10/13/2025,Monday,,Neurology,open,117.0
05/18/2025,Sunday,,Orthopedics,holiday,9.0
2025-04-20,Sunday,,NULL,holiday,16.0
04/23/2025,Wednesday,,Neurology,open,84.0
09 May 2025,Friday,,Pediatrics,open,48.0
08 Dec 2025,Monday,,Neurology,open,97.0
13 Jul 2025,Sunday,,Pediatrics,holiday,6.0
06 Dec 2025,Saturday,,Dermatology,open,38.0
2026-03-22,Sunday,,  Dermatology  ,holiday,13.0
2025-07-10,Thursday,,Paediatrics,open,198.0
23 Jul 2025,Wednesday,,Dermatology,open,93.0
02/08/2026,Sunday,,Pediatrics,holiday,11.0
30 Jun 2025,Monday,,Dermatology,open,162.0
2026-01-20,Tuesday,,,open,135.0
27 Nov 2025,Thursday,,General Medicine,open,152.0
06/12/2025,Thursday,,Neurology,open,13.0
2026-03-20,Friday,,ORTHOPEDICS,open,78.0
2025-07-10,Thursday,,  Neurology  ,open,100.0
2025-06-04,Wednesday,,  Dermatology  ,open,37.0
2025-11-18,Tuesday,,general medicine,open,100.0
03/02/2026,Monday,,Neurology,open,159.0
2025-12-20,Saturday,,  Orthopedics  ,open,70.0
05-12-2025,Friday,,Orthopedics,open,165.0
26 Aug 2025,Tuesday,,Dermatology,open,65.0
2025-06-27,Friday,,Orthopedics,open,239.0
2025-12-13,Saturday,,Cardiologyy,open,16.0
21 Dec 2025,Sunday,,Cardiology,holiday,28.0
2025-12-31,Wednesday,,Paediatrics,open,57.0
2025-08-18,Monday,,dermatology,open,49.0
2025-10-04,Saturday,,N/A,open,77.0
08/24/2025,Sunday,,Pediatrics,holiday,10.0
06/20/2025,Friday,,Cardiology,open,
06 Jan 2026,Tuesday,,Orthopedics,open,158.0
2025-05-29,Thursday,,unknown,open,45.0
2025-06-03,Tuesday,,Cardiologyy,open,50.0
2025-05-06,Tuesday,,pediatrics,open,58.0
09/13/2025,Saturday,,Dermatology,open,86.0
02/05/2026,Thursday,,,open,53.0
2026-04-17,Friday,,CARDIOLOGY,open,41.0
05/24/2025,Saturday,,Pediatrics,open,84.0
2026-02-16,Monday,,GENERAL MEDICINE,open,48.0
24 Oct 2025,Friday,,Cardiology,open,62.0
2025-08-01,Friday,,Orthopaedics,open,30.0
04/19/2025,Saturday,,Pediatrics,open,67.0
03 Sep 2025,Wednesday,,Dermatology,open,50.0
2025-11-23,Sunday,,orthopedics,holiday,16.0
2025-06-18,Wednesday,,Nuerology,open,20.0
01/18/2026,Sunday,,Neurology,holiday,14.0
18-09-2025,Thursday,,Cardiology,open,50.0
2026-01-21,Wednesday,,cardiology,open,35.0
08/16/2025,Saturday,,Neurology,open,158.0
2025-05-17,Saturday,,neurology,open,48.0
2025-08-04,Monday,,ORTHOPEDICS,open,66.0
28-07-2025,Monday,,General Medicine,open,80.0
05/23/2025,Friday,,Orthopedics,open,42.0
05/17/2025,Saturday,,Dermatology,open,36.0
2025-06-24,Tuesday,,Pediatrics,open,1374.0
04/04/2026,Saturday,,Dermatology,open,73.0
06 Jul 2025,Sunday,,General Medicine,holiday,14.0
2025-10-31,Friday,,dermatology,open,63.0
08 May 2025,Thursday,,  Cardiology  ,open,28.0
2026-02-27,Friday,,pediatrics,open,108.0
09 Jan 2026,Friday,,Cardiology,open,41.0
11/30/2025,Sunday,,Neurology,holiday,10.0
02-08-2025,Saturday,,General Medicine,open,48.0
2025-11-09,Sunday,,ORTHOPEDICS,,9.0
2025-12-21,Sunday,,NULL,holiday,18.0
06 Feb 2026,Friday,,Orthopedics,open,65.0
07/02/2025,Wednesday,,Orthopedics,open,47.0
11/18/2025,Tuesday,,Orthopedics,open,109.0
2026-02-02,Monday,,,open,39.0
2025-08-02,Saturday,,N/A,open,44.0
2025-11-15,Saturday,,cardiology,open,34.0
07/24/2025,Thursday,,Neurology,open,16.0
02/21/2026,Saturday,,Cardiology,open,43.0
03/20/2026,Friday,,general medicine,open,89.0
2026-03-16,Monday,,cardiology,open,97.0
2026-03-25,Wednesday,,NEUROLOGY,open,37.0
2026-01-30,Friday,,  General Medicine  ,open,82.0
2025-04-27,Sunday,,NULL,holiday,20.0
2025-05-26,Monday,,general medicine,open,115.0
2025-09-16,Tuesday,,,open,139.0
2025-10-11,Saturday,,N/A,open,21.0
11/28/2025,Friday,,General Medicine,open,100.0
18 Sep 2025,Thursday,,Neurology,open,96.0
09/12/2025,Friday,,Neurology,open,98.0
13-07-2025,Sunday,,Dermatology,holiday,18.0
2026-02-07,Saturday,,cardiology,open,19.0
2025-07-10,Thursday,,pediatrics,open,47.0
26 Oct 2025,Sunday,,General Medicine,holiday,12.0
2025-10-25,Saturday,,general medicine,open,59.0
05-05-2025,Monday,,General Medicine,open,71.0
11/18/2025,Tuesday,,General Medicine,open,148.0
05-06-2025,Thursday,,cardiology,open,40.0
2025-11-16,Sunday,,CARDIOLOGY,holiday,20.0
2025-09-12,Friday,,CARDIOLOGY,open,19.0
05/01/2025,Thursday,,general medicine,open,29.0
2026-01-18,Sunday,,GENERAL MEDICINE,holiday,16.0
27-05-2025,Tuesday,,Cardiology,open,113.0
2025-07-10,Thursday,,cardiology,open,81.0
2025-09-16,Tuesday,,  Cardiology  ,open,125.0
2026-01-04,Sunday,,unknown,holiday,
30 Jun 2025,Monday,,Neurology,open,139.0
2026-03-16,Monday,,,open,361.0
31-12-2025,Wednesday,,Cardiology,open,28.0
17-05-2025,Saturday,,Dermatology,open,44.0
19-01-2026,Monday,,General Medicine,open,76.0
05/17/2025,Saturday,,Cardiology,open,91.0
2025-12-23,Tuesday,,NULL,open,182.0
04-02-2026,Wednesday,,Orthopedics,open,116.0
29 Nov 2025,Saturday,,Cardiology,open,43.0
2025-11-20,Thursday,,,open,23.0
08 Sep 2025,Monday,,Pediatrics,open,113.0
07/28/2025,Monday,,Pediatrics,,233.0
2026-01-12,Monday,,pediatrics,open,191.0
24 Oct 2025,Friday,,Pediatrics,open,54.0
2025-10-13,Monday,,DERMATOLOGY,open,106.0
19 Oct 2025,Sunday,,Pediatrics,holiday,19.0
12-07-2025,Saturday,,Cardiology,open,78.0
2025-11-24,Monday,,dermatology,open,78.0
06 Sep 2025,Saturday,,Pediatrics,open,42.0
23-03-2026,Monday,,Orthopedics,open,62.0
08/12/2025,Tuesday,,General Medicine,open,146.0
2026-03-01,Sunday,,NULL,holiday,12.0
2025-04-27,Sunday,,,holiday,25.0
2025-06-25,Wednesday,,Nuerology,open,134.0
2025-12-11,Thursday,,NULL,open,11.0
2026-03-22,Sunday,,dermatology,holiday,15.0
19 Apr 2026,Sunday,,Pediatrics,holiday,13.0
09-03-2026,Monday,,General Medicine,open,165.0
05/23/2025,Friday,,Cardiology,open,208.0
2025-07-10,Thursday,,orthopedics,open,93.0
11 Jun 2025,Wednesday,,Pediatrics,open,67.0
2026-04-03,Friday,,  Pediatrics  ,open,88.0
2025-10-17,Friday,,,open,51.0
2026-04-12,Sunday,,ORTHOPEDICS,holiday,19.0
07/31/2025,Thursday,,Pediatrics,open,287.0
2025-07-03,Thursday,,general medicine,open,51.0
12 Apr 2026,Sunday,,NULL,holiday,16.0
21 Dec 2025,Sunday,,Pediatrics,holiday,11.0
02/05/2026,Thursday,,Pediatrics,open,108.0
2025-11-12,Wednesday,,  Pediatrics  ,open,39.0
2025-05-09,Friday,,dermatology,open,
2025-07-15,Tuesday,,,open,477.0
31 Jul 2025,Thursday,,Neurology,open,43.0
2026-01-11,Sunday,,DERMATOLOGY,holiday,7.0
15-01-2026,Thursday,,Cardiology,open,80.0
08/20/2025,Wednesday,,Cardiology,open,40.0
02/28/2026,Saturday,,General Medicine,open,187.0
2025-05-12,Monday,,  Neurology  ,open,111.0
12 Apr 2026,Sunday,,Cardiology,holiday,15.0
2025-05-23,Friday,,,open,78.0
05/17/2025,Saturday,,ORTHOPEDICS,open,46.0
2026-04-13,Monday,,,open,116.0
06-02-2026,Friday,,Orthopedics,open,
11/13/2025,Thursday,,Cardiology,open,78.0
2026-01-30,Friday,,,open,209.0
2025-10-20,Monday,,NEUROLOGY,open,141.0
13 May 2025,Tuesday,,Cardiology,open,41.0
25 Oct 2025,Saturday,,Orthopedics,open,102.0
20-01-2026,Tuesday,,Pediatrics,open,323.0
28 Apr 2025,Monday,,NULL,open,103.0
07/21/2025,Monday,,Cardiology,open,41.0
10 Feb 2026,Tuesday,,Pediatrics,open,86.0
2025-10-08,Wednesday,,Nuerology,open,64.0
04/24/2025,Thursday,,Pediatrics,open,99.0
09-10-2025,Thursday,,Neurology,open,107.0
02 Jan 2026,Friday,,NULL,open,39.0
04/26/2025,Saturday,,General Medicine,open,97.0
2026-02-21,Saturday,,cardiology,open,121.0
2026-04-02,Thursday,,N/A,open,97.0
10/18/2025,Saturday,,orthopedics,open,19.0
2026-01-26,Monday,,,open,172.0
16-05-2025,Friday,,General Medicine,open,89.0
02/19/2026,Thursday,,Pediatrics,open,40.0
19 Aug 2025,Tuesday,,Cardiology,open,52.0
18-02-2026,Wednesday,,,open,35.0
2025-07-25,Friday,,Paediatrics,open,37.0
2025-10-20,Monday,,  Cardiology  ,open,136.0
2025-07-14,Monday,,NULL,open,102.0
22 Jun 2025,Sunday,,General Medicine,holiday,17.0
2026-03-14,Saturday,,neurology,open,
2025-12-27,Saturday,,orthopedics,open,15.0
24-11-2025,Monday,,Cardiology,open,145.0
10-05-2025,Saturday,,Orthopedics,open,133.0
2025-11-10,Monday,,  Dermatology  ,open,62.0
2026-02-01,Sunday,,Paediatrics,holiday,14.0
2025-07-16,Wednesday,,DERMATOLOGY,open,60.0
12/22/2025,Monday,,General Medicine,open,326.0
02 May 2025,Friday,,Neurology,open,44.0
07-09-2025,Sunday,,Orthopedics,holiday,30.0
2026-04-17,Friday,,,open,95.0
2025-04-24,Thursday,,Paediatrics,open,51.0
2025-11-14,Friday,,GENERAL MEDICINE,open,46.0
02/27/2026,Friday,,Dermatology,open,46.0
06/27/2025,Friday,,Cardiology,open,10.0
09/22/2025,Monday,,Dermatology,open,148.0
26 Jan 2026,Monday,,Neurology,open,227.0
2025-12-07,Sunday,,unknown,holiday,18.0
18 Aug 2025,Monday,,Pediatrics,open,212.0
07/23/2025,Wednesday,,General Medicine,open,148.0
2026-03-10,Tuesday,,N/A,open,188.0
2026-03-04,Wednesday,,ORTHOPEDICS,open,80.0
07/28/2025,Monday,,Cardiology,open,129.0
2026-01-20,Tuesday,,Nuerology,open,39.0
05/12/2025,Monday,,Orthopedics,open,111.0
21-07-2025,Monday,,Cardiologyy,open,51.0
2025-08-14,Thursday,,,open,106.0
07/27/2025,Sunday,,General Medicine,holiday,7.0
2026-03-23,Monday,,,open,200.0
2025-11-27,Thursday,,cardiology,open,26.0
27 Sep 2025,Saturday,,Orthopedics,open,39.0
2025-11-18,Tuesday,,cardiology,open,67.0
2025-06-25,Wednesday,,NEUROLOGY,open,64.0
11/28/2025,Friday,,Cardiology,open,15.0
08/09/2025,Saturday,,General Medicine,open,51.0
27-03-2026,Friday,,dermatology,open,49.0
18-10-2025,Saturday,,Cardiologyy,open,27.0
04/17/2026,Friday,,Neurology,open,33.0
2025-07-15,Tuesday,,general medicine,open,59.0
05/27/2025,Tuesday,,Orthopedics,open,128.0
2025-06-26,Thursday,,ORTHOPEDICS,open,37.0
19-05-2025,Monday,,Orthopedics,open,100.0
2025-05-30,Friday,,  General Medicine  ,open,69.0
2025-11-20,Thursday,,  Dermatology  ,open,
01/30/2026,Friday,,General Medicine,open,174.0
2025-06-24,Tuesday,,Genral Medicine,open,
2026-03-10,Tuesday,,unknown,open,77.0
30-03-2026,Monday,,orthopedics,open,64.0
25 Mar 2026,Wednesday,,Cardiology,open,74.0
20-09-2025,Saturday,,Dermatology,open,76.0
22 May 2025,Thursday,,  Cardiology  ,open,69.0
2025-10-24,Friday,,ORTHOPEDICS,open,40.0
2026-02-18,Wednesday,,,open,226.0
29 Nov 2025,Saturday,,Orthopedics,,44.0
2025-07-17,Thursday,,  General Medicine  ,open,45.0
2025-05-26,Monday,,N/A,open,216.0
2025-06-08,Sunday,,cardiology,holiday,9.0
2025-09-19,Friday,,  Dermatology  ,open,11.0
31-10-2025,Friday,,Cardiology,open,21.0
2025-09-11,Thursday,,DERMATOLOGY,open,43.0
10/05/2025,Sunday,,N/A,holiday,16.0
28-06-2025,Saturday,,Cardiology,open,17.0
31-10-2025,Friday,,Orthopedics,open,27.0
2025-11-16,Sunday,,ORTHOPEDICS,holiday,10.0
2025-12-28,Sunday,,Nuerology,holiday,14.0
06 Jun 2025,Friday,,Dermatology,open,31.0
10/30/2025,Thursday,,General Medicine,open,32.0
09 Apr 2026,Thursday,,Pediatrics,open,45.0
13-12-2025,Saturday,,Orthopedics,open,19.0
20 Jul 2025,Sunday,,Neurology,holiday,28.0
27-01-2026,Tuesday,,Dermatology,open,128.0
2025-05-29,Thursday,,  Cardiology  ,open,74.0
17 May 2025,Saturday,,pediatrics,open,47.0
2026-03-06,Friday,,unknown,open,68.0
2025-11-29,Saturday,,NULL,open,43.0
2025-08-21,Thursday,,Paediatrics,open,86.0
10/20/2025,Monday,,Neurology,open,91.0
2026-03-27,Friday,,Cardiologyy,open,27.0
2026-01-09,Friday,,NULL,open,67.0
02 Feb 2026,Monday,,PEDIATRICS,open,84.0
2026-04-02,Thursday,,PEDIATRICS,open,58.0
07/13/2025,Sunday,,Orthopedics,holiday,14.0
2025-10-12,Sunday,,NULL,holiday,6.0
30 Dec 2025,Tuesday,,General Medicine,open,121.0
2025-08-24,Sunday,,  Orthopedics  ,holiday,17.0
2025-10-15,Wednesday,,orthopedics,open,36.0
07/19/2025,Saturday,,Dermatology,open,48.0
2025-07-26,Saturday,,general medicine,open,40.0
2025-11-27,Thursday,,NEUROLOGY,open,65.0
2025-07-28,Monday,,  General Medicine  ,open,139.0
06/01/2025,Sunday,,Cardiology,holiday,36.0
26 Oct 2025,Sunday,,Cardiology,holiday,26.0
05/23/2025,Friday,,Pediatrics,open,62.0
2026-03-26,Thursday,,NULL,open,33.0
2026-03-09,Monday,,Paediatrics,open,74.0
2025-05-14,Wednesday,,N/A,open,37.0
2025-07-02,Wednesday,,unknown,open,23.0
02 Nov 2025,Sunday,,Orthopedics,holiday,10.0
30-10-2025,Thursday,,Cardiology,open,64.0
04 Mar 2026,Wednesday,,Cardiology,open,28.0
2025-09-24,Wednesday,,Genral Medicine,open,115.0
2025-09-14,Sunday,,general medicine,holiday,14.0
2025-05-03,Saturday,,unknown,open,26.0
26 Jul 2025,Saturday,,pediatrics,open,73.0
07 Oct 2025,Tuesday,,pediatrics,open,69.0
10/05/2025,Sunday,,Dermatology,holiday,7.0
2026-02-05,Thursday,,N/A,open,45.0
08/25/2025,Monday,,General Medicine,open,65.0
2025-10-18,Saturday,,,open,74.0
11-09-2025,Thursday,,Dermatology,open,85.0
2025-05-28,Wednesday,,neurology,open,113.0
08/12/2025,Tuesday,,NEUROLOGY,open,129.0
03 Nov 2025,Monday,,Cardiology,open,60.0
08/10/2025,Sunday,,Cardiology,holiday,10.0
05/14/2025,Wednesday,,General Medicine,open,95.0
2025-11-05,Wednesday,,NULL,open,35.0
2025-09-03,Wednesday,,  Cardiology  ,open,37.0
11-01-2026,Sunday,,Neurology,holiday,8.0
2026-04-13,Monday,,CARDIOLOGY,open,86.0
24 Jun 2025,Tuesday,,Dermatology,open,181.0
2026-02-13,Friday,,dermatology,open,29.0
14-08-2025,Thursday,,Neurology,open,42.0
2025-09-01,Monday,,  General Medicine  ,open,109.0
08-10-2025,Wednesday,,Cardiology,open,98.0
2025-12-12,Friday,,N/A,open,42.0
2026-03-21,Saturday,,  Orthopedics  ,open,81.0
25-06-2025,Wednesday,,General Medicine,open,102.0
04 Jan 2026,Sunday,,Orthopedics,holiday,39.0
2025-05-23,Friday,,DERMATOLOGY,open,19.0
25-02-2026,Wednesday,,Orthopedics,open,
2025-07-21,Monday,,pediatrics,open,103.0
2025-06-03,Tuesday,,Genral Medicine,open,84.0
03/22/2026,Sunday,,Neurology,holiday,15.0
2025-10-27,Monday,,general medicine,open,162.0
2026-02-20,Friday,,,open,90.0
08 May 2025,Thursday,,Cardiology,open,44.0
2025-11-03,Monday,,general medicine,open,77.0
21 Jan 2026,Wednesday,,N/A,open,26.0
2025-07-24,Thursday,,Cardiologyy,open,175.0
2025-10-11,Saturday,,unknown,open,129.0
2025-09-14,Sunday,,N/A,holiday,19.0
2025-05-15,Thursday,,pediatrics,open,59.0
18 Jul 2025,Friday,,Pediatrics,open,28.0
2026-04-19,Sunday,,cardiology,holiday,27.0
08/29/2025,Friday,,ORTHOPEDICS,open,15.0
2025-10-09,Thursday,,Dermatolgy,open,13.0
2025-04-27,Sunday,,CARDIOLOGY,holiday,27.0
2025-08-08,Friday,,NEUROLOGY,open,49.0
2025-09-23,Tuesday,,N/A,open,82.0
2025-08-22,Friday,,neurology,open,42.0
2025-04-19,Saturday,,NEUROLOGY,open,23.0
19 Dec 2025,Friday,,,open,44.0
2026-03-27,Friday,,  Pediatrics  ,open,76.0
2026-03-05,Thursday,,NEUROLOGY,open,66.0
05 Jan 2026,Monday,,Cardiology,open,86.0
2025-06-09,Monday,,Dermatolgy,open,85.0
30-09-2025,Tuesday,,Cardiology,open,59.0
2025-09-03,Wednesday,,Nuerology,open,10.0
12/11/2025,Thursday,,Dermatology,open,26.0
26-04-2025,Saturday,,Cardiology,open,85.0
2025-09-04,Thursday,,ORTHOPEDICS,open,54.0
10/02/2025,Thursday,,General Medicine,open,216.0
2025-05-22,Thursday,,DERMATOLOGY,open,17.0
09/04/2025,Thursday,,General Medicine,open,86.0
2026-01-07,Wednesday,,Nuerology,open,18.0
2026-01-27,Tuesday,,Dermatology,open,653.0
08 Feb 2026,Sunday,,NULL,holiday,10.0
09/02/2025,Tuesday,,General Medicine,open,123.0
11-05-2025,Sunday,,General Medicine,holiday,6.0
2025-07-12,Saturday,,Paediatrics,open,57.0
18-10-2025,Saturday,,Dermatology,open,78.0
2025-12-08,Monday,,unknown,open,105.0
12/19/2025,Friday,,Dermatology,open,48.0
12 Oct 2025,Sunday,,Pediatrics,,20.0
29-05-2025,Thursday,,General Medicine,open,93.0
2025-05-23,Friday,,Cardiologyy,open,36.0
10/01/2025,Wednesday,,Dermatology,open,21.0
02-12-2025,Tuesday,,Dermatology,open,53.0
07/10/2025,Thursday,,Neurology,open,30.0
18-11-2025,Tuesday,,Dermatology,open,122.0
08-05-2025,Thursday,,General Medicine,open,47.0
03/26/2026,Thursday,,General Medicine,open,58.0
2025-08-08,Friday,,NULL,open,59.0
2025-11-15,Saturday,,  General Medicine  ,open,58.0
02/12/2026,Thursday,,Orthopedics,open,77.0
2025-11-27,Thursday,,,open,12.0
01-04-2026,Wednesday,,Cardiology,open,17.0
2025-09-07,Sunday,,dermatology,holiday,24.0
07 Jan 2026,Wednesday,,Orthopedics,open,116.0
31-10-2025,Friday,,General Medicine,open,33.0
05/21/2025,Wednesday,,General Medicine,open,63.0
05/29/2025,Thursday,,Pediatrics,open,126.0
11/22/2025,Saturday,,PEDIATRICS,open,56.0
2025-10-11,Saturday,,  Dermatology  ,open,42.0
2025-09-10,Wednesday,,  Cardiology  ,open,11.0
15-06-2025,Sunday,,General Medicine,holiday,27.0
03/27/2026,Friday,,N/A,open,11.0
2025-10-20,Monday,,,open,112.0
2025-09-27,Saturday,,unknown,open,78.0
01/04/2026,Sunday,,dermatology,holiday,6.0
2025-12-07,Sunday,,dermatology,holiday,19.0
05-05-2025,Monday,,Pediatrics,open,211.0
2025-08-25,Monday,,PEDIATRICS,open,92.0
2026-02-26,Thursday,,unknown,open,25.0
30 Aug 2025,Saturday,,Cardiology,open,81.0
2025-12-06,Saturday,,DERMATOLOGY,open,15.0
2026-01-17,Saturday,,Orthopaedics,open,92.0
2025-05-03,Saturday,,,open,63.0
2025-12-16,Tuesday,,CARDIOLOGY,open,49.0
03-12-2025,Wednesday,,Pediatrics,open,88.0
2026-03-03,Tuesday,,Cardiologyy,open,64.0
2026-02-02,Monday,,Cardiologyy,open,70.0
2025-08-20,Wednesday,,,open,133.0
2025-12-14,Sunday,,,holiday,22.0
2025-05-09,Friday,,general medicine,open,263.0
29 May 2025,Thursday,,Orthopedics,open,42.0
2025-10-31,Friday,,CARDIOLOGY,,46.0
2025-12-21,Sunday,,  Cardiology  ,holiday,5.0
12/15/2025,Monday,,Orthopedics,open,109.0
01/19/2026,Monday,,Neurology,open,187.0
02/26/2026,Thursday,,Pediatrics,open,61.0
05/11/2025,Sunday,,Pediatrics,holiday,11.0
2026-02-04,Wednesday,,general medicine,open,63.0
03/02/2026,Monday,,Cardiology,open,134.0
06/10/2025,Tuesday,,General Medicine,,238.0
2025-12-26,Friday,,NEUROLOGY,open,18.0
2025-09-10,Wednesday,,Orthopaedics,open,67.0
06/05/2025,Thursday,,Dermatology,open,90.0
2026-03-17,Tuesday,,unknown,open,81.0
2026-03-05,Thursday,,N/A,open,53.0
06/20/2025,Friday,,Dermatology,,59.0
2026-02-06,Friday,,ORTHOPEDICS,open,
2025-12-30,Tuesday,,general medicine,open,98.0
2025-07-10,Thursday,,,open,108.0
2025-10-17,Friday,,cardiology,open,76.0
2026-01-31,Saturday,,  Neurology  ,open,53.0
10/01/2025,Wednesday,,Orthopedics,open,21.0
12/13/2025,Saturday,,Pediatrics,open,87.0
07-01-2026,Wednesday,,General Medicine,open,56.0
2025-06-14,Saturday,,  Orthopedics  ,open,72.0
2026-02-05,Thursday,,NULL,open,63.0
2025-09-14,Sunday,,  Cardiology  ,holiday,16.0
03/09/2026,Monday,,Dermatology,open,103.0
01/02/2026,Friday,,General Medicine,open,56.0
29 Nov 2025,Saturday,,General Medicine,open,93.0
10 Dec 2025,Wednesday,,Dermatology,open,79.0
27 Mar 2026,Friday,,Cardiology,open,12.0
2026-02-03,Tuesday,,NEUROLOGY,,
2026-03-20,Friday,,orthopedics,open,42.0
2025-08-24,Sunday,,pediatrics,holiday,16.0
08/02/2025,Saturday,,Orthopedics,open,38.0
27 Dec 2025,Saturday,,Neurology,open,77.0
09/20/2025,Saturday,,Cardiology,open,72.0
2025-08-24,Sunday,,unknown,holiday,10.0
02/21/2026,Saturday,,Orthopedics,open,34.0
08 May 2025,Thursday,,  Orthopedics  ,open,12.0
11 May 2025,Sunday,,General Medicine,holiday,16.0
2026-02-15,Sunday,,Paediatrics,holiday,15.0
18-06-2025,Wednesday,,Neurology,open,30.0
2025-10-16,Thursday,,PEDIATRICS,open,174.0
2025-08-23,Saturday,,NULL,open,55.0
2026-04-09,Thursday,,,open,69.0
01-08-2025,Friday,,Orthopedics,open,37.0
30 Aug 2025,Saturday,,Pediatrics,open,27.0
09/07/2025,Sunday,,Pediatrics,holiday,6.0
02-02-2026,Monday,,Cardiology,open,59.0
22-08-2025,Friday,,Dermatology,open,39.0
2025-05-26,Monday,,GENERAL MEDICINE,open,85.0
10-12-2025,Wednesday,,Pediatrics,open,84.0
16-05-2025,Friday,,Orthopedics,open,118.0
10/22/2025,Wednesday,,Cardiology,open,35.0
13-08-2025,Wednesday,,Orthopedics,open,
2025-09-19,Friday,,Nuerology,open,65.0
13 May 2025,Tuesday,,General Medicine,open,91.0
21 Oct 2025,Tuesday,,General Medicine,open,76.0
2025-12-16,Tuesday,,DERMATOLOGY,open,80.0
2026-04-07,Tuesday,,Cardiologyy,open,97.0
29-06-2025,Sunday,,General Medicine,holiday,
05-05-2025,Monday,,Cardiology,open,
2025-08-08,Friday,,orthopedics,open,142.0
2026-04-06,Monday,,,open,195.0
25 Mar 2026,Wednesday,,Dermatology,open,42.0
2025-12-10,Wednesday,,general medicine,open,91.0
2025-07-22,Tuesday,,  Pediatrics  ,open,73.0
2025-11-30,Sunday,,NEUROLOGY,holiday,42.0
2026-01-15,Thursday,,,open,56.0
2026-03-25,Wednesday,,,open,249.0
01/15/2026,Thursday,,Pediatrics,open,82.0
12 Jun 2025,Thursday,,Dermatology,open,44.0
2025-05-28,Wednesday,,NULL,open,91.0
2025-11-28,Friday,,,open,185.0
24-06-2025,Tuesday,,Orthopedics,open,47.0
2025-10-03,Friday,,  Orthopedics  ,open,18.0
23 Sep 2025,Tuesday,,General Medicine,open,214.0
2025-09-23,Tuesday,,GENERAL MEDICINE,open,86.0
2025-11-05,Wednesday,,PEDIATRICS,open,27.0
2026-03-19,Thursday,,Dermatolgy,open,29.0
18 Nov 2025,Tuesday,,Neurology,open,86.0
2025-05-19,Monday,,,open,83.0
2025-11-14,Friday,,NULL,open,150.0
2026-01-23,Friday,,PEDIATRICS,open,43.0
15 Apr 2026,Wednesday,,,open,24.0
2025-11-07,Friday,,general medicine,open,44.0
06-03-2026,Friday,,Pediatrics,open,83.0
18 May 2025,Sunday,,Cardiology,holiday,15.0
2025-09-20,Saturday,,Orthopaedics,open,13.0
02/03/2026,Tuesday,,Dermatology,open,50.0
10 Aug 2025,Sunday,,Cardiology,holiday,5.0
2025-10-21,Tuesday,,CARDIOLOGY,open,44.0
2025-04-26,Saturday,,DERMATOLOGY,open,82.0
2026-03-31,Tuesday,,Cardiologyy,open,110.0
08/20/2025,Wednesday,,Neurology,open,71.0
2025-09-30,Tuesday,,ORTHOPEDICS,open,1350.0
22 May 2025,Thursday,,General Medicine,open,155.0
02 Sep 2025,Tuesday,,Pediatrics,open,81.0
13-10-2025,Monday,,Paediatrics,open,95.0
05 May 2025,Monday,,Neurology,open,
14-02-2026,Saturday,,ORTHOPEDICS,open,
2025-10-22,Wednesday,,  Cardiology  ,open,29.0
31-03-2026,Tuesday,,Pediatrics,open,107.0
07 Sep 2025,Sunday,,General Medicine,holiday,27.0
27 Dec 2025,Saturday,,General Medicine,open,128.0
2025-08-16,Saturday,,,open,133.0
10/13/2025,Monday,,Cardiology,open,197.0
09/12/2025,Friday,,Dermatology,open,42.0
2026-03-01,Sunday,,NEUROLOGY,holiday,10.0
2026-03-03,Tuesday,,Paediatrics,open,77.0
15-03-2026,Sunday,,Orthopedics,holiday,
12 May 2025,Monday,,Cardiology,open,124.0
2025-08-15,Friday,,,open,178.0
2025-11-23,Sunday,,pediatrics,holiday,30.0
2025-08-25,Monday,,NULL,open,43.0
2025-05-02,Friday,,GENERAL MEDICINE,open,232.0
08-07-2025,Tuesday,,Cardiology,open,87.0
26 Jan 2026,Monday,,Cardiology,open,72.0
2025-10-16,Thursday,,N/A,open,39.0
02/16/2026,Monday,,Cardiology,open,56.0
07-10-2025,Tuesday,,Orthopedics,open,287.0
07/14/2025,Monday,,Pediatrics,open,138.0
02/25/2026,Wednesday,,Cardiology,open,47.0
2025-11-07,Friday,,  Orthopedics  ,open,40.0
31 Oct 2025,Friday,,Pediatrics,open,136.0
2026-02-11,Wednesday,,cardiology,open,23.0
09-10-2025,Thursday,,NULL,open,68.0
01/13/2026,Tuesday,,Cardiology,open,216.0
23 Jul 2025,Wednesday,,,open,24.0
11-10-2025,Saturday,,Neurology,open,22.0
09/08/2025,Monday,,General Medicine,open,280.0
10 Dec 2025,Wednesday,,NULL,open,45.0
27 Jul 2025,Sunday,,Dermatology,holiday,18.0
2026-04-14,Tuesday,,GENERAL MEDICINE,open,190.0
2026-01-22,Thursday,,NEUROLOGY,open,71.0
28-09-2025,Sunday,,cardiology,holiday,13.0
07 Aug 2025,Thursday,,Neurology,open,21.0
2025-08-12,Tuesday,,GENERAL MEDICINE,open,134.0
2025-12-02,Tuesday,,NEUROLOGY,open,
09/24/2025,Wednesday,,Orthopedics,open,65.0
02 Nov 2025,Sunday,,General Medicine,holiday,33.0
2025-12-09,Tuesday,,NULL,open,97.0
2026-01-07,Wednesday,,PEDIATRICS,open,61.0
2025-05-27,Tuesday,,neurology,open,73.0
2025-05-14,Wednesday,,Orthopaedics,open,48.0
07/08/2025,Tuesday,,Pediatrics,open,84.0
07-04-2026,Tuesday,,Pediatrics,open,71.0
31-12-2025,Wednesday,,Cardiologyy,open,42.0
23-07-2025,Wednesday,,Cardiology,open,35.0
03 Jun 2025,Tuesday,,Pediatrics,open,144.0
2025-05-09,Friday,,,open,179.0
16 Aug 2025,Saturday,,Dermatology,open,48.0
2025-07-01,Tuesday,,Cardiologyy,open,99.0
2026-04-02,Thursday,,DERMATOLOGY,open,71.0
07-07-2025,Monday,,Cardiology,open,111.0
04 Jul 2025,Friday,,Cardiology,open,43.0
03 Aug 2025,Sunday,,Dermatology,holiday,24.0
2025-11-20,Thursday,,unknown,open,17.0
08 Mar 2026,Sunday,,Orthopedics,holiday,35.0
2025-11-29,Saturday,,cardiology,open,24.0
27 May 2025,Tuesday,,Neurology,open,113.0
01/07/2026,Wednesday,,Pediatrics,open,59.0
2025-09-29,Monday,,pediatrics,open,101.0
2025-07-08,Tuesday,,,open,155.0
2025-08-28,Thursday,,Genral Medicine,open,96.0
2025-10-19,Sunday,,Dermatolgy,holiday,20.0
2025-04-29,Tuesday,,general medicine,open,169.0
01/13/2026,Tuesday,,Dermatology,open,86.0
07-08-2025,Thursday,,Neurology,,26.0
11/10/2025,Monday,,Orthopedics,open,75.0
2025-09-11,Thursday,,dermatology,open,11.0
21 Feb 2026,Saturday,,Orthopedics,open,44.0
03 Sep 2025,Wednesday,,Orthopedics,open,90.0
17-01-2026,Saturday,,Cardiology,open,46.0
2026-01-29,Thursday,,general medicine,open,63.0
01/16/2026,Friday,,Neurology,open,32.0
2025-10-06,Monday,,pediatrics,open,78.0
29 Jul 2025,Tuesday,,Orthopedics,open,41.0
05/08/2025,Thursday,,Pediatrics,open,59.0
2026-02-23,Monday,,unknown,open,
2025-05-01,Thursday,,N/A,open,41.0
03/14/2026,Saturday,,Pediatrics,open,70.0
15 Jan 2026,Thursday,,Cardiology,,100.0
05-05-2025,Monday,,NULL,open,61.0
2025-11-11,Tuesday,,CARDIOLOGY,open,74.0
04/10/2026,Friday,,General Medicine,open,81.0
28 Feb 2026,Saturday,,General Medicine,open,117.0
26 May 2025,Monday,,General Medicine,open,71.0
03 Dec 2025,Wednesday,,Pediatrics,open,32.0
2026-03-11,Wednesday,,ORTHOPEDICS,open,32.0
2025-11-08,Saturday,,pediatrics,open,65.0
26-12-2025,Friday,,General Medicine,open,126.0
13-01-2026,Tuesday,,Pediatrics,open,77.0
04/27/2025,Sunday,,General Medicine,holiday,7.0
24-05-2025,Saturday,,Neurology,open,49.0
08/08/2025,Friday,,General Medicine,open,44.0
04/19/2026,Sunday,,Neurology,holiday,15.0
2026-02-09,Monday,,  General Medicine  ,open,107.0
12/26/2025,Friday,,General Medicine,open,80.0
03 Jan 2026,Saturday,,Pediatrics,open,112.0
2025-05-24,Saturday,,neurology,open,119.0
2025-10-10,Friday,,PEDIATRICS,open,36.0
14 Apr 2026,Tuesday,,Orthopedics,open,110.0
2026-03-04,Wednesday,,general medicine,open,62.0
05/21/2025,Wednesday,,Pediatrics,open,51.0
05 Sep 2025,Friday,,Orthopedics,open,24.0
2025-09-08,Monday,,neurology,open,86.0
2025-11-30,Sunday,,PEDIATRICS,holiday,13.0
2025-10-06,Monday,,NULL,open,127.0
2026-02-05,Thursday,,dermatology,open,31.0
11/10/2025,Monday,,General Medicine,open,77.0
23-05-2025,Friday,,Cardiology,open,52.0
04/14/2026,Tuesday,,Pediatrics,open,134.0
02/22/2026,Sunday,,Orthopedics,holiday,15.0
2025-11-09,Sunday,,unknown,holiday,14.0
2026-03-24,Tuesday,,  Neurology  ,open,44.0
2026-03-04,Wednesday,,  Neurology  ,open,19.0
2025-07-23,Wednesday,,,open,82.0
2025-08-19,Tuesday,,NULL,open,150.0
2025-09-25,Thursday,,ORTHOPEDICS,open,21.0
30 Jul 2025,Wednesday,,Dermatology,open,45.0
2025-09-19,Friday,,neurology,open,80.0
2026-03-14,Saturday,,Dermatolgy,open,58.0
2025-09-17,Wednesday,,pediatrics,open,51.0
12/09/2025,Tuesday,,Pediatrics,open,86.0
07/24/2025,Thursday,,Dermatology,open,123.0
2025-06-10,Tuesday,,,open,297.0
2026-02-06,Friday,,,open,39.0
23 Nov 2025,Sunday,,Dermatology,holiday,7.0
04/09/2026,Thursday,,Orthopedics,open,84.0
2026-02-19,Thursday,,N/A,open,24.0
16-01-2026,Friday,,Neurology,open,108.0
11-10-2025,Saturday,,Dermatology,open,40.0
10/26/2025,Sunday,,Cardiology,holiday,17.0
2025-10-11,Saturday,,  Cardiology  ,open,23.0
29 Nov 2025,Saturday,,Dermatology,open,99.0
08/25/2025,Monday,,Dermatology,open,102.0
2025-08-14,Thursday,,NEUROLOGY,open,69.0
2025-05-14,Wednesday,,CARDIOLOGY,open,41.0
2026-02-21,Saturday,,N/A,open,23.0
14 Jul 2025,Monday,,Cardiology,open,111.0
2025-11-17,Monday,,pediatrics,open,79.0
2025-12-14,Sunday,,Cardiologyy,holiday,8.0
2025-09-13,Saturday,,Paediatrics,open,59.0
2025-07-07,Monday,,,open,209.0
2025-07-24,Thursday,,Paediatrics,open,93.0
01/12/2026,Monday,,Dermatology,open,162.0
2025-07-01,Tuesday,,N/A,open,283.0
2026-02-17,Tuesday,,  Orthopedics  ,open,53.0
2026-01-15,Thursday,,NEUROLOGY,open,10.0
2025-05-19,Monday,,NULL,open,124.0
2025-08-08,Friday,,CARDIOLOGY,open,37.0
2025-06-25,Wednesday,,unknown,open,38.0
09/14/2025,Sunday,,Orthopedics,holiday,
14-05-2025,Wednesday,,Cardiology,open,72.0
04/09/2026,Thursday,,Cardiology,open,20.0
2026-01-15,Thursday,,N/A,open,68.0
09 Oct 2025,Thursday,,Orthopedics,open,83.0
11 Sep 2025,Thursday,,Dermatology,open,39.0
2025-04-22,Tuesday,,Dermatolgy,open,85.0
30-08-2025,Saturday,,Orthopedics,open,89.0
07 Dec 2025,Sunday,,General Medicine,holiday,19.0
2025-09-09,Tuesday,,DERMATOLOGY,open,128.0
2025-11-21,Friday,,ORTHOPEDICS,open,23.0
2026-01-20,Tuesday,,DERMATOLOGY,open,68.0
10/22/2025,Wednesday,,Dermatology,open,76.0
2025-09-16,Tuesday,,general medicine,open,259.0
2025-04-26,Saturday,,dermatology,open,82.0
22 Oct 2025,Wednesday,,Cardiology,open,32.0
2025-12-17,Wednesday,,GENERAL MEDICINE,open,43.0
30-01-2026,Friday,,Dermatology,open,37.0
2025-07-28,Monday,,N/A,open,78.0
2026-01-20,Tuesday,,pediatrics,open,206.0
2025-05-28,Wednesday,,dermatology,open,74.0
2025-10-08,Wednesday,,general medicine,open,79.0
15 Mar 2026,Sunday,,Cardiology,holiday,11.0
2025-08-03,Sunday,,CARDIOLOGY,holiday,17.0
2025-06-22,Sunday,,CARDIOLOGY,holiday,9.0
2025-08-29,Friday,,Paediatrics,open,75.0
09 Jan 2026,Friday,,,,44.0
20 May 2025,Tuesday,,Cardiology,open,74.0
03/05/2026,Thursday,,Orthopedics,open,20.0
2026-03-12,Thursday,,pediatrics,open,63.0
2025-08-19,Tuesday,,neurology,open,61.0
05 Jul 2025,Saturday,,General Medicine,open,97.0
2026-04-06,Monday,,cardiology,open,71.0
10/12/2025,Sunday,,General Medicine,holiday,11.0
2026-04-15,Wednesday,,  Pediatrics  ,open,54.0
2025-06-27,Friday,,Nuerology,open,44.0
2025-07-14,Monday,,orthopedics,open,104.0
2025-09-05,Friday,,,open,88.0
2025-11-15,Saturday,,Paediatrics,open,70.0
2025-05-19,Monday,,cardiology,open,
12 Aug 2025,Tuesday,,Dermatology,open,50.0
08 Nov 2025,Saturday,,Orthopedics,open,38.0
01/21/2026,Wednesday,,General Medicine,open,82.0
2025-10-11,Saturday,,Cardiologyy,open,93.0
2025-08-26,Tuesday,,general medicine,open,87.0
06/11/2025,Wednesday,,Orthopedics,open,43.0
2026-02-09,Monday,,DERMATOLOGY,open,107.0
04/27/2025,Sunday,,Cardiology,holiday,19.0
17 Jun 2025,Tuesday,,neurology,open,
2025-07-14,Monday,,CARDIOLOGY,open,108.0
2025-08-16,Saturday,,N/A,open,72.0
19-02-2026,Thursday,,Orthopedics,open,52.0
2025-06-29,Sunday,,  Neurology  ,holiday,10.0
2025-07-23,Wednesday,,NULL,open,135.0
10-10-2025,Friday,,Dermatology,open,25.0
2025-05-08,Thursday,,NEUROLOGY,open,13.0
2026-03-19,Thursday,,unknown,open,69.0
20-08-2025,Wednesday,,Cardiology,open,40.0
08/05/2025,Tuesday,,Cardiology,open,156.0
2026-01-25,Sunday,,,,6.0
19-12-2025,Friday,,Cardiology,open,141.0
2025-09-22,Monday,,Genral Medicine,open,78.0
2025-06-02,Monday,,orthopedics,open,43.0
05 Apr 2026,Sunday,,Orthopedics,holiday,8.0
10/05/2025,Sunday,,Cardiology,holiday,11.0
2025-05-04,Sunday,,PEDIATRICS,holiday,5.0
10 Nov 2025,Monday,,General Medicine,open,135.0
04 Oct 2025,Saturday,,Dermatology,open,101.0
20-07-2025,Sunday,,General Medicine,holiday,13.0
26-07-2025,Saturday,,Pediatrics,open,180.0
03/05/2026,Thursday,,Pediatrics,,50.0
26 May 2025,Monday,,Pediatrics,open,76.0
2026-03-25,Wednesday,,  Dermatology  ,open,22.0
21-05-2025,Wednesday,,General Medicine,open,38.0
27-02-2026,Friday,,Neurology,open,53.0
2026-01-27,Tuesday,,NEUROLOGY,open,165.0
2025-11-27,Thursday,,Dermatolgy,open,76.0
28-08-2025,Thursday,,Pediatrics,open,30.0
2025-09-19,Friday,,unknown,open,21.0
2025-08-03,Sunday,,  General Medicine  ,holiday,20.0
2025-06-25,Wednesday,,DERMATOLOGY,open,14.0
2025-11-03,Monday,,DERMATOLOGY,open,93.0
26-10-2025,Sunday,,Orthopedics,holiday,20.0
01/20/2026,Tuesday,,General Medicine,open,68.0
17-01-2026,Saturday,,Pediatrics,open,61.0
2025-06-23,Monday,,neurology,open,99.0
2025-08-20,Wednesday,,NEUROLOGY,open,21.0
16-07-2025,Wednesday,,General Medicine,open,77.0
2025-04-24,Thursday,,N/A,open,68.0
03-02-2026,Tuesday,,Orthopedics,,36.0
21-02-2026,Saturday,,General Medicine,open,34.0
2026-01-18,Sunday,,CARDIOLOGY,holiday,11.0
06/24/2025,Tuesday,,General Medicine,open,106.0
01/31/2026,Saturday,,Cardiology,open,89.0
24 May 2025,Saturday,,General Medicine,,122.0
2026-01-26,Monday,,Nuerology,open,154.0
06-09-2025,Saturday,,Orthopedics,open,123.0
29 Aug 2025,Friday,,Cardiology,open,26.0
10/30/2025,Thursday,,Orthopedics,open,69.0
2026-02-15,Sunday,,cardiology,holiday,18.0
18-12-2025,Thursday,,Orthopedics,open,57.0
08/02/2025,Saturday,,General Medicine,open,247.0
11/24/2025,Monday,,Pediatrics,open,106.0
2025-08-11,Monday,,,open,273.0
2025-08-14,Thursday,,unknown,open,93.0
2026-03-20,Friday,,neurology,open,50.0
2025-05-25,Sunday,,orthopedics,holiday,8.0
2025-10-16,Thursday,,CARDIOLOGY,open,41.0
11/21/2025,Friday,,Pediatrics,open,67.0
08/10/2025,Sunday,,ORTHOPEDICS,holiday,20.0
19 Oct 2025,Sunday,,Dermatology,holiday,7.0
02/01/2026,Sunday,,Neurology,holiday,15.0
07 Mar 2026,Saturday,,pediatrics,open,106.0
2025-08-02,Saturday,,Genral Medicine,open,144.0
2026-04-18,Saturday,,PEDIATRICS,open,95.0
2026-02-07,Saturday,,Dermatolgy,open,91.0
29-08-2025,Friday,,Cardiology,open,31.0
2025-05-30,Friday,,Orthopaedics,open,44.0
2025-05-27,Tuesday,,orthopedics,open,55.0
29 Jun 2025,Sunday,,Dermatology,,41.0
06/08/2025,Sunday,,General Medicine,holiday,17.0
2025-05-04,Sunday,,Nuerology,holiday,15.0
29-10-2025,Wednesday,,Dermatology,open,45.0
2025-10-28,Tuesday,,N/A,open,85.0
2025-07-29,Tuesday,,neurology,open,171.0
04/22/2025,Tuesday,,Pediatrics,open,94.0
19-12-2025,Friday,,Dermatology,open,75.0
2025-10-25,Saturday,,Dermatolgy,,24.0
02-09-2025,Tuesday,,Dermatology,open,89.0
16-06-2025,Monday,,Neurology,open,57.0
21 Jan 2026,Wednesday,,Cardiology,open,47.0
12-07-2025,Saturday,,,open,59.0
2025-09-03,Wednesday,,NULL,open,124.0
2026-02-24,Tuesday,,N/A,open,82.0
05-10-2025,Sunday,,General Medicine,holiday,18.0
2026-03-11,Wednesday,,orthopedics,open,65.0
2026-03-17,Tuesday,,  Pediatrics  ,open,292.0
15 Dec 2025,Monday,,Orthopedics,open,153.0
2025-07-21,Monday,,general medicine,open,146.0
22-09-2025,Monday,,Orthopedics,open,109.0
2025-05-24,Saturday,,  Dermatology  ,open,37.0
2025-07-28,Monday,,unknown,open,127.0
2025-06-13,Friday,,N/A,open,57.0
2025-11-10,Monday,,cardiology,open,36.0
08/31/2025,Sunday,,Neurology,holiday,19.0
01/23/2026,Friday,,Nuerology,open,20.0
23 Jun 2025,Monday,,Orthopedics,open,58.0
2026-03-05,Thursday,,  General Medicine  ,open,24.0
29-03-2026,Sunday,,,holiday,10.0
07 Oct 2025,Tuesday,,Dermatology,open,68.0
15 Sep 2025,Monday,,Neurology,open,113.0
06-08-2025,Wednesday,,Neurology,open,67.0
08/14/2025,Thursday,,Orthopedics,open,26.0
2026-01-18,Sunday,,Cardiologyy,holiday,27.0
2025-08-26,Tuesday,,  General Medicine  ,open,84.0
12/18/2025,Thursday,,Dermatology,open,20.0
2025-09-13,Saturday,,  Dermatology  ,open,22.0
2025-08-01,Friday,,ORTHOPEDICS,open,83.0
2025-07-03,Thursday,,Paediatrics,open,32.0
2025-07-25,Friday,,NULL,open,65.0
11 Mar 2026,Wednesday,,Neurology,open,31.0
12-06-2025,Thursday,,  Neurology  ,,37.0
2025-05-04,Sunday,,Cardiologyy,holiday,5.0
2025-07-08,Tuesday,,orthopedics,open,51.0
26-05-2025,Monday,,Neurology,open,76.0
2026-01-26,Monday,,general medicine,open,73.0
14-11-2025,Friday,,Neurology,open,14.0
2026-03-07,Saturday,,dermatology,open,47.0
22-06-2025,Sunday,,Cardiology,holiday,20.0
2025-08-18,Monday,,Genral Medicine,open,136.0
2026-01-19,Monday,,ORTHOPEDICS,open,122.0
08/23/2025,Saturday,,Cardiology,open,72.0
24 Jun 2025,Tuesday,,NULL,open,80.0
09/05/2025,Friday,,Cardiology,open,64.0
03-12-2025,Wednesday,,Cardiology,open,23.0
15-03-2026,Sunday,,Pediatrics,holiday,17.0
2025-07-09,Wednesday,,pediatrics,open,30.0
2025-10-30,Thursday,,Paediatrics,open,73.0
04/15/2026,Wednesday,,Orthopedics,open,79.0
11/25/2025,Tuesday,,General Medicine,open,
10/20/2025,Monday,,Orthopedics,open,46.0
2026-03-08,Sunday,,,holiday,25.0
2025-09-27,Saturday,,Genral Medicine,open,180.0
2025-06-02,Monday,,,open,52.0
14 May 2025,Wednesday,,General Medicine,open,33.0
19-07-2025,Saturday,,Pediatrics,open,56.0
08-01-2026,Thursday,,General Medicine,open,186.0
2025-09-01,Monday,,N/A,open,31.0
10-05-2025,Saturday,,General Medicine,open,126.0
29-04-2025,Tuesday,,Cardiology,open,155.0
30-08-2025,Saturday,,Dermatology,open,50.0
2025-04-30,Wednesday,,pediatrics,open,36.0
05-12-2025,Friday,,General Medicine,open,125.0
2026-01-23,Friday,,Cardiologyy,open,41.0
2025-07-09,Wednesday,,Orthopaedics,open,121.0
09/23/2025,Tuesday,,General Medicine,open,80.0
2025-08-11,Monday,,  Cardiology  ,open,87.0
2025-06-28,Saturday,,DERMATOLOGY,open,22.0
07/19/2025,Saturday,,Pediatrics,open,131.0
25 Jun 2025,Wednesday,,orthopedics,open,60.0
03/07/2026,Saturday,,Orthopedics,open,117.0
2026-02-06,Friday,,NEUROLOGY,open,51.0
2025-08-06,Wednesday,,pediatrics,open,60.0
2025-05-19,Monday,,CARDIOLOGY,open,185.0
2025-07-03,Thursday,,PEDIATRICS,open,39.0
29 Jan 2026,Thursday,,General Medicine,open,168.0
2025-10-26,Sunday,,,holiday,26.0
09/05/2025,Friday,,Dermatology,open,22.0
11/27/2025,Thursday,,Neurology,open,45.0
2025-05-15,Thursday,,Paediatrics,open,
2025-12-08,Monday,,N/A,open,79.0
27-05-2025,Tuesday,,Orthopedics,open,
2026-03-23,Monday,,  General Medicine  ,open,90.0
07 Mar 2026,Saturday,,Dermatology,open,48.0
2026-04-09,Thursday,,neurology,open,29.0
04/29/2025,Tuesday,,dermatology,open,137.0
2025-09-21,Sunday,,N/A,holiday,7.0
2025-04-27,Sunday,,GENERAL MEDICINE,holiday,13.0
19-12-2025,Friday,,Neurology,open,33.0
2025-04-21,Monday,,general medicine,open,133.0
20 May 2025,Tuesday,,Pediatrics,open,108.0
2025-07-12,Saturday,,  Neurology  ,open,36.0
2026-04-12,Sunday,,,holiday,33.0
01/12/2026,Monday,,Cardiology,open,45.0
10/16/2025,Thursday,,Orthopaedics,open,36.0
2026-01-17,Saturday,,Paediatrics,open,
31-08-2025,Sunday,,Pediatrics,holiday,7.0
2026-02-22,Sunday,,  General Medicine  ,holiday,9.0
2025-12-17,Wednesday,,Genral Medicine,open,120.0
08 Dec 2025,Monday,,Dermatology,open,95.0
2025-10-08,Wednesday,,DERMATOLOGY,open,67.0
2025-12-10,Wednesday,,Cardiologyy,open,65.0
09 Jul 2025,Wednesday,,General Medicine,open,54.0
2025-07-03,Thursday,,DERMATOLOGY,open,86.0
2026-01-10,Saturday,,  General Medicine  ,open,204.0
2026-03-08,Sunday,,Dermatolgy,holiday,6.0
02-12-2025,Tuesday,,Nuerology,open,57.0
24 Sep 2025,Wednesday,,Pediatrics,open,90.0
04/17/2026,Friday,,Cardiology,open,15.0
2026-02-19,Thursday,,ORTHOPEDICS,open,113.0
2026-03-07,Saturday,,  Dermatology  ,open,47.0
03 Nov 2025,Monday,,Orthopedics,open,140.0
24-02-2026,Tuesday,,Cardiology,open,59.0
02-06-2025,Monday,,Pediatrics,open,81.0
20-06-2025,Friday,,cardiology,,70.0
2026-03-07,Saturday,,unknown,open,99.0
06/04/2025,Wednesday,,Cardiology,open,72.0
22-04-2025,Tuesday,,Dermatology,open,61.0
2026-04-14,Tuesday,,  Orthopedics  ,open,47.0
2025-12-04,Thursday,,NEUROLOGY,open,151.0
29 Apr 2025,Tuesday,,Neurology,open,87.0
11 Apr 2026,Saturday,,Orthopedics,open,66.0
10/01/2025,Wednesday,,Nuerology,open,12.0
2025-05-10,Saturday,,ORTHOPEDICS,open,20.0
2026-01-20,Tuesday,,Dermatolgy,open,157.0
2025-10-10,Friday,,ORTHOPEDICS,open,49.0
12/25/2025,Thursday,,Cardiology,open,80.0
19-03-2026,Thursday,,Neurology,open,40.0
2026-04-14,Tuesday,,neurology,open,52.0
02-06-2025,Monday,,,open,97.0
2025-12-15,Monday,,CARDIOLOGY,open,52.0
2026-02-19,Thursday,,general medicine,open,84.0
09/06/2025,Saturday,,Pediatrics,open,124.0
2025-12-19,Friday,,GENERAL MEDICINE,open,134.0
2026-02-07,Saturday,,GENERAL MEDICINE,open,105.0
2026-03-14,Saturday,,ORTHOPEDICS,open,58.0
2025-10-11,Saturday,,DERMATOLOGY,open,82.0
18 Apr 2026,Saturday,,Dermatology,open,38.0
2025-06-16,Monday,,PEDIATRICS,open,-96.0
2025-11-20,Thursday,,cardiology,open,16.0
2025-05-16,Friday,,Orthopaedics,open,16.0
2026-03-21,Saturday,,N/A,open,45.0
01/23/2026,Friday,,Cardiologyy,open,38.0
12/20/2025,Saturday,,Neurology,open,38.0
2025-07-08,Tuesday,,Paediatrics,open,154.0
2025-09-20,Saturday,,  Dermatology  ,open,117.0
01/01/2026,Thursday,,Dermatology,open,59.0
2025-05-28,Wednesday,,Dermatolgy,open,
09-12-2025,Tuesday,,Cardiology,open,58.0
05 Nov 2025,Wednesday,,Cardiology,open,41.0
2025-07-18,Friday,,cardiology,open,30.0
03 Feb 2026,Tuesday,,Neurology,open,89.0
2026-03-25,Wednesday,,N/A,open,26.0
02 Jan 2026,Friday,,Pediatrics,open,86.0
2026-01-31,Saturday,,dermatology,open,70.0
27 Mar 2026,Friday,,Dermatology,open,15.0
2026-03-07,Saturday,,orthopedics,open,40.0
2025-10-26,Sunday,,  Neurology  ,holiday,19.0
2026-02-21,Saturday,,Dermatolgy,open,10.0
20-04-2025,Sunday,,Orthopedics,holiday,9.0
21-10-2025,Tuesday,,,open,37.0
11 Apr 2026,Saturday,,Neurology,open,67.0
2025-10-30,Thursday,,  Pediatrics  ,open,90.0
17-06-2025,Tuesday,,Orthopedics,open,101.0
15-08-2025,Friday,,Cardiology,open,24.0
2025-06-03,Tuesday,,CARDIOLOGY,open,60.0
2025-09-16,Tuesday,,neurology,open,61.0
2025-06-30,Monday,,  Cardiology  ,open,75.0
16-03-2026,Monday,,General Medicine,open,78.0
2026-01-23,Friday,,neurology,open,75.0
2026-02-02,Monday,,DERMATOLOGY,open,87.0
31 Jul 2025,Thursday,,Cardiology,open,48.0
27 Nov 2025,Thursday,,Pediatrics,open,41.0
2025-05-04,Sunday,,,holiday,39.0
2025-11-13,Thursday,,unknown,open,29.0
02/27/2026,Friday,,General Medicine,open,101.0
2026-03-18,Wednesday,,  Orthopedics  ,open,81.0
23-08-2025,Saturday,,unknown,open,45.0
2025-10-22,Wednesday,,GENERAL MEDICINE,open,86.0
11 Feb 2026,Wednesday,,Neurology,open,27.0
2025-07-22,Tuesday,,N/A,open,158.0
2025-12-15,Monday,,  Dermatology  ,open,86.0
2025-10-14,Tuesday,,Orthopaedics,open,53.0
2025-06-24,Tuesday,,CARDIOLOGY,open,84.0
2025-10-28,Tuesday,,NULL,open,101.0
06-12-2025,Saturday,,General Medicine,open,93.0
2025-10-12,Sunday,,PEDIATRICS,holiday,
17 Nov 2025,Monday,,General Medicine,open,70.0
06/07/2025,Saturday,,Cardiology,open,95.0
12 Jul 2025,Saturday,,Pediatrics,open,38.0
21 Nov 2025,Friday,,Orthopedics,open,48.0
01/09/2026,Friday,,Dermatology,open,73.0
2025-04-20,Sunday,,unknown,holiday,25.0
2025-09-27,Saturday,,Paediatrics,open,27.0
2025-10-13,Monday,,Nuerology,open,155.0
2025-11-25,Tuesday,,Nuerology,open,61.0
03/18/2026,Wednesday,,Dermatology,open,13.0
09 Jan 2026,Friday,,Genral Medicine,open,90.0
2025-10-23,Thursday,,dermatology,open,21.0
22-09-2025,Monday,,pediatrics,open,
2026-04-08,Wednesday,,general medicine,open,37.0
10 Aug 2025,Sunday,,Pediatrics,holiday,7.0
2025-06-03,Tuesday,,Dermatolgy,open,88.0
2026-02-27,Friday,,,open,78.0
12/21/2025,Sunday,,Dermatology,holiday,5.0
03 Apr 2026,Friday,,Orthopedics,open,13.0
30-09-2025,Tuesday,,Orthopedics,open,47.0
2025-09-10,Wednesday,,  Pediatrics  ,open,82.0
2026-03-07,Saturday,,,open,100.0
2025-11-28,Friday,,GENERAL MEDICINE,open,80.0
2025-10-21,Tuesday,,Paediatrics,open,113.0
2025-05-25,Sunday,,ORTHOPEDICS,holiday,13.0
2025-06-28,Saturday,,NULL,open,90.0
13 Apr 2026,Monday,,NULL,open,59.0
01-10-2025,Wednesday,,Cardiology,open,26.0
17 Jul 2025,Thursday,,Neurology,open,73.0
19 Jan 2026,Monday,,Cardiology,open,54.0
10/29/2025,Wednesday,,General Medicine,open,71.0
2026-02-12,Thursday,,  Pediatrics  ,open,64.0
09/14/2025,Sunday,,General Medicine,holiday,31.0
15-05-2025,Thursday,,Neurology,open,75.0
04/20/2025,Sunday,,Pediatrics,holiday,20.0
2025-05-03,Saturday,,PEDIATRICS,open,96.0
14-10-2025,Tuesday,,Neurology,open,40.0
07 Nov 2025,Friday,,Pediatrics,open,92.0
2026-02-04,Wednesday,,ORTHOPEDICS,open,12.0
2025-06-05,Thursday,,  Orthopedics  ,open,
2025-09-29,Monday,,NEUROLOGY,open,58.0
2025-08-20,Wednesday,,Nuerology,open,22.0
2026-02-04,Wednesday,,  General Medicine  ,open,27.0
2025-05-20,Tuesday,,Cardiologyy,open,73.0
05/02/2025,Friday,,Cardiology,open,70.0
2026-01-18,Sunday,,  General Medicine  ,holiday,12.0
01-04-2026,Wednesday,,Pediatrics,open,87.0
2025-10-25,Saturday,,CARDIOLOGY,open,35.0
2025-06-10,Tuesday,,NEUROLOGY,open,53.0
17 May 2025,Saturday,,Pediatrics,open,44.0
2026-01-25,Sunday,,orthopedics,holiday,5.0
06-02-2026,Friday,,Cardiology,open,58.0
2025-07-17,Thursday,,dermatology,open,13.0
08/03/2025,Sunday,,Cardiology,holiday,21.0
2025-09-24,Wednesday,,  Dermatology  ,open,13.0
11 Feb 2026,Wednesday,,unknown,open,78.0
2026-03-22,Sunday,,neurology,holiday,35.0
24-04-2025,Thursday,,Pediatrics,open,96.0
09/02/2025,Tuesday,,Cardiology,open,89.0
2025-07-20,Sunday,,PEDIATRICS,holiday,16.0
2026-03-09,Monday,,  Pediatrics  ,open,82.0
12-05-2025,Monday,,Cardiology,open,163.0
03-08-2025,Sunday,,CARDIOLOGY,holiday,12.0
12/05/2025,Friday,,Orthopedics,open,46.0
25-09-2025,Thursday,,Orthopaedics,open,67.0
2025-05-23,Friday,,Nuerology,open,32.0
11/25/2025,Tuesday,,,open,53.0
2026-02-24,Tuesday,,unknown,open,159.0
26-08-2025,Tuesday,,Cardiology,open,62.0
09/25/2025,Thursday,,Neurology,open,64.0
2026-02-26,Thursday,,GENERAL MEDICINE,open,70.0
2025-09-04,Thursday,,neurology,open,39.0
11/19/2025,Wednesday,,Pediatrics,open,94.0
24 Feb 2026,Tuesday,,Pediatrics,,66.0
2025-12-23,Tuesday,,cardiology,open,51.0
2026-02-14,Saturday,,Dermatolgy,open,82.0
26-04-2025,Saturday,,Neurology,open,45.0
2025-08-24,Sunday,,Cardiologyy,holiday,8.0
17 Feb 2026,Tuesday,,Orthopedics,open,89.0
08-05-2025,Thursday,,NULL,open,16.0
31 May 2025,Saturday,,General Medicine,open,39.0
09-03-2026,Monday,,Orthopedics,,104.0
2026-02-21,Saturday,,  Neurology  ,open,97.0
15 Dec 2025,Monday,,,open,
2026-04-03,Friday,,dermatology,open,70.0
2026-03-20,Friday,,GENERAL MEDICINE,open,39.0
06 May 2025,Tuesday,,Orthopedics,open,129.0
2026-01-30,Friday,,general medicine,open,70.0
2025-11-24,Monday,,Dermatolgy,open,78.0
08/05/2025,Tuesday,,Neurology,open,117.0
2025-12-07,Sunday,,  Pediatrics  ,holiday,8.0
05/19/2025,Monday,,General Medicine,,136.0
16-12-2025,Tuesday,,Pediatrics,open,137.0
09-12-2025,Tuesday,,Neurology,open,54.0
23-06-2025,Monday,,Dermatology,open,111.0
15-01-2026,Thursday,,NEUROLOGY,open,71.0
2026-03-11,Wednesday,,unknown,open,33.0
2025-08-18,Monday,,ORTHOPEDICS,open,
08/22/2025,Friday,,General Medicine,open,99.0
2025-08-28,Thursday,,  Orthopedics  ,open,38.0
10/31/2025,Friday,,Orthopedics,open,60.0
2026-04-11,Saturday,,orthopedics,open,18.0
2025-06-16,Monday,,  Cardiology  ,open,82.0
18-12-2025,Thursday,,Pediatrics,open,72.0
2026-04-18,Saturday,,  General Medicine  ,open,124.0
17-06-2025,Tuesday,,Pediatrics,open,100.0
06/04/2025,Wednesday,,Neurology,open,75.0
2025-08-11,Monday,,NULL,open,30.0
02-10-2025,Thursday,,Cardiology,open,38.0
2025-06-26,Thursday,,,open,152.0
2025-08-11,Monday,,cardiology,open,200.0
10-03-2026,Tuesday,,Neurology,open,48.0
02 Jun 2025,Monday,,General Medicine,open,101.0
2025-11-16,Sunday,,  General Medicine  ,holiday,27.0
03-02-2026,Tuesday,,General Medicine,open,83.0
27 Jan 2026,Tuesday,,General Medicine,open,122.0
2025-05-24,Saturday,,  Orthopedics  ,open,42.0
03/12/2026,Thursday,,Cardiology,open,144.0
2026-03-14,Saturday,,cardiology,open,72.0
08-03-2026,Sunday,,Orthopedics,holiday,15.0
2025-08-01,Friday,,  Orthopedics  ,open,
2026-01-24,Saturday,,unknown,open,65.0
2025-10-05,Sunday,,Nuerology,holiday,13.0
2026-02-06,Friday,,pediatrics,open,78.0
2025-08-27,Wednesday,,DERMATOLOGY,open,36.0
12/02/2025,Tuesday,,Orthopedics,open,64.0
10 Jul 2025,Thursday,,General Medicine,open,70.0
2025-05-23,Friday,,  Orthopedics  ,open,
05/04/2025,Sunday,,Dermatology,holiday,10.0
2026-02-08,Sunday,,dermatology,holiday,20.0
24 Nov 2025,Monday,,Pediatrics,open,64.0
2025-05-11,Sunday,,  Dermatology  ,holiday,14.0
03/29/2026,Sunday,,Dermatology,holiday,35.0
10 Mar 2026,Tuesday,,Orthopedics,open,52.0
2025-08-02,Saturday,,Cardiologyy,open,60.0
2025-12-13,Saturday,,N/A,open,
05/09/2025,Friday,,Dermatology,open,34.0
2026-01-18,Sunday,,Dermatolgy,holiday,19.0
18 Aug 2025,Monday,,Orthopedics,open,55.0
2026-04-05,Sunday,,,holiday,7.0
2025-06-19,Thursday,,  Cardiology  ,open,32.0
2025-05-09,Friday,,NULL,open,92.0
12/04/2025,Thursday,,Cardiology,open,47.0
2025-06-06,Friday,,orthopedics,open,35.0
2026-02-04,Wednesday,,  Cardiology  ,open,70.0
2025-07-23,Wednesday,,GENERAL MEDICINE,open,114.0
2025-12-16,Tuesday,,  Orthopedics  ,open,73.0
03/16/2026,Monday,,Orthopedics,open,106.0
03 Dec 2025,Wednesday,,Cardiology,open,38.0
2025-07-27,Sunday,,Dermatolgy,holiday,16.0
24-10-2025,Friday,,Pediatrics,open,43.0
2026-01-03,Saturday,,,open,54.0
2025-08-12,Tuesday,,PEDIATRICS,open,105.0
2025-08-28,Thursday,,neurology,open,25.0
30-12-2025,Tuesday,,  Pediatrics  ,open,74.0
04/25/2025,Friday,,Nuerology,open,72.0
2025-08-02,Saturday,,dermatology,open,40.0
08/02/2025,Saturday,,Cardiology,open,75.0
09-11-2025,Sunday,,,holiday,9.0
02/01/2026,Sunday,,Cardiology,holiday,24.0
24-08-2025,Sunday,,Dermatology,holiday,7.0
2025-11-27,Thursday,,DERMATOLOGY,open,14.0
01-12-2025,Monday,,General Medicine,open,194.0
2025-11-17,Monday,,  Dermatology  ,open,60.0
04/23/2025,Wednesday,,DERMATOLOGY,open,90.0
04-12-2025,Thursday,,Orthopedics,open,80.0
2025-08-27,Wednesday,,cardiology,open,96.0
2026-04-16,Thursday,,  Neurology  ,open,58.0
02-04-2026,Thursday,,Cardiology,open,102.0
2025-05-30,Friday,,PEDIATRICS,open,75.0
07/09/2025,Wednesday,,Orthopedics,open,55.0
2026-03-04,Wednesday,,PEDIATRICS,,45.0
14-03-2026,Saturday,,Dermatology,open,
28-01-2026,Wednesday,,Orthopedics,open,39.0
2026-03-28,Saturday,,ORTHOPEDICS,open,42.0
04-08-2025,Monday,,Orthopedics,open,130.0
08/09/2025,Saturday,,Cardiology,open,28.0
01-07-2025,Tuesday,,Dermatology,open,69.0
11-10-2025,Saturday,,Cardiology,open,41.0
08/13/2025,Wednesday,,Cardiology,open,47.0
09/14/2025,Sunday,,Pediatrics,holiday,7.0
2026-03-04,Wednesday,,,open,87.0
09/22/2025,Monday,,Pediatrics,open,74.0
01-07-2025,Tuesday,,Cardiology,open,151.0
2026-04-15,Wednesday,,PEDIATRICS,open,76.0
2025-11-24,Monday,,general medicine,open,126.0
08/25/2025,Monday,,Pediatrics,open,60.0
2025-04-29,Tuesday,,N/A,open,87.0
12/19/2025,Friday,,Orthopedics,open,65.0
11 Jul 2025,Friday,,General Medicine,open,88.0
2025-08-08,Friday,,N/A,open,91.0
2025-09-14,Sunday,,,holiday,24.0
2025-10-10,Friday,,N/A,open,30.0
01/21/2026,Wednesday,,Dermatology,open,89.0
2026-02-05,Thursday,,Orthopaedics,open,88.0
06-12-2025,Saturday,,Dermatology,open,37.0
2025-12-09,Tuesday,,NEUROLOGY,open,34.0
11/08/2025,Saturday,,Dermatology,open,20.0
07 Nov 2025,Friday,,Orthopedics,open,44.0
2025-04-22,Tuesday,,NEUROLOGY,open,36.0
2025-10-28,Tuesday,,Cardiologyy,open,84.0
06/15/2025,Sunday,,GENERAL MEDICINE,holiday,14.0
20-07-2025,Sunday,,Cardiology,holiday,31.0
2026-03-15,Sunday,,dermatology,holiday,17.0
2026-03-24,Tuesday,,Cardiologyy,open,58.0
2026-01-30,Friday,,pediatrics,open,65.0
07 Jun 2025,Saturday,,  Cardiology  ,open,34.0
05/21/2025,Wednesday,,Neurology,open,46.0
30-06-2025,Monday,,General Medicine,open,240.0
25-01-2026,Sunday,,,holiday,16.0
07/30/2025,Wednesday,,Pediatrics,open,45.0
2026-01-15,Thursday,,Nuerology,open,20.0
2025-06-26,Thursday,,general medicine,open,70.0
2025-07-23,Wednesday,,dermatology,open,74.0
2025-05-11,Sunday,,PEDIATRICS,holiday,12.0
2025-06-08,Sunday,,dermatology,holiday,24.0
10/02/2025,Thursday,,Neurology,open,68.0
2025-06-04,Wednesday,,N/A,open,70.0
2025-12-11,Thursday,,dermatology,open,11.0
2026-01-08,Thursday,,  General Medicine  ,open,68.0
2025-08-25,Monday,,cardiology,open,48.0
2025-12-01,Monday,,,open,299.0
2025-05-21,Wednesday,,unknown,open,60.0
2025-11-25,Tuesday,,pediatrics,open,74.0
11/13/2025,Thursday,,Orthopedics,open,124.0
2025-12-18,Thursday,,CARDIOLOGY,open,50.0
2025-06-23,Monday,,Nuerology,open,83.0
2025-12-17,Wednesday,,,open,41.0
10 Oct 2025,Friday,,General Medicine,open,88.0
05-05-2025,Monday,,,open,94.0
2025-05-31,Saturday,,dermatology,open,31.0
2025-08-12,Tuesday,,  General Medicine  ,open,58.0
2025-11-12,Wednesday,,dermatology,open,
04/15/2026,Wednesday,,Cardiology,open,60.0
2025-05-02,Friday,,,open,64.0
2025-12-21,Sunday,,DERMATOLOGY,holiday,8.0
2025-10-04,Saturday,,GENERAL MEDICINE,open,135.0
2025-06-26,Thursday,,Dermatolgy,open,14.0
2025-07-05,Saturday,,neurology,open,46.0
2025-09-07,Sunday,,cardiology,holiday,6.0
2026-01-09,Friday,,Nuerology,open,62.0
04/30/2025,Wednesday,,Dermatology,open,81.0
05-08-2025,Tuesday,,General Medicine,open,106.0
2026-02-09,Monday,,  Cardiology  ,open,117.0
2025-08-30,Saturday,,PEDIATRICS,open,113.0
2025-09-24,Wednesday,,general medicine,open,44.0
2025-08-21,Thursday,,unknown,open,41.0
06 Aug 2025,Wednesday,,CARDIOLOGY,open,17.0
06 Aug 2025,Wednesday,,Orthopedics,open,57.0
2025-11-24,Monday,,Paediatrics,open,55.0
11/25/2025,Tuesday,,Orthopedics,open,136.0
2026-02-08,Sunday,,  Dermatology  ,holiday,20.0
2025-12-07,Sunday,,NEUROLOGY,holiday,19.0
04 Jul 2025,Friday,,Dermatology,open,11.0
04/05/2026,Sunday,,Orthopedics,holiday,27.0
2026-04-03,Friday,,ORTHOPEDICS,open,19.0
2025-05-23,Friday,,CARDIOLOGY,open,34.0
01 Dec 2025,Monday,,Cardiology,open,138.0
2025-06-29,Sunday,,dermatology,holiday,5.0
2026-03-12,Thursday,,NEUROLOGY,open,22.0
2025-09-14,Sunday,,ORTHOPEDICS,holiday,17.0
2025-09-02,Tuesday,,Genral Medicine,open,140.0
04 Aug 2025,Monday,,Neurology,open,57.0
2025-06-09,Monday,,Orthopaedics,open,37.0
26 Jul 2025,Saturday,,Orthopedics,open,18.0
2025-08-22,Friday,,GENERAL MEDICINE,open,
09/09/2025,Tuesday,,Orthopedics,open,103.0
15-11-2025,Saturday,,,open,77.0
03/09/2026,Monday,,  Dermatology  ,open,
2025-11-19,Wednesday,,GENERAL MEDICINE,open,24.0
12-11-2025,Wednesday,,Cardiology,open,60.0
14 Mar 2026,Saturday,,Pediatrics,open,158.0
07-11-2025,Friday,,Dermatology,open,66.0
16 Mar 2026,Monday,,General Medicine,open,93.0
2026-03-26,Thursday,,  Dermatology  ,open,64.0
2025-06-27,Friday,,  Pediatrics  ,open,67.0
12/03/2025,Wednesday,,Genral Medicine,open,35.0
2026-01-22,Thursday,,neurology,open,70.0
2026-04-17,Friday,,PEDIATRICS,open,90.0
31 Jul 2025,Thursday,,Pediatrics,open,47.0
11/27/2025,Thursday,,Orthopedics,open,26.0
2026-03-07,Saturday,,CARDIOLOGY,open,105.0
01 Jan 2026,Thursday,,Orthopedics,open,37.0
21 Jun 2025,Saturday,,Pediatrics,open,99.0
2026-01-01,Thursday,,N/A,open,131.0
02/10/2026,Tuesday,,GENERAL MEDICINE,open,78.0
05-11-2025,Wednesday,,Orthopedics,open,13.0
2025-05-21,Wednesday,,,open,50.0
2025-12-21,Sunday,,orthopedics,holiday,34.0
20-04-2025,Sunday,,Neurology,holiday,12.0
2026-03-22,Sunday,,Genral Medicine,holiday,11.0
12 Sep 2025,Friday,,Orthopedics,open,56.0
06/04/2025,Wednesday,,General Medicine,open,92.0
07-03-2026,Saturday,,Cardiology,open,16.0
2025-11-29,Saturday,,neurology,open,86.0
05/03/2025,Saturday,,Neurology,open,112.0
2025-10-29,Wednesday,,Orthopaedics,open,10.0
28 Jun 2025,Saturday,,Orthopedics,open,80.0
20 May 2025,Tuesday,,Neurology,open,70.0
08 Jun 2025,Sunday,,PEDIATRICS,holiday,9.0
2025-08-11,Monday,,  Orthopedics  ,open,57.0
2026-01-06,Tuesday,,N/A,open,74.0
2026-02-12,Thursday,,  General Medicine  ,open,104.0
07/14/2025,Monday,,General Medicine,open,260.0
2025-06-30,Monday,,N/A,open,62.0
28-12-2025,Sunday,,Dermatology,holiday,15.0
2025-12-19,Friday,,,open,78.0
2025-08-25,Monday,,Nuerology,open,110.0
07/26/2025,Saturday,,Orthopedics,open,86.0
05/07/2025,Wednesday,,Orthopedics,open,36.0
2025-06-21,Saturday,,,open,37.0
15 Aug 2025,Friday,,Pediatrics,open,134.0
2025-06-21,Saturday,,CARDIOLOGY,open,33.0
30 Mar 2026,Monday,,Cardiology,open,38.0
15 Apr 2026,Wednesday,,General Medicine,open,63.0
2026-03-05,Thursday,,  Neurology  ,,84.0
2026-02-12,Thursday,,Orthopaedics,open,32.0
02/14/2026,Saturday,,Orthopedics,open,17.0
2026-03-02,Monday,,PEDIATRICS,open,85.0
10/24/2025,Friday,,Dermatology,open,41.0
2026-02-18,Wednesday,,Orthopaedics,open,13.0
2025-06-28,Saturday,,GENERAL MEDICINE,open,63.0
2026-01-02,Friday,,Genral Medicine,open,87.0
2025-04-25,Friday,,orthopedics,open,26.0
28-09-2025,Sunday,,Pediatrics,holiday,22.0
2026-04-06,Monday,,  Neurology  ,open,101.0
05-06-2025,Thursday,,Orthopedics,open,
25-12-2025,Thursday,,General Medicine,open,99.0
2026-04-07,Tuesday,,general medicine,open,86.0
10 Dec 2025,Wednesday,,Pediatrics,open,55.0
2025-11-10,Monday,,NULL,open,85.0
2026-03-26,Thursday,,Genral Medicine,open,53.0
19 Apr 2026,Sunday,,,holiday,11.0
07-11-2025,Friday,,Pediatrics,open,92.0
15-10-2025,Wednesday,,Cardiology,open,13.0
2025-11-28,Friday,,Orthopaedics,open,65.0
19 Mar 2026,Thursday,,Orthopedics,open,62.0
07-04-2026,Tuesday,,Dermatology,open,225.0
13-01-2026,Tuesday,,General Medicine,open,209.0
01-09-2025,Monday,,N/A,open,
30 Jan 2026,Friday,,General Medicine,open,48.0
11 Sep 2025,Thursday,,Neurology,open,33.0
04/16/2026,Thursday,,DERMATOLOGY,open,42.0
2025-09-25,Thursday,,cardiology,open,69.0
2025-11-13,Thursday,,cardiology,open,42.0
2026-03-26,Thursday,,orthopedics,open,29.0
2025-07-05,Saturday,,Cardiologyy,open,35.0
2026-02-15,Sunday,,  Dermatology  ,holiday,15.0
2025-07-01,Tuesday,,dermatology,open,78.0
23 Oct 2025,Thursday,,Pediatrics,open,
2025-08-23,Saturday,,Dermatolgy,open,47.0
2025-12-31,Wednesday,,Genral Medicine,open,56.0
2025-07-17,Thursday,,N/A,open,41.0
07/02/2025,Wednesday,,Cardiology,open,29.0
2025-10-22,Wednesday,,PEDIATRICS,open,47.0
20-10-2025,Monday,,Dermatology,open,100.0
2025-09-24,Wednesday,,Nuerology,open,129.0
19 May 2025,Monday,,Orthopedics,open,67.0
2026-01-25,Sunday,,general medicine,holiday,
2026-04-09,Thursday,,CARDIOLOGY,open,86.0
02 Nov 2025,Sunday,,Cardiology,holiday,17.0
2026-03-12,Thursday,,NULL,open,67.0
16 Aug 2025,Saturday,,Cardiology,open,43.0
2026-01-09,Friday,,N/A,open,73.0
08 Apr 2026,Wednesday,,Dermatology,open,14.0
2025-09-11,Thursday,,Orthopaedics,open,127.0
12-08-2025,Tuesday,,Neurology,open,56.0
13 Oct 2025,Monday,,Neurology,open,151.0
2026-04-09,Thursday,,N/A,open,49.0
07/05/2025,Saturday,,Cardiology,open,26.0
2025-12-07,Sunday,,,holiday,65.0
2025-05-18,Sunday,,cardiology,holiday,7.0
2025-12-25,Thursday,,  Dermatology  ,open,81.0
09-10-2025,Thursday,,Cardiology,open,20.0
2025-08-11,Monday,,pediatrics,open,175.0
2025-11-15,Saturday,,,open,79.0
01 May 2025,Thursday,,Cardiology,open,30.0
2026-03-15,Sunday,,pediatrics,holiday,20.0
17 Mar 2026,Tuesday,,Dermatology,open,94.0
2025-08-23,Saturday,,,open,115.0
2025-09-15,Monday,,NULL,open,190.0
18 Jun 2025,Wednesday,,Dermatology,open,15.0
11-09-2025,Thursday,,Orthopedics,open,18.0
2026-04-18,Saturday,,unknown,open,83.0
08/03/2025,Sunday,,General Medicine,holiday,19.0
02/20/2026,Friday,,Cardiology,open,14.0
11 Jul 2025,Friday,,Dermatology,open,48.0
2025-12-15,Monday,,dermatology,open,263.0
23 Apr 2025,Wednesday,,Orthopedics,open,50.0
21 Feb 2026,Saturday,,General Medicine,open,48.0
16-06-2025,Monday,,Cardiology,open,119.0
13-02-2026,Friday,,Dermatology,open,12.0
02/23/2026,Monday,,Pediatrics,open,120.0
13 Dec 2025,Saturday,,Cardiology,open,71.0
02/08/2026,Sunday,,Cardiology,holiday,19.0
13-05-2025,Tuesday,,Orthopedics,open,62.0
01/17/2026,Saturday,,Cardiology,open,46.0
2026-03-28,Saturday,,N/A,open,13.0
2025-05-27,Tuesday,,Genral Medicine,open,128.0
28-09-2025,Sunday,,unknown,holiday,13.0
2026-03-08,Sunday,,  Neurology  ,holiday,15.0
04/24/2025,Thursday,,Neurology,open,32.0
10/08/2025,Wednesday,,  General Medicine  ,open,72.0
05 Sep 2025,Friday,,general medicine,open,103.0
25 Oct 2025,Saturday,,Dermatology,open,45.0
13-05-2025,Tuesday,,General Medicine,open,83.0
2026-02-03,Tuesday,,Paediatrics,open,113.0
25-07-2025,Friday,,Pediatrics,open,40.0
08 Oct 2025,Wednesday,,Pediatrics,open,77.0
09 Nov 2025,Sunday,,Pediatrics,holiday,8.0
2025-07-10,Thursday,,neurology,open,
17-08-2025,Sunday,,pediatrics,holiday,15.0
2025-09-12,Friday,,Genral Medicine,open,
04/10/2026,Friday,,Neurology,open,90.0
03 Sep 2025,Wednesday,,Neurology,open,38.0
06/27/2025,Friday,,Orthopedics,open,36.0
11/08/2025,Saturday,,Orthopedics,open,31.0
05 Mar 2026,Thursday,,Orthopedics,open,14.0
08 May 2025,Thursday,,Orthopedics,open,89.0
08/13/2025,Wednesday,,Pediatrics,open,65.0
2025-09-03,Wednesday,,,open,175.0
2026-02-11,Wednesday,,CARDIOLOGY,open,43.0
2025-09-08,Monday,,Cardiologyy,open,62.0
2025-05-17,Saturday,,orthopedics,open,88.0
2026-01-06,Tuesday,,unknown,open,110.0
08/17/2025,Sunday,,Pediatrics,holiday,15.0
2025-12-25,Thursday,,neurology,open,86.0
23-08-2025,Saturday,,Orthopedics,open,67.0
2026-03-29,Sunday,,  Pediatrics  ,holiday,11.0
2025-06-10,Tuesday,,  Pediatrics  ,open,74.0
30 Jun 2025,Monday,,Cardiology,open,82.0
2025-05-25,Sunday,,Nuerology,holiday,8.0
2026-02-10,Tuesday,,DERMATOLOGY,open,68.0
2025-08-19,Tuesday,,Pediatrics,open,981.0
04/20/2025,Sunday,,Dermatology,holiday,7.0
01-09-2025,Monday,,Orthopedics,open,78.0
2026-01-26,Monday,,  General Medicine  ,open,80.0
07 Jan 2026,Wednesday,,General Medicine,open,
01/05/2026,Monday,,General Medicine,open,168.0
31 Mar 2026,Tuesday,,Dermatology,open,63.0
2025-12-18,Thursday,,  General Medicine  ,open,72.0
2026-02-23,Monday,,orthopedics,open,79.0
08/08/2025,Friday,,Neurology,open,1232.0
13 Dec 2025,Saturday,,General Medicine,open,117.0
15 Jul 2025,Tuesday,,Pediatrics,open,74.0
2026-02-24,Tuesday,,Dermatolgy,open,68.0
09-02-2026,Monday,,Dermatology,open,56.0
2026-02-28,Saturday,,N/A,open,39.0
09 Aug 2025,Saturday,,General Medicine,open,89.0
25 Dec 2025,Thursday,,Neurology,open,43.0
2026-03-23,Monday,,Paediatrics,open,84.0
25-12-2025,Thursday,,Neurology,open,56.0
2026-02-03,Tuesday,,orthopedics,open,116.0
24-04-2025,Thursday,,General Medicine,open,66.0
2026-02-01,Sunday,,general medicine,holiday,11.0
2025-11-02,Sunday,,Dermatolgy,holiday,16.0
01/23/2026,Friday,,Dermatology,open,39.0
2025-07-22,Tuesday,,dermatology,open,111.0
12-09-2025,Friday,,General Medicine,open,
2025-08-10,Sunday,,cardiology,holiday,5.0
2025-07-20,Sunday,,pediatrics,holiday,32.0
08/10/2025,Sunday,,Dermatology,holiday,11.0
2025-05-02,Friday,,  Dermatology  ,open,15.0
01/12/2026,Monday,,Neurology,open,107.0
27-04-2025,Sunday,,Dermatology,holiday,15.0
06/10/2025,Tuesday,,orthopedics,open,72.0
2025-08-29,Friday,,  Neurology  ,open,38.0
16 Aug 2025,Saturday,,Orthopedics,open,46.0
09 Jun 2025,Monday,,Cardiology,open,45.0
2025-07-10,Thursday,,Orthopaedics,open,108.0
2025-11-21,Friday,,N/A,open,31.0
02 Dec 2025,Tuesday,,General Medicine,open,80.0
18 Jul 2025,Friday,,Cardiology,open,22.0
2026-01-14,Wednesday,,dermatology,open,27.0
2025-09-30,Tuesday,,Dermatolgy,open,
2025-08-21,Thursday,,orthopedics,open,87.0
2025-10-03,Friday,,  General Medicine  ,open,112.0
10 Mar 2026,Tuesday,,Neurology,open,45.0
28 Sep 2025,Sunday,,Pediatrics,holiday,8.0
17-11-2025,Monday,,Cardiology,open,123.0
10 Feb 2026,Tuesday,,Neurology,open,75.0
03-06-2025,Tuesday,,General Medicine,open,93.0
01/29/2026,Thursday,,Orthopedics,open,36.0
07/22/2025,Tuesday,,Pediatrics,open,113.0
2025-06-15,Sunday,,  Pediatrics  ,holiday,45.0
10 Feb 2026,Tuesday,,General Medicine,open,75.0
25 Apr 2025,Friday,,Dermatology,open,14.0
12/08/2025,Monday,,Neurology,open,66.0
2025-10-26,Sunday,,pediatrics,holiday,7.0
2025-10-16,Thursday,,,open,
06/16/2025,Monday,,Orthopedics,open,
2025-08-13,Wednesday,,N/A,open,52.0
2025-07-26,Saturday,,neurology,open,100.0
2025-11-27,Thursday,,general medicine,open,
2025-07-09,Wednesday,,  Orthopedics  ,open,21.0
2026-03-09,Monday,,neurology,open,59.0
07/01/2025,Tuesday,,Orthopedics,open,147.0
2025-08-05,Tuesday,,NEUROLOGY,open,109.0
2026-03-06,Friday,,dermatology,open,65.0
27 Sep 2025,Saturday,,Cardiology,open,62.0
2026-01-30,Friday,,dermatology,open,66.0
01/08/2026,Thursday,,Dermatology,,45.0
2025-05-09,Friday,,cardiology,open,49.0
07/21/2025,Monday,,Pediatrics,open,100.0
06/12/2025,Thursday,,Orthopedics,open,29.0
28 Jun 2025,Saturday,,Neurology,open,42.0
2025-06-14,Saturday,,GENERAL MEDICINE,open,106.0
05/25/2025,Sunday,,Pediatrics,holiday,5.0
26-07-2025,Saturday,,Orthopedics,open,28.0
2025-07-29,Tuesday,,orthopedics,open,72.0
14 Oct 2025,Tuesday,,Pediatrics,open,
2026-03-23,Monday,,unknown,open,69.0
2025-07-03,Thursday,,dermatology,open,56.0
07/09/2025,Wednesday,,General Medicine,open,47.0
2025-10-02,Thursday,,GENERAL MEDICINE,open,23.0
2026-02-01,Sunday,,,holiday,31.0
08 Apr 2026,Wednesday,,Neurology,open,23.0
2025-05-23,Friday,,pediatrics,open,117.0
19 Apr 2026,Sunday,,Neurology,holiday,6.0
04-03-2026,Wednesday,,Dermatology,open,12.0
2025-10-12,Sunday,,  Cardiology  ,holiday,5.0
2025-11-21,Friday,,Dermatolgy,open,43.0
2026-01-11,Sunday,,  Cardiology  ,holiday,15.0
07/07/2025,Monday,,General Medicine,open,77.0
2025-11-06,Thursday,,unknown,open,12.0
2026-03-07,Saturday,,N/A,open,106.0
27 Dec 2025,Saturday,,Orthopedics,open,57.0
01/28/2026,Wednesday,,Neurology,open,211.0
01 Nov 2025,Saturday,,Pediatrics,open,39.0
2025-06-05,Thursday,,PEDIATRICS,open,82.0
31-07-2025,Thursday,,Paediatrics,open,67.0
06/20/2025,Friday,,Orthopedics,open,44.0
2026-01-10,Saturday,,Cardiologyy,open,38.0
2026-04-09,Thursday,,cardiology,open,
05/26/2025,Monday,,Dermatology,open,85.0
02-10-2025,Thursday,,Orthopedics,open,48.0
2025-10-13,Monday,,Dermatolgy,open,86.0
25 Nov 2025,Tuesday,,Pediatrics,open,57.0
02-06-2025,Monday,,Neurology,open,104.0
24-06-2025,Tuesday,,Dermatology,open,58.0
10/14/2025,Tuesday,,Dermatology,open,135.0
2025-10-27,Monday,,GENERAL MEDICINE,open,170.0
2025-07-01,Tuesday,,GENERAL MEDICINE,open,90.0
28-10-2025,Tuesday,,  Pediatrics  ,open,110.0
07/14/2025,Monday,,Orthopedics,,201.0
2026-04-10,Friday,,,open,123.0
24-12-2025,Wednesday,,Orthopedics,open,
2025-07-10,Thursday,,  Dermatology  ,open,43.0
2026-01-20,Tuesday,,Paediatrics,open,68.0
2025-05-15,Thursday,,Dermatolgy,open,
10-08-2025,Sunday,,Neurology,holiday,5.0
07/16/2025,Wednesday,,NEUROLOGY,open,18.0
22-07-2025,Tuesday,,Pediatrics,open,120.0
31 Dec 2025,Wednesday,,Pediatrics,open,66.0
2025-10-22,Wednesday,,dermatology,open,26.0
20-11-2025,Thursday,,cardiology,open,24.0
2025-09-23,Tuesday,,  Pediatrics  ,open,99.0
04/06/2026,Monday,,Orthopedics,open,40.0
08/23/2025,Saturday,,  Neurology  ,open,60.0
2025-05-06,Tuesday,,  General Medicine  ,open,180.0
2025-08-24,Sunday,,NEUROLOGY,holiday,26.0
10-11-2025,Monday,,Dermatology,open,145.0
16-09-2025,Tuesday,,Neurology,open,50.0
2025-06-27,Friday,,neurology,open,83.0
01/26/2026,Monday,,N/A,open,86.0
10/25/2025,Saturday,,Dermatology,open,118.0
22 Nov 2025,Saturday,,Cardiology,open,29.0
2026-03-13,Friday,,DERMATOLOGY,open,59.0
2025-10-16,Thursday,,cardiology,open,72.0
06/21/2025,Saturday,,DERMATOLOGY,open,39.0
19-11-2025,Wednesday,,Dermatology,open,45.0
2026-04-04,Saturday,,PEDIATRICS,open,101.0
10/20/2025,Monday,,Pediatrics,open,70.0
08/08/2025,Friday,,Dermatology,open,100.0
2025-06-13,Friday,,PEDIATRICS,open,66.0
2025-05-16,Friday,,dermatology,open,29.0
2025-06-10,Tuesday,,Dermatolgy,open,41.0
2025-07-28,Monday,,DERMATOLOGY,open,112.0
11 Mar 2026,Wednesday,,,open,78.0
25-04-2025,Friday,,Pediatrics,open,63.0
08/31/2025,Sunday,,Dermatology,holiday,14.0
28 Jun 2025,Saturday,,Pediatrics,open,24.0
2025-12-10,Wednesday,,  Orthopedics  ,open,99.0
2025-10-17,Friday,,orthopedics,,83.0
09-05-2025,Friday,,  Neurology  ,open,32.0
2025-08-04,Monday,,N/A,open,66.0
2025-12-06,Saturday,,N/A,open,21.0
2025-11-27,Thursday,,Cardiologyy,open,
2026-01-12,Monday,,,open,216.0
08-03-2026,Sunday,,Cardiology,holiday,15.0
2025-09-07,Sunday,,  Orthopedics  ,holiday,9.0
09/15/2025,Monday,,General Medicine,open,186.0
09-03-2026,Monday,,Dermatology,open,66.0
2025-07-31,Thursday,,  Pediatrics  ,open,66.0
2025-10-31,Friday,,NULL,open,
2025-11-26,Wednesday,,NULL,open,33.0
11/16/2025,Sunday,,Orthopedics,holiday,20.0
2025-11-17,Monday,,DERMATOLOGY,open,85.0
2026-01-08,Thursday,,Orthopaedics,open,10.0
2025-05-09,Friday,,unknown,open,44.0
02/07/2026,Saturday,,,open,
2025-11-04,Tuesday,,,open,191.0
2025-08-03,Sunday,,  Cardiology  ,holiday,21.0
05-01-2026,Monday,,Neurology,open,136.0
2025-10-02,Thursday,,Genral Medicine,open,48.0
2025-08-15,Friday,,  Dermatology  ,open,
2025-08-12,Tuesday,,Orthopaedics,open,62.0
08-08-2025,Friday,,General Medicine,open,110.0
2025-12-28,Sunday,,cardiology,holiday,8.0
07 Sep 2025,Sunday,,Neurology,holiday,12.0
16-07-2025,Wednesday,,Neurology,open,109.0
2025-11-05,Wednesday,,  Dermatology  ,open,30.0
29-06-2025,Sunday,,Dermatology,holiday,8.0
11/14/2025,Friday,,General Medicine,open,46.0
02/25/2026,Wednesday,,Orthopedics,open,44.0
2026-01-11,Sunday,,  General Medicine  ,holiday,14.0
06/21/2025,Saturday,,  General Medicine  ,open,36.0
2025-08-26,Tuesday,,CARDIOLOGY,open,103.0
06-07-2025,Sunday,,Orthopedics,holiday,17.0
2026-04-02,Thursday,,NULL,open,38.0
21-01-2026,Wednesday,,General Medicine,open,97.0
2026-02-06,Friday,,PEDIATRICS,open,92.0
2025-07-04,Friday,,Cardiologyy,open,90.0
2025-07-13,Sunday,,NULL,holiday,26.0
02/11/2026,Wednesday,,Orthopedics,open,47.0
27 Mar 2026,Friday,,DERMATOLOGY,,43.0
29-08-2025,Friday,,Cardiologyy,open,21.0
2026-01-20,Tuesday,,  Pediatrics  ,open,75.0
2025-07-09,Wednesday,,NULL,open,
31-05-2025,Saturday,,Pediatrics,open,128.0
27-05-2025,Tuesday,,DERMATOLOGY,open,65.0
2025-05-28,Wednesday,,general medicine,open,73.0
2025-07-31,Thursday,,CARDIOLOGY,open,97.0
10/29/2025,Wednesday,,Orthopedics,open,44.0
2025-08-20,Wednesday,,PEDIATRICS,open,46.0
06-11-2025,Thursday,,Dermatology,open,45.0
03/22/2026,Sunday,,Orthopedics,holiday,6.0
04/27/2025,Sunday,,Orthopedics,holiday,30.0
2025-11-19,Wednesday,,cardiology,open,
16-11-2025,Sunday,,General Medicine,holiday,31.0
2026-03-01,Sunday,,unknown,holiday,6.0
2025-05-05,Monday,,NULL,open,97.0
12-08-2025,Tuesday,,Dermatology,open,94.0
2025-08-07,Thursday,,pediatrics,open,167.0
06 Jul 2025,Sunday,,Cardiology,holiday,19.0
01-03-2026,Sunday,,Pediatrics,holiday,20.0
06 Apr 2026,Monday,,Neurology,open,65.0
2025-12-30,Tuesday,,  Neurology  ,open,
10/14/2025,Tuesday,,,open,86.0
25-03-2026,Wednesday,,Cardiology,open,119.0
2025-05-01,Thursday,,Cardiologyy,open,64.0
21-05-2025,Wednesday,,Cardiology,open,39.0
17-07-2025,Thursday,,N/A,open,25.0
2026-03-16,Monday,,unknown,open,154.0
11-03-2026,Wednesday,,General Medicine,open,46.0
04/05/2026,Sunday,,Dermatology,holiday,19.0
05/05/2025,Monday,,N/A,open,73.0
28-01-2026,Wednesday,,Dermatology,open,34.0
15 Jul 2025,Tuesday,,General Medicine,open,76.0
02-02-2026,Monday,,Neurology,open,54.0
18-09-2025,Thursday,,Pediatrics,open,70.0
2026-04-16,Thursday,,NULL,open,84.0
18-04-2026,Saturday,,General Medicine,open,96.0
2025-10-06,Monday,,  Pediatrics  ,open,90.0
12-03-2026,Thursday,,General Medicine,open,74.0
2025-10-05,Sunday,,Orthopaedics,holiday,10.0
16-04-2026,Thursday,,Dermatology,open,57.0
08/01/2025,Friday,,Pediatrics,open,43.0
10/02/2025,Thursday,,Pediatrics,open,39.0
10-12-2025,Wednesday,,Dermatology,open,
2026-01-23,Friday,,dermatology,open,98.0
22 Sep 2025,Monday,,Orthopedics,open,68.0
20 Apr 2025,Sunday,,Dermatolgy,holiday,19.0
2025-12-18,Thursday,,GENERAL MEDICINE,open,73.0
11-11-2025,Tuesday,,Neurology,open,52.0
14-08-2025,Thursday,,Pediatrics,open,42.0
10/25/2025,Saturday,,Neurology,open,71.0
2025-05-11,Sunday,,Nuerology,holiday,15.0
21-05-2025,Wednesday,,Orthopedics,open,147.0
26-03-2026,Thursday,,Orthopedics,open,162.0
19-04-2025,Saturday,,Cardiology,open,10.0
21 Sep 2025,Sunday,,Dermatolgy,holiday,11.0
2025-11-22,Saturday,,N/A,open,25.0
2025-06-22,Sunday,,  Dermatology  ,holiday,13.0
08/06/2025,Wednesday,,Pediatrics,open,38.0
2025-11-09,Sunday,,N/A,holiday,16.0
2025-05-23,Friday,,  General Medicine  ,open,107.0
23-05-2025,Friday,,Dermatology,open,87.0
22-11-2025,Saturday,,Dermatology,open,
16-06-2025,Monday,,Orthopedics,open,37.0
2025-08-12,Tuesday,,unknown,open,41.0
2025-11-03,Monday,,unknown,open,160.0
2025-09-29,Monday,,NULL,open,100.0
2025-10-23,Thursday,,  Pediatrics  ,open,
18 Apr 2026,Saturday,,Orthopedics,open,44.0
28 Jun 2025,Saturday,,General Medicine,open,
03 Aug 2025,Sunday,,Orthopedics,holiday,20.0
2025-08-15,Friday,,pediatrics,open,159.0
2025-06-13,Friday,,neurology,open,41.0
23-04-2025,Wednesday,,Pediatrics,open,21.0
08-07-2025,Tuesday,,  Pediatrics  ,open,127.0
2025-05-09,Friday,,CARDIOLOGY,open,45.0
26 Jul 2025,Saturday,,Pediatrics,open,133.0
02-08-2025,Saturday,,Pediatrics,open,160.0
2025-09-07,Sunday,,NULL,holiday,29.0
2025-05-02,Friday,,unknown,open,62.0
01-11-2025,Saturday,,General Medicine,open,130.0
2026-02-04,Wednesday,,Nuerology,open,103.0
12 Jul 2025,Saturday,,Dermatology,open,24.0
09/27/2025,Saturday,,Orthopedics,open,23.0
21 May 2025,Wednesday,,General Medicine,open,110.0
2025-09-14,Sunday,,GENERAL MEDICINE,holiday,6.0
04/04/2026,Saturday,,Neurology,open,30.0
2026-02-01,Sunday,,pediatrics,holiday,19.0
2025-05-27,Tuesday,,Paediatrics,open,91.0
2026-01-12,Monday,,Orthopaedics,open,48.0
02/13/2026,Friday,,Pediatrics,open,167.0
07/02/2025,Wednesday,,General Medicine,open,28.0
2026-01-25,Sunday,,Orthopaedics,holiday,6.0
02-04-2026,Thursday,,Orthopedics,open,92.0
2026-01-27,Tuesday,,PEDIATRICS,open,121.0
03-12-2025,Wednesday,,Orthopedics,open,
02/22/2026,Sunday,,Cardiology,holiday,7.0
2025-08-25,Monday,,,open,79.0
02/02/2026,Monday,,N/A,open,115.0
11-08-2025,Monday,,Orthopedics,,156.0
2025-10-11,Saturday,,,open,30.0
2025-08-05,Tuesday,,dermatology,open,
2025-12-24,Wednesday,,ORTHOPEDICS,open,16.0
2026-03-17,Tuesday,,GENERAL MEDICINE,open,197.0
04-07-2025,Friday,,Neurology,open,52.0
08/09/2025,Saturday,,Dermatology,open,90.0
2025-07-10,Thursday,,CARDIOLOGY,open,44.0
2025-10-03,Friday,,Paediatrics,open,38.0
2025-05-08,Thursday,,cardiology,open,34.0
2025-04-28,Monday,,GENERAL MEDICINE,open,152.0
2025-12-08,Monday,,,open,75.0
08/03/2025,Sunday,,general medicine,holiday,10.0
07 Sep 2025,Sunday,,Cardiology,holiday,11.0
2026-02-10,Tuesday,,  Dermatology  ,open,94.0
06 Nov 2025,Thursday,,Dermatology,open,71.0
12/25/2025,Thursday,,General Medicine,open,72.0
2026-01-07,Wednesday,,DERMATOLOGY,open,52.0
30-05-2025,Friday,,  Neurology  ,open,30.0
12/06/2025,Saturday,,Cardiology,open,73.0
14 Jul 2025,Monday,,Pediatrics,open,104.0
2025-08-28,Thursday,,,open,150.0
2025-10-27,Monday,,Orthopaedics,open,87.0
12/28/2025,Sunday,,General Medicine,holiday,10.0
22-12-2025,Monday,,Cardiology,open,77.0
2025-05-12,Monday,,,open,220.0
06/14/2025,Saturday,,Orthopedics,open,23.0
2025-09-05,Friday,,unknown,open,36.0
01/31/2026,Saturday,,General Medicine,open,57.0
01 Sep 2025,Monday,,General Medicine,open,70.0
09/08/2025,Monday,,Pediatrics,open,206.0
25-03-2026,Wednesday,,Dermatology,open,32.0
12/07/2025,Sunday,,Cardiology,holiday,12.0
18 Mar 2026,Wednesday,,Cardiology,open,14.0
02-07-2025,Wednesday,,Neurology,open,52.0
07-12-2025,Sunday,,Cardiology,holiday,16.0
2026-03-12,Thursday,,general medicine,open,82.0
18-05-2025,Sunday,,Dermatology,holiday,8.0
10/15/2025,Wednesday,,Pediatrics,open,109.0
25-02-2026,Wednesday,,Cardiology,open,185.0
09/19/2025,Friday,,CARDIOLOGY,open,69.0
2025-10-19,Sunday,,DERMATOLOGY,holiday,7.0
13 Aug 2025,Wednesday,,Orthopedics,open,
14-12-2025,Sunday,,Dermatology,holiday,20.0
19 Dec 2025,Friday,,General Medicine,open,45.0
2025-08-20,Wednesday,,cardiology,open,123.0
2026-01-07,Wednesday,,Paediatrics,open,37.0
2025-07-27,Sunday,,  Orthopedics  ,holiday,9.0
2025-12-16,Tuesday,,NEUROLOGY,open,57.0
2026-04-03,Friday,,neurology,open,22.0
05/07/2025,Wednesday,,Cardiology,open,106.0
19 Aug 2025,Tuesday,,,open,50.0
03 Feb 2026,Tuesday,,Pediatrics,open,71.0
2025-10-21,Tuesday,,PEDIATRICS,open,169.0
07/25/2025,Friday,,Pediatrics,open,85.0
07-03-2026,Saturday,,Neurology,open,68.0
09/05/2025,Friday,,Neurology,open,14.0
25-03-2026,Wednesday,,GENERAL MEDICINE,open,44.0
22 Jul 2025,Tuesday,,Orthopedics,open,68.0
30-05-2025,Friday,,Dermatology,open,33.0
2025-09-21,Sunday,,orthopedics,holiday,17.0
2025-12-30,Tuesday,,cardiology,open,124.0
21-03-2026,Saturday,,Dermatology,open,23.0
01 Oct 2025,Wednesday,,Pediatrics,open,138.0
02-07-2025,Wednesday,,,open,12.0
2025-09-26,Friday,,N/A,open,67.0
2026-01-08,Thursday,,Genral Medicine,open,100.0
2026-01-23,Friday,,DERMATOLOGY,open,47.0
2026-02-17,Tuesday,,orthopedics,open,151.0
2026-04-13,Monday,,ORTHOPEDICS,open,81.0
31 Mar 2026,Tuesday,,Neurology,open,58.0
2025-06-18,Wednesday,,Paediatrics,open,106.0
2025-08-01,Friday,,NEUROLOGY,open,57.0
20 Apr 2025,Sunday,,,holiday,8.0
08 Jan 2026,Thursday,,General Medicine,open,89.0
2026-03-23,Monday,,GENERAL MEDICINE,open,50.0
2025-05-16,Friday,,neurology,open,43.0
20-11-2025,Thursday,,General Medicine,open,66.0
2025-07-16,Wednesday,,  Cardiology  ,open,56.0
03/23/2026,Monday,,Cardiology,open,95.0
12/12/2025,Friday,,Pediatrics,open,32.0
2026-02-17,Tuesday,,  Neurology  ,open,116.0
05/21/2025,Wednesday,,Dermatology,open,
2025-05-21,Wednesday,,  Cardiology  ,open,82.0
2026-03-18,Wednesday,,Orthopaedics,open,31.0
06 Mar 2026,Friday,,Pediatrics,open,68.0
2026-03-29,Sunday,,unknown,holiday,19.0
2025-10-01,Wednesday,,orthopedics,open,24.0
2025-08-25,Monday,,  General Medicine  ,open,59.0
2025-05-21,Wednesday,,cardiology,open,36.0
2025-07-03,Thursday,,neurology,open,37.0
05-03-2026,Thursday,,Orthopedics,open,24.0
05/29/2025,Thursday,,Neurology,open,11.0
07-06-2025,Saturday,,General Medicine,open,59.0
01 Feb 2026,Sunday,,Orthopedics,holiday,9.0
21-10-2025,Tuesday,,Dermatology,open,56.0
2026-01-17,Saturday,,CARDIOLOGY,open,30.0
2025-05-21,Wednesday,,Nuerology,open,91.0
2025-12-18,Thursday,,  Orthopedics  ,open,45.0
2025-08-13,Wednesday,,neurology,open,99.0
2026-01-24,Saturday,,dermatology,open,34.0
07/09/2025,Wednesday,,Pediatrics,open,67.0
11-05-2025,Sunday,,GENERAL MEDICINE,holiday,14.0
2025-12-25,Thursday,,ORTHOPEDICS,open,34.0
2025-12-05,Friday,,,open,73.0
2026-02-26,Thursday,,DERMATOLOGY,open,24.0
2025-06-12,Thursday,,CARDIOLOGY,open,64.0
2025-07-30,Wednesday,,unknown,open,48.0
2026-01-06,Tuesday,,PEDIATRICS,open,132.0
21 Feb 2026,Saturday,,Neurology,open,73.0
01-11-2025,Saturday,,N/A,open,72.0
24 Oct 2025,Friday,,General Medicine,open,130.0
2026-01-05,Monday,,DERMATOLOGY,open,188.0
03/14/2026,Saturday,,General Medicine,open,66.0
06 Dec 2025,Saturday,,Neurology,open,16.0
17 Jan 2026,Saturday,,Pediatrics,open,52.0
08/01/2025,Friday,,General Medicine,open,33.0
03-02-2026,Tuesday,,Neurology,open,66.0
29 Nov 2025,Saturday,,pediatrics,open,62.0
12 Jul 2025,Saturday,,General Medicine,open,34.0
19 Feb 2026,Thursday,,Orthopedics,open,37.0
12/08/2025,Monday,,Pediatrics,open,208.0
11/21/2025,Friday,,Cardiology,open,47.0
2025-11-20,Thursday,,  Neurology  ,open,84.0
06/27/2025,Friday,,unknown,open,35.0
17 Jun 2025,Tuesday,,General Medicine,open,125.0
2025-05-16,Friday,,NULL,open,
12/28/2025,Sunday,,general medicine,holiday,16.0
07-12-2025,Sunday,,Dermatology,holiday,23.0
06/02/2025,Monday,,Cardiology,open,82.0
01/31/2026,Saturday,,Dermatology,open,26.0
2025-10-24,Friday,,neurology,open,40.0
2026-01-27,Tuesday,,  Cardiology  ,open,71.0
2026-02-07,Saturday,,Cardiologyy,open,19.0
2026-02-04,Wednesday,,Orthopaedics,open,36.0
2025-09-11,Thursday,,orthopedics,open,31.0
2025-09-06,Saturday,,general medicine,open,51.0
2026-01-12,Monday,,  General Medicine  ,open,126.0
2025-07-18,Friday,,Orthopaedics,open,34.0
09/04/2025,Thursday,,Pediatrics,open,57.0
14 Jan 2026,Wednesday,,General Medicine,open,57.0
01 Aug 2025,Friday,,Neurology,open,30.0
2025-04-24,Thursday,,  Pediatrics  ,open,25.0
2025-11-01,Saturday,,,open,20.0
2026-04-13,Monday,,dermatology,open,75.0
25-11-2025,Tuesday,,Neurology,open,46.0
13-08-2025,Wednesday,,Pediatrics,open,66.0
2026-02-02,Monday,,CARDIOLOGY,open,72.0
2025-11-24,Monday,,  Orthopedics  ,,99.0
15 Dec 2025,Monday,,Cardiology,open,106.0
2025-12-22,Monday,,pediatrics,open,122.0
2025-10-03,Friday,,cardiology,open,
22 Sep 2025,Monday,,Dermatology,open,113.0
06-12-2025,Saturday,,Pediatrics,open,72.0
05 Oct 2025,Sunday,,Neurology,holiday,18.0
09/25/2025,Thursday,,Pediatrics,open,80.0
2025-10-24,Friday,,GENERAL MEDICINE,open,117.0
30 Nov 2025,Sunday,,Pediatrics,holiday,13.0
2025-04-22,Tuesday,,cardiology,open,122.0
2025-10-06,Monday,,  General Medicine  ,open,94.0
2025-05-17,Saturday,,  Neurology  ,open,17.0
25 Mar 2026,Wednesday,,Orthopedics,open,68.0
2026-04-19,Sunday,,  Pediatrics  ,holiday,10.0
2026-01-10,Saturday,,PEDIATRICS,open,80.0
2025-06-04,Wednesday,,neurology,open,110.0
10/03/2025,Friday,,Dermatology,open,87.0
10/17/2025,Friday,,Dermatology,open,35.0
29 Jan 2026,Thursday,,Cardiology,open,22.0
06 Jun 2025,Friday,,Pediatrics,open,31.0
09/18/2025,Thursday,,Neurology,open,35.0
09 Jul 2025,Wednesday,,,open,61.0
2025-11-19,Wednesday,,  General Medicine  ,open,102.0
13-05-2025,Tuesday,,Neurology,open,95.0
2025-07-22,Tuesday,,orthopedics,open,54.0
11-04-2026,Saturday,,,open,100.0
04/04/2026,Saturday,,General Medicine,open,61.0
21 Aug 2025,Thursday,,CARDIOLOGY,open,12.0
2025-10-30,Thursday,,Nuerology,open,19.0
2026-02-13,Friday,,DERMATOLOGY,open,17.0
2025-05-04,Sunday,,NULL,holiday,10.0
08/13/2025,Wednesday,,Dermatology,open,71.0
05/27/2025,Tuesday,,General Medicine,open,64.0
03-10-2025,Friday,,Orthopedics,open,67.0
09/21/2025,Sunday,,Pediatrics,holiday,14.0
2025-07-01,Tuesday,,Genral Medicine,open,113.0
2026-03-26,Thursday,,DERMATOLOGY,open,26.0
01 Oct 2025,Wednesday,,General Medicine,open,52.0
11/11/2025,Tuesday,,Cardiology,open,70.0
10/23/2025,Thursday,,Dermatology,open,44.0
2025-05-16,Friday,,Dermatolgy,open,49.0
2025-06-21,Saturday,,Paediatrics,open,54.0
2025-12-24,Wednesday,,DERMATOLOGY,open,37.0
2026-03-10,Tuesday,,NULL,open,76.0
2025-06-07,Saturday,,unknown,open,35.0
29-05-2025,Thursday,,Orthopedics,open,48.0
20 Dec 2025,Saturday,,Cardiology,open,27.0
01/24/2026,Saturday,,Pediatrics,open,57.0
2026-01-11,Sunday,,Dermatolgy,holiday,7.0
25 May 2025,Sunday,,Neurology,holiday,5.0
2026-03-15,Sunday,,NULL,holiday,17.0
2025-04-25,Friday,,neurology,open,154.0
05 Mar 2026,Thursday,,Neurology,open,105.0
25-02-2026,Wednesday,,dermatology,open,78.0
2026-02-23,Monday,,Genral Medicine,open,113.0
07/10/2025,Thursday,,Cardiology,open,71.0
2025-08-17,Sunday,,Dermatolgy,holiday,16.0
10 Dec 2025,Wednesday,,Orthopedics,open,33.0
23-12-2025,Tuesday,,Pediatrics,open,128.0
2025-11-02,Sunday,,PEDIATRICS,holiday,12.0
2025-09-29,Monday,,CARDIOLOGY,open,61.0
2025-10-19,Sunday,,  Orthopedics  ,holiday,
2025-11-15,Saturday,,DERMATOLOGY,,72.0
19 Feb 2026,Thursday,,Neurology,open,44.0
24-05-2025,Saturday,,  Orthopedics  ,open,32.0
03/25/2026,Wednesday,,Pediatrics,open,102.0
2025-12-05,Friday,,general medicine,open,55.0
2026-04-19,Sunday,,  Dermatology  ,holiday,5.0
11 Aug 2025,Monday,,Neurology,open,112.0
19-12-2025,Friday,,,open,85.0
05/03/2025,Saturday,,General Medicine,open,75.0
2026-04-18,Saturday,,  Orthopedics  ,open,39.0
2025-06-15,Sunday,,dermatology,holiday,19.0
11-04-2026,Saturday,,NULL,open,21.0
2025-12-21,Sunday,,  Dermatology  ,holiday,10.0
01-06-2025,Sunday,,N/A,holiday,16.0
24-10-2025,Friday,,N/A,open,65.0
03-05-2025,Saturday,,Dermatology,open,
2025-09-14,Sunday,,unknown,,5.0
08 Aug 2025,Friday,,General Medicine,open,101.0
2025-12-05,Friday,,unknown,open,52.0
2025-12-28,Sunday,,Paediatrics,holiday,14.0
2025-08-21,Thursday,,  Neurology  ,open,26.0
2025-11-12,Wednesday,,  Neurology  ,open,17.0
2025-07-04,Friday,,NULL,open,34.0
26 Jun 2025,Thursday,,Neurology,open,19.0
02/02/2026,Monday,,Cardiology,open,112.0
2025-11-14,Friday,,DERMATOLOGY,open,
2025-11-19,Wednesday,,  Dermatology  ,open,44.0
2025-05-31,Saturday,,  Neurology  ,open,26.0
2025-11-21,Friday,,  General Medicine  ,open,42.0
27-09-2025,Saturday,,Cardiology,open,35.0
21 May 2025,Wednesday,,Cardiology,open,70.0
27 Nov 2025,Thursday,,Neurology,open,28.0
2025-07-23,Wednesday,,Orthopaedics,open,20.0
03/27/2026,Friday,,,open,70.0
01/14/2026,Wednesday,,Neurology,open,29.0
2025-06-26,Thursday,,dermatology,open,17.0
02 Oct 2025,Thursday,,NULL,open,83.0
2025-04-27,Sunday,,Genral Medicine,holiday,15.0
2025-07-29,Tuesday,,ORTHOPEDICS,open,69.0
19 Sep 2025,Friday,,Pediatrics,open,56.0
03/27/2026,Friday,,Neurology,,38.0
30 Oct 2025,Thursday,,Orthopedics,open,67.0
20 Feb 2026,Friday,,Pediatrics,open,79.0
2025-06-16,Monday,,  General Medicine  ,open,92.0
23-07-2025,Wednesday,,Neurology,open,23.0
2025-09-29,Monday,,N/A,open,43.0
2026-04-14,Tuesday,,CARDIOLOGY,open,44.0
2026-03-06,Friday,,GENERAL MEDICINE,open,67.0
04-08-2025,Monday,,Dermatology,open,62.0
2025-07-23,Wednesday,,  General Medicine  ,open,34.0
2025-08-24,Sunday,,  Dermatology  ,holiday,18.0
2026-04-02,Thursday,,ORTHOPEDICS,open,13.0
04 Dec 2025,Thursday,,Dermatology,open,11.0
2025-11-02,Sunday,,  Orthopedics  ,holiday,6.0
06 May 2025,Tuesday,,Pediatrics,open,207.0
09/01/2025,Monday,,Dermatology,open,60.0
2025-12-31,Wednesday,,  Dermatology  ,open,65.0
2025-06-25,Wednesday,,NULL,open,12.0
12/07/2025,Sunday,,,holiday,11.0
2026-01-23,Friday,,N/A,open,41.0
2025-07-14,Monday,,dermatology,open,62.0
2025-08-17,Sunday,,  General Medicine  ,holiday,12.0
09/17/2025,Wednesday,,General Medicine,open,39.0
2025-05-30,Friday,,unknown,open,48.0
2026-02-14,Saturday,,PEDIATRICS,open,58.0
2025-05-07,Wednesday,,  Orthopedics  ,open,47.0
2025-11-26,Wednesday,,  Orthopedics  ,open,64.0
2026-01-25,Sunday,,  Neurology  ,holiday,16.0
2026-02-27,Friday,,general medicine,open,122.0
29 Jul 2025,Tuesday,,Pediatrics,open,104.0
15 Aug 2025,Friday,,pediatrics,open,46.0
06-01-2026,Tuesday,,Dermatology,open,37.0
2026-02-12,Thursday,,dermatology,open,35.0
16-03-2026,Monday,,Pediatrics,open,141.0
11/03/2025,Monday,,PEDIATRICS,open,213.0
08/04/2025,Monday,,Orthopedics,open,33.0
20-10-2025,Monday,,  General Medicine  ,open,109.0
12/03/2025,Wednesday,,Neurology,open,111.0
03-01-2026,Saturday,,Dermatology,open,43.0
24-01-2026,Saturday,,unknown,open,76.0
10/22/2025,Wednesday,,General Medicine,open,25.0
2025-04-28,Monday,,NULL,open,
2025-11-08,Saturday,,unknown,open,105.0
2025-06-15,Sunday,,NULL,holiday,15.0
03/06/2026,Friday,,Cardiology,open,88.0
2025-10-31,Friday,,Cardiologyy,open,61.0
2025-06-11,Wednesday,,dermatology,open,39.0
28-12-2025,Sunday,,DERMATOLOGY,holiday,15.0
2025-11-14,Friday,,ORTHOPEDICS,open,58.0
2026-03-08,Sunday,,  General Medicine  ,holiday,6.0
2025-06-21,Saturday,,NULL,open,42.0
2025-11-24,Monday,,  General Medicine  ,open,117.0
2025-10-27,Monday,,  Neurology  ,open,81.0
2025-08-31,Sunday,,unknown,holiday,8.0
2025-08-29,Friday,,DERMATOLOGY,open,63.0
2025-09-05,Friday,,GENERAL MEDICINE,open,114.0
26 Mar 2026,Thursday,,Neurology,open,31.0
2025-10-22,Wednesday,,general medicine,open,46.0
2025-09-09,Tuesday,,neurology,open,74.0
18-07-2025,Friday,,Pediatrics,open,40.0
12 Jan 2026,Monday,,Cardiology,open,
28 Jul 2025,Monday,,Neurology,open,44.0
2026-04-13,Monday,,NEUROLOGY,open,87.0
2025-11-15,Saturday,,pediatrics,open,107.0
2026-04-13,Monday,,unknown,open,88.0
2025-05-26,Monday,,,open,123.0
2025-07-26,Saturday,,  Dermatology  ,open,49.0
22 May 2025,Thursday,,Neurology,open,58.0
2026-04-04,Saturday,,  Neurology  ,open,31.0
2026-04-11,Saturday,,cardiology,open,44.0
2025-12-18,Thursday,,,open,38.0
2025-06-18,Wednesday,,CARDIOLOGY,open,58.0
2025-11-11,Tuesday,,,open,232.0
04/13/2026,Monday,,General Medicine,open,126.0
26 Feb 2026,Thursday,,  Dermatology  ,open,30.0
09-04-2026,Thursday,,Orthopedics,open,
2025-05-02,Friday,,N/A,open,49.0
03/21/2026,Saturday,,Orthopedics,open,34.0
2025-08-08,Friday,,GENERAL MEDICINE,open,46.0
2025-06-13,Friday,,Paediatrics,open,111.0
2025-08-02,Saturday,,Dermatolgy,open,44.0
2025-09-21,Sunday,,  Dermatology  ,holiday,16.0
29 Jul 2025,Tuesday,,Dermatology,open,141.0
13 Nov 2025,Thursday,,Pediatrics,open,66.0
2026-03-13,Friday,,orthopedics,open,65.0
2026-04-05,Sunday,,NULL,holiday,23.0
2025-06-23,Monday,,  Dermatology  ,open,113.0
2025-11-25,Tuesday,,dermatology,open,43.0
2025-06-20,Friday,,NULL,open,55.0
2026-02-13,Friday,,  Cardiology  ,open,27.0
2025-05-21,Wednesday,,dermatology,open,23.0
12/26/2025,Friday,,Neurology,,66.0
13-09-2025,Saturday,,Neurology,open,11.0
24 May 2025,Saturday,,Cardiology,open,25.0
07-09-2025,Sunday,,Neurology,holiday,
2026-03-03,Tuesday,,neurology,open,104.0
02/21/2026,Saturday,,Neurology,open,73.0
2025-10-30,Thursday,,NULL,open,49.0
2026-01-20,Tuesday,,  General Medicine  ,open,64.0
26-11-2025,Wednesday,,Neurology,open,68.0
2025-10-15,Wednesday,,CARDIOLOGY,open,
12/05/2025,Friday,,Dermatology,open,15.0
2026-04-04,Saturday,,  General Medicine  ,open,157.0
10/30/2025,Thursday,,Dermatology,open,70.0
26 Feb 2026,Thursday,,Orthopedics,open,36.0
2025-07-12,Saturday,,  General Medicine  ,open,125.0
2025-10-01,Wednesday,,general medicine,open,56.0
10/18/2025,Saturday,,general medicine,open,58.0
2025-07-21,Monday,,GENERAL MEDICINE,open,192.0
2025-08-27,Wednesday,,CARDIOLOGY,open,10.0
2025-04-23,Wednesday,,,open,59.0
2026-02-11,Wednesday,,dermatology,open,50.0
2025-10-06,Monday,,NEUROLOGY,open,103.0
2025-06-18,Wednesday,,,open,125.0
11/12/2025,Wednesday,,Neurology,,89.0
14 Mar 2026,Saturday,,Orthopedics,open,26.0
2025-11-19,Wednesday,,,open,144.0
15 Jan 2026,Thursday,,General Medicine,open,66.0
2025-07-24,Thursday,,NULL,open,28.0
04 Apr 2026,Saturday,,General Medicine,open,149.0
03 Mar 2026,Tuesday,,Pediatrics,open,114.0
2026-02-17,Tuesday,,NEUROLOGY,open,94.0
06 Sep 2025,Saturday,,,open,86.0
2025-12-31,Wednesday,,pediatrics,open,32.0
2026-01-27,Tuesday,,Nuerology,open,73.0
2026-04-15,Wednesday,,GENERAL MEDICINE,open,39.0
2026-03-28,Saturday,,NULL,open,36.0
09 Nov 2025,Sunday,,General Medicine,holiday,12.0
02/12/2026,Thursday,,Pediatrics,open,28.0
21-05-2025,Wednesday,,Neurology,open,44.0
10 Jan 2026,Saturday,,Dermatology,open,80.0
21 Sep 2025,Sunday,,Dermatology,holiday,6.0
09-04-2026,Thursday,,Pediatrics,open,57.0
2025-05-23,Friday,,neurology,open,105.0
2025-09-15,Monday,,neurology,open,77.0
2025-12-04,Thursday,,  Neurology  ,open,32.0
2025-04-22,Tuesday,,DERMATOLOGY,open,75.0
2025-10-08,Wednesday,,Orthopaedics,open,40.0
2025-10-21,Tuesday,,NULL,open,
01-10-2025,Wednesday,,General Medicine,open,42.0
2026-01-23,Friday,,general medicine,open,47.0
2025-08-26,Tuesday,,DERMATOLOGY,open,93.0
2025-05-21,Wednesday,,  Pediatrics  ,open,
2025-07-26,Saturday,,NEUROLOGY,open,
01/24/2026,Saturday,,Neurology,open,16.0
02-03-2026,Monday,,Pediatrics,open,80.0
2025-09-26,Friday,,,open,52.0
2025-06-21,Saturday,,Cardiologyy,open,70.0
20 Jun 2025,Friday,,Pediatrics,open,52.0
02-02-2026,Monday,,Dermatology,open,80.0
09/14/2025,Sunday,,Dermatology,holiday,6.0
03/30/2026,Monday,,Cardiology,open,59.0
12-12-2025,Friday,,Orthopedics,open,65.0
2026-02-26,Thursday,,  Neurology  ,open,38.0
04/10/2026,Friday,,Orthopedics,open,62.0
11-12-2025,Thursday,,Dermatology,open,40.0
28 Nov 2025,Friday,,Neurology,open,11.0
07/17/2025,Thursday,,Dermatology,open,47.0
04/24/2025,Thursday,,Cardiology,open,53.0
12/19/2025,Friday,,Cardiology,open,83.0
2026-01-04,Sunday,,  General Medicine  ,holiday,16.0
2025-12-05,Friday,,pediatrics,open,77.0
03/15/2026,Sunday,,Neurology,holiday,20.0
10-07-2025,Thursday,,Pediatrics,open,
10 Nov 2025,Monday,,Dermatology,open,102.0
2026-01-06,Tuesday,,orthopedics,open,60.0
2026-03-30,Monday,,ORTHOPEDICS,open,36.0
2025-10-09,Thursday,,Nuerology,open,
17 Dec 2025,Wednesday,,Dermatology,open,88.0
01/30/2026,Friday,,Pediatrics,open,94.0
2025-10-06,Monday,,  Cardiology  ,open,
28-10-2025,Tuesday,,Neurology,open,43.0
24-12-2025,Wednesday,,Dermatology,open,78.0
2025-11-25,Tuesday,,ORTHOPEDICS,open,96.0
2025-04-26,Saturday,,neurology,open,31.0
18 Oct 2025,Saturday,,NULL,open,33.0
2025-06-05,Thursday,,ORTHOPEDICS,open,
03-05-2025,Saturday,,Pediatrics,open,45.0
2026-03-26,Thursday,,  Neurology  ,open,34.0
06 Jul 2025,Sunday,,Neurology,holiday,5.0
2025-10-03,Friday,,CARDIOLOGY,open,68.0
2025-05-04,Sunday,,  Pediatrics  ,holiday,13.0
06-11-2025,Thursday,,,open,44.0
2025-08-07,Thursday,,GENERAL MEDICINE,open,95.0
2026-01-08,Thursday,,Paediatrics,open,40.0
09/17/2025,Wednesday,,Orthopedics,open,63.0
2025-09-27,Saturday,,  General Medicine  ,open,62.0
2026-04-12,Sunday,,PEDIATRICS,holiday,20.0
2026-04-11,Saturday,,  Dermatology  ,,32.0
2025-09-18,Thursday,,NEUROLOGY,open,48.0
2025-12-19,Friday,,Genral Medicine,open,78.0
2025-06-30,Monday,,dermatology,open,102.0
2026-03-09,Monday,,,open,115.0
2025-06-07,Saturday,,NEUROLOGY,open,12.0
2025-11-09,Sunday,,orthopedics,holiday,20.0
17-01-2026,Saturday,,General Medicine,open,29.0
2026-02-20,Friday,,Dermatolgy,open,55.0
2025-05-16,Friday,,NEUROLOGY,open,14.0
03-09-2025,Wednesday,,Pediatrics,open,74.0
2025-08-30,Saturday,,  Orthopedics  ,open,84.0
2025-08-21,Thursday,,ORTHOPEDICS,open,50.0
2025-12-10,Wednesday,,GENERAL MEDICINE,open,51.0
15 Nov 2025,Saturday,,Cardiology,open,38.0
2025-11-21,Friday,,Nuerology,open,40.0
2026-04-04,Saturday,,dermatology,open,17.0
2025-07-02,Wednesday,,Nuerology,open,39.0
2026-03-22,Sunday,,,holiday,18.0
05/18/2025,Sunday,,General Medicine,,8.0
2026-02-11,Wednesday,,N/A,open,53.0
28-11-2025,Friday,,Neurology,open,19.0
20 Oct 2025,Monday,,Orthopedics,open,64.0
2025-11-23,Sunday,,  Orthopedics  ,holiday,21.0
26 Aug 2025,Tuesday,,N/A,open,116.0
06-05-2025,Tuesday,,Pediatrics,open,98.0
06-05-2025,Tuesday,,Dermatology,open,69.0
15 Aug 2025,Friday,,General Medicine,open,44.0
2025-12-27,Saturday,,  Orthopedics  ,open,54.0
2026-04-18,Saturday,,  Pediatrics  ,open,60.0
06 Apr 2026,Monday,,Dermatology,open,84.0
2026-03-17,Tuesday,,general medicine,open,93.0
16 Nov 2025,Sunday,,DERMATOLOGY,holiday,7.0
19 Dec 2025,Friday,,Orthopedics,open,23.0
2026-01-20,Tuesday,,dermatology,open,66.0
17-02-2026,Tuesday,,Neurology,open,67.0
2025-07-10,Thursday,,GENERAL MEDICINE,open,32.0
2026-03-03,Tuesday,,  Neurology  ,open,80.0
03/24/2026,Tuesday,,Dermatology,open,50.0
21-10-2025,Tuesday,,Orthopedics,open,50.0
01-02-2026,Sunday,,General Medicine,holiday,13.0
25-09-2025,Thursday,,Pediatrics,open,102.0
28-02-2026,Saturday,,Dermatology,open,113.0
2025-10-21,Tuesday,,cardiology,open,58.0
28 May 2025,Wednesday,,Neurology,open,25.0
2026-02-15,Sunday,,unknown,holiday,14.0
23-10-2025,Thursday,,Cardiology,open,79.0
04/05/2026,Sunday,,General Medicine,holiday,20.0
08/30/2025,Saturday,,,open,36.0
2025-10-15,Wednesday,,  Orthopedics  ,open,48.0
2026-02-13,Friday,,neurology,open,39.0
12/13/2025,Saturday,,General Medicine,open,47.0
05 Nov 2025,Wednesday,,Neurology,open,61.0
10/31/2025,Friday,,Pediatrics,open,95.0
24-10-2025,Friday,,Neurology,open,
08/28/2025,Thursday,,NULL,open,27.0
20-11-2025,Thursday,,Pediatrics,open,121.0
07-07-2025,Monday,,Dermatology,open,67.0
2025-06-03,Tuesday,,cardiology,open,174.0
2025-07-21,Monday,,orthopedics,open,65.0
2026-03-06,Friday,,ORTHOPEDICS,open,18.0
27 Jan 2026,Tuesday,,Dermatology,open,36.0
2025-06-04,Wednesday,,  Neurology  ,open,18.0
2026-03-16,Monday,,DERMATOLOGY,open,92.0
08 Mar 2026,Sunday,,Neurology,holiday,13.0
2026-03-12,Thursday,,  Dermatology  ,open,16.0
24 Dec 2025,Wednesday,,Cardiology,open,95.0
11/01/2025,Saturday,,Cardiology,open,34.0
2025-08-08,Friday,,  Cardiology  ,open,48.0
2026-03-30,Monday,,unknown,open,56.0
2026-01-27,Tuesday,,N/A,open,
17 Nov 2025,Monday,,Cardiology,open,36.0
2025-08-06,Wednesday,,Genral Medicine,open,39.0
18-06-2025,Wednesday,,Orthopedics,open,13.0
2026-01-08,Thursday,,NULL,open,68.0
2025-05-29,Thursday,,  Pediatrics  ,open,69.0
2026-01-02,Friday,,PEDIATRICS,open,120.0
08-05-2025,Thursday,,Neurology,open,19.0
14-07-2025,Monday,,Dermatology,open,64.0
2025-09-25,Thursday,,DERMATOLOGY,open,70.0
2025-05-25,Sunday,,N/A,holiday,16.0
21 Oct 2025,Tuesday,,dermatology,open,53.0
2025-11-27,Thursday,,  Dermatology  ,open,73.0
27 Aug 2025,Wednesday,,Cardiology,open,143.0
06/14/2025,Saturday,,Pediatrics,open,56.0
14 Sep 2025,Sunday,,Dermatology,holiday,11.0
2025-09-24,Wednesday,,Paediatrics,open,30.0
07/29/2025,Tuesday,,CARDIOLOGY,open,60.0
02/03/2026,Tuesday,,Neurology,open,47.0
01/02/2026,Friday,,Pediatrics,open,28.0
2026-01-16,Friday,,ORTHOPEDICS,open,41.0
2025-08-14,Thursday,,pediatrics,open,69.0
12/01/2025,Monday,,  Dermatology  ,open,49.0
08 Jul 2025,Tuesday,,Dermatology,open,136.0
2025-12-12,Friday,,,open,112.0
02/23/2026,Monday,,Cardiology,open,67.0
04 Jan 2026,Sunday,,Pediatrics,,18.0
22 Jan 2026,Thursday,,Pediatrics,open,91.0
2026-01-14,Wednesday,,pediatrics,open,162.0
2025-08-30,Saturday,,pediatrics,open,94.0
2026-01-18,Sunday,,,holiday,
2026-02-02,Monday,,neurology,open,66.0
05-07-2025,Saturday,,Neurology,open,29.0
2025-09-09,Tuesday,,Cardiologyy,,49.0
2025-06-23,Monday,,Cardiologyy,open,78.0
2025-06-24,Tuesday,,  Neurology  ,open,83.0
2025-08-06,Wednesday,,orthopedics,open,28.0
17 Jun 2025,Tuesday,,Pediatrics,open,125.0
09/13/2025,Saturday,,Orthopedics,open,33.0
28 Jan 2026,Wednesday,,General Medicine,open,38.0
16 Apr 2026,Thursday,,Cardiology,open,28.0
2025-12-24,Wednesday,,Cardiologyy,open,73.0
06/17/2025,Tuesday,,Neurology,open,121.0
02/16/2026,Monday,,Neurology,open,86.0
06 Aug 2025,Wednesday,,Neurology,open,
2025-09-09,Tuesday,,cardiology,open,56.0
2025-05-06,Tuesday,,N/A,open,54.0
2025-12-06,Saturday,,CARDIOLOGY,open,12.0
06 Dec 2025,Saturday,,Pediatrics,open,101.0
08/14/2025,Thursday,,Pediatrics,open,38.0
03/15/2026,Sunday,,Orthopedics,holiday,29.0
07-10-2025,Tuesday,,Dermatology,open,76.0
09/09/2025,Tuesday,,General Medicine,open,72.0
2025-11-13,Thursday,,Nuerology,open,50.0
2025-05-05,Monday,,Cardiologyy,open,56.0
10-08-2025,Sunday,,Pediatrics,holiday,5.0
09-12-2025,Tuesday,,General Medicine,open,112.0
2026-01-19,Monday,,NULL,open,129.0
21-04-2025,Monday,,unknown,open,97.0
2025-12-06,Saturday,,ORTHOPEDICS,open,194.0
2025-06-14,Saturday,,PEDIATRICS,open,29.0
12/09/2025,Tuesday,,General Medicine,open,86.0
2025-08-24,Sunday,,N/A,holiday,
06 Apr 2026,Monday,,Pediatrics,open,240.0
06/05/2025,Thursday,,Pediatrics,open,65.0
27 Oct 2025,Monday,,Orthopedics,open,108.0
31 Jan 2026,Saturday,,Cardiology,open,24.0
2025-07-22,Tuesday,,GENERAL MEDICINE,open,88.0
2026-04-13,Monday,,N/A,open,86.0
07-12-2025,Sunday,,General Medicine,holiday,16.0
2025-06-13,Friday,,  Dermatology  ,open,
20-09-2025,Saturday,,Orthopedics,open,57.0
2026-03-29,Sunday,,GENERAL MEDICINE,holiday,14.0
2026-03-05,Thursday,,neurology,open,66.0
2025-08-05,Tuesday,,neurology,open,37.0
2025-05-14,Wednesday,,NEUROLOGY,open,19.0
2026-01-03,Saturday,,  Pediatrics  ,open,44.0
2025-10-21,Tuesday,,orthopedics,open,106.0
2026-01-20,Tuesday,,N/A,open,
2025-10-17,Friday,,neurology,open,44.0
2026-03-12,Thursday,,  General Medicine  ,open,103.0
2025-12-24,Wednesday,,general medicine,open,68.0
01/06/2026,Tuesday,,Cardiology,open,74.0
2025-08-30,Saturday,,general medicine,open,39.0
24 Nov 2025,Monday,,General Medicine,open,99.0
06/22/2025,Sunday,,Dermatology,holiday,12.0
06/21/2025,Saturday,,Orthopedics,open,37.0
2025-05-17,Saturday,,pediatrics,open,72.0
2025-09-10,Wednesday,,  Dermatology  ,open,33.0
31-12-2025,Wednesday,,Neurology,open,22.0
05/11/2025,Sunday,,Orthopedics,holiday,10.0
2025-11-30,Sunday,,cardiology,holiday,18.0
2026-03-19,Thursday,,orthopedics,open,72.0
11-02-2026,Wednesday,,Pediatrics,open,113.0
10/12/2025,Sunday,,Dermatology,holiday,14.0
2025-05-01,Thursday,,NEUROLOGY,open,50.0
03/18/2026,Wednesday,,Cardiology,open,43.0
2026-02-19,Thursday,,PEDIATRICS,open,51.0
2026-03-26,Thursday,,CARDIOLOGY,open,28.0
2026-02-07,Saturday,,  Neurology  ,open,17.0
2025-07-27,Sunday,,unknown,holiday,15.0
2026-04-12,Sunday,,neurology,holiday,15.0
28 Aug 2025,Thursday,,pediatrics,open,45.0
03/09/2026,Monday,,Cardiology,open,100.0
2025-08-26,Tuesday,,PEDIATRICS,open,194.0
2025-06-12,Thursday,,  General Medicine  ,open,36.0
2026-01-11,Sunday,,Nuerology,holiday,9.0
09/22/2025,Monday,,General Medicine,open,79.0
2026-04-16,Thursday,,NEUROLOGY,open,78.0
2025-06-02,Monday,,CARDIOLOGY,open,49.0
2025-09-28,Sunday,,N/A,holiday,18.0
2025-09-26,Friday,,NULL,open,34.0
19-01-2026,Monday,,Cardiology,open,72.0
2025-04-19,Saturday,,  Dermatology  ,open,14.0
2025-12-13,Saturday,,  Orthopedics  ,open,15.0
10/12/2025,Sunday,,Pediatrics,holiday,19.0
2026-04-11,Saturday,,,open,189.0
27 Jul 2025,Sunday,,Orthopedics,holiday,9.0
14 Dec 2025,Sunday,,,,9.0
03/25/2026,Wednesday,,Neurology,open,89.0
2025-11-07,Friday,,Genral Medicine,open,33.0
18-12-2025,Thursday,,Cardiology,open,26.0
03/12/2026,Thursday,,Orthopedics,open,128.0
2026-03-24,Tuesday,,  Cardiology  ,open,103.0
23-11-2025,Sunday,,Pediatrics,holiday,5.0
2025-06-26,Thursday,,  Cardiology  ,open,30.0
14 May 2025,Wednesday,,Pediatrics,open,61.0
12-11-2025,Wednesday,,Neurology,open,15.0
2025-12-03,Wednesday,,  General Medicine  ,open,136.0
2025-05-26,Monday,,Paediatrics,open,113.0
28-10-2025,Tuesday,,Cardiologyy,open,72.0
11 Jun 2025,Wednesday,,Cardiology,open,70.0
27-09-2025,Saturday,,Orthopedics,open,41.0
2026-03-10,Tuesday,,GENERAL MEDICINE,open,
17 Nov 2025,Monday,,Neurology,open,79.0
2025-08-24,Sunday,,DERMATOLOGY,holiday,5.0
01 Nov 2025,Saturday,,Neurology,open,71.0
09/01/2025,Monday,,General Medicine,open,70.0
2026-01-24,Saturday,,Nuerology,open,69.0
2026-01-25,Sunday,,GENERAL MEDICINE,holiday,12.0
2025-10-20,Monday,,  Pediatrics  ,open,68.0
16-09-2025,Tuesday,,Pediatrics,open,92.0
09/22/2025,Monday,,Orthopedics,open,71.0
2026-02-26,Thursday,,,open,
2025-06-19,Thursday,,Paediatrics,open,46.0
07-01-2026,Wednesday,,Dermatology,open,45.0
2025-05-03,Saturday,,neurology,open,48.0
11-06-2025,Wednesday,,orthopedics,open,31.0
2025-10-20,Monday,,  Neurology  ,open,44.0
13 Aug 2025,Wednesday,,Pediatrics,open,74.0
2025-08-11,Monday,,Genral Medicine,open,60.0
2025-12-25,Thursday,,,open,67.0
10/31/2025,Friday,,Dermatology,open,11.0
2025-08-21,Thursday,,  General Medicine  ,open,37.0
12 Nov 2025,Wednesday,,Cardiology,open,26.0
11/21/2025,Friday,,Neurology,open,16.0
09/24/2025,Wednesday,,NULL,open,47.0
2025-04-24,Thursday,,  Orthopedics  ,open,80.0
11-11-2025,Tuesday,,  Pediatrics  ,open,90.0
23-05-2025,Friday,,NEUROLOGY,open,40.0
2026-03-28,Saturday,,  Pediatrics  ,open,65.0
02 Aug 2025,Saturday,,Cardiology,open,29.0
2025-05-27,Tuesday,,general medicine,open,109.0
07-03-2026,Saturday,,General Medicine,open,74.0
2025-08-08,Friday,,ORTHOPEDICS,open,34.0
26 Sep 2025,Friday,,Dermatology,open,90.0
2025-05-06,Tuesday,,NULL,open,57.0
2026-04-01,Wednesday,,NULL,open,89.0
2026-02-05,Thursday,,NEUROLOGY,open,95.0
04-07-2025,Friday,,General Medicine,open,27.0
2025-09-26,Friday,,CARDIOLOGY,open,31.0
02 Jun 2025,Monday,,CARDIOLOGY,open,86.0
06 Dec 2025,Saturday,,General Medicine,open,163.0
09/26/2025,Friday,,Pediatrics,open,90.0
2026-02-17,Tuesday,,Cardiologyy,open,83.0
2025-06-25,Wednesday,,GENERAL MEDICINE,open,50.0
2025-11-14,Friday,,,open,28.0
2025-08-17,Sunday,,neurology,holiday,10.0
06/18/2025,Wednesday,,General Medicine,open,87.0
2025-09-15,Monday,,Paediatrics,open,74.0
2025-08-05,Tuesday,,Genral Medicine,open,-100.0
2026-01-24,Saturday,,,open,22.0
27 Nov 2025,Thursday,,Orthopedics,open,36.0
16 Jun 2025,Monday,,Neurology,open,60.0
2025-10-11,Saturday,,pediatrics,open,56.0
2025-06-13,Friday,,DERMATOLOGY,open,138.0
06 Apr 2026,Monday,,NULL,open,63.0
11/06/2025,Thursday,,Cardiology,open,69.0
04-01-2026,Sunday,,Cardiology,holiday,10.0
09/12/2025,Friday,,Pediatrics,open,47.0
2025-08-21,Thursday,,Cardiologyy,open,42.0
09 Sep 2025,Tuesday,,,open,33.0
2025-09-21,Sunday,,Genral Medicine,holiday,10.0
2026-02-10,Tuesday,,,open,38.0
2025-12-18,Thursday,,  Dermatology  ,open,19.0
11/04/2025,Tuesday,,Neurology,open,54.0
2025-12-03,Wednesday,,  Neurology  ,open,84.0
12/20/2025,Saturday,,Cardiology,open,63.0
30 Dec 2025,Tuesday,,Orthopedics,open,179.0
2025-05-14,Wednesday,,DERMATOLOGY,open,46.0
26 Mar 2026,Thursday,,General Medicine,open,97.0
03-02-2026,Tuesday,,Cardiology,open,54.0
30-01-2026,Friday,,,open,10.0
18-01-2026,Sunday,,Orthopedics,holiday,35.0
15 Feb 2026,Sunday,,Dermatology,holiday,19.0
19-11-2025,Wednesday,,Cardiology,open,34.0
2025-08-26,Tuesday,,  Dermatology  ,open,70.0
08 Jun 2025,Sunday,,Pediatrics,holiday,17.0
2025-11-21,Friday,,Paediatrics,open,155.0
2025-08-12,Tuesday,,NULL,open,88.0
30-08-2025,Saturday,,Neurology,open,19.0
2025-11-08,Saturday,,Genral Medicine,open,52.0
2026-04-11,Saturday,,unknown,open,81.0
2025-11-28,Friday,,  Dermatology  ,open,90.0
2025-04-21,Monday,,NULL,open,78.0
2025-09-27,Saturday,,orthopedics,open,20.0
21 Aug 2025,Thursday,,DERMATOLOGY,,96.0
2025-12-29,Monday,,NEUROLOGY,open,47.0
2025-08-30,Saturday,,Nuerology,open,20.0
30 Dec 2025,Tuesday,,Pediatrics,open,90.0
2026-04-01,Wednesday,,N/A,open,113.0
2025-07-08,Tuesday,,neurology,open,103.0
2026-01-18,Sunday,,NULL,,18.0
2025-12-11,Thursday,,Dermatolgy,open,55.0
2026-01-06,Tuesday,,  Dermatology  ,open,98.0
2026-01-16,Friday,,general medicine,open,64.0
2025-09-20,Saturday,,general medicine,open,66.0
2026-01-24,Saturday,,  Dermatology  ,open,17.0
2026-02-02,Monday,,NEUROLOGY,open,98.0
22 Dec 2025,Monday,,Neurology,open,53.0
2025-07-20,Sunday,,Cardiologyy,holiday,17.0
05/06/2025,Tuesday,,Orthopedics,open,103.0
21-04-2025,Monday,,Cardiology,open,108.0
2025-07-18,Friday,,unknown,open,94.0
2025-07-20,Sunday,,  Dermatology  ,holiday,8.0
04/28/2025,Monday,,Pediatrics,open,54.0
2025-11-02,Sunday,,Cardiologyy,holiday,17.0
2026-01-31,Saturday,,ORTHOPEDICS,open,88.0
25-09-2025,Thursday,,Neurology,open,15.0
17 Aug 2025,Sunday,,Cardiology,holiday,12.0
04-03-2026,Wednesday,,Neurology,open,35.0
2025-09-25,Thursday,,  Cardiology  ,open,12.0
15 Jun 2025,Sunday,,Dermatology,holiday,17.0
2026-04-11,Saturday,,NEUROLOGY,open,11.0
16-11-2025,Sunday,,Dermatology,holiday,7.0
2025-06-30,Monday,,NULL,open,177.0
18 Jul 2025,Friday,,Neurology,open,80.0
30-11-2025,Sunday,,Orthopedics,holiday,9.0
2026-03-12,Thursday,,Paediatrics,open,29.0
20-05-2025,Tuesday,,Neurology,open,44.0
20-02-2026,Friday,,Neurology,open,14.0
08-05-2025,Thursday,,,open,71.0
2026-04-04,Saturday,,general medicine,open,51.0
12-11-2025,Wednesday,,Dermatology,open,31.0
11-05-2025,Sunday,,Orthopedics,holiday,6.0
08/10/2025,Sunday,,Orthopedics,holiday,17.0
2025-05-30,Friday,,,,121.0
16 Jun 2025,Monday,,Pediatrics,open,81.0
2026-02-23,Monday,,cardiology,open,53.0
2025-11-15,Saturday,,N/A,open,56.0
03/14/2026,Saturday,,unknown,open,42.0
12/10/2025,Wednesday,,Dermatology,open,160.0
30-05-2025,Friday,,Cardiology,open,37.0
12 Jan 2026,Monday,,Dermatology,open,81.0
02-11-2025,Sunday,,General Medicine,holiday,5.0
08/14/2025,Thursday,,General Medicine,open,58.0
2025-07-21,Monday,,NULL,open,46.0
2025-04-21,Monday,,Orthopaedics,open,65.0
06/24/2025,Tuesday,,unknown,open,59.0
2025-07-12,Saturday,,GENERAL MEDICINE,open,96.0
2026-01-27,Tuesday,,dermatology,open,85.0
2025-07-24,Thursday,,  Orthopedics  ,open,22.0
04/26/2025,Saturday,,Cardiology,open,59.0
2026-02-08,Sunday,,DERMATOLOGY,holiday,11.0
2025-10-30,Thursday,,Cardiologyy,open,83.0
29 Apr 2025,Tuesday,,General Medicine,open,75.0
2025-08-28,Thursday,,pediatrics,open,59.0
16-02-2026,Monday,,Neurology,open,102.0
09-08-2025,Saturday,,Cardiology,open,78.0
2025-05-28,Wednesday,,cardiology,open,80.0
2026-04-12,Sunday,,pediatrics,holiday,16.0
09/11/2025,Thursday,,Cardiology,open,29.0
04/17/2026,Friday,,Dermatology,open,57.0
08/19/2025,Tuesday,,Pediatrics,open,75.0
2026-04-09,Thursday,,general medicine,open,57.0
2025-08-26,Tuesday,,,open,205.0
2025-11-12,Wednesday,,Nuerology,open,14.0
07/26/2025,Saturday,,Dermatology,open,39.0
06 Jun 2025,Friday,,Orthopedics,open,89.0
2025-07-07,Monday,,ORTHOPEDICS,open,39.0
2025-11-29,Saturday,,N/A,open,20.0
29 Jan 2026,Thursday,,Dermatology,open,50.0
2025-12-09,Tuesday,,Dermatolgy,open,115.0
2025-08-17,Sunday,,Paediatrics,holiday,6.0
17 Feb 2026,Tuesday,,NULL,open,45.0
26-11-2025,Wednesday,,General Medicine,open,109.0
14-05-2025,Wednesday,,Dermatology,open,26.0
2025-05-14,Wednesday,,cardiology,open,89.0
2025-05-17,Saturday,,GENERAL MEDICINE,open,
21 Oct 2025,Tuesday,,Orthopedics,open,74.0
2026-04-17,Friday,,N/A,open,88.0
2026-04-09,Thursday,,pediatrics,open,88.0
30 Jul 2025,Wednesday,,Cardiology,open,17.0
2025-09-04,Thursday,,pediatrics,open,
2025-10-24,Friday,,  Neurology  ,open,31.0
2025-07-10,Thursday,,ORTHOPEDICS,open,31.0
2026-02-15,Sunday,,PEDIATRICS,holiday,18.0
2025-08-04,Monday,,Nuerology,open,78.0
13 May 2025,Tuesday,,Dermatology,open,172.0
01/11/2026,Sunday,,N/A,holiday,19.0
23 Nov 2025,Sunday,,Orthopedics,holiday,10.0
24 Aug 2025,Sunday,,Cardiology,holiday,9.0
2026-03-03,Tuesday,,unknown,open,86.0
26-10-2025,Sunday,,Pediatrics,holiday,15.0
22-08-2025,Friday,,Pediatrics,open,112.0
04/12/2026,Sunday,,Cardiology,holiday,11.0
2026-03-15,Sunday,,,holiday,29.0
2025-10-18,Saturday,,PEDIATRICS,open,118.0
2025-07-30,Wednesday,,  Orthopedics  ,open,14.0
12/08/2025,Monday,,Cardiology,open,88.0
22-10-2025,Wednesday,,Orthopedics,open,23.0
23-01-2026,Friday,,General Medicine,open,80.0
26 Dec 2025,Friday,,Dermatology,open,36.0
2025-06-21,Saturday,,Orthopaedics,open,10.0
05/09/2025,Friday,,General Medicine,open,128.0
06/25/2025,Wednesday,,Pediatrics,open,
02-01-2026,Friday,,General Medicine,open,33.0
03-06-2025,Tuesday,,Orthopedics,open,73.0
2025-07-24,Thursday,,  Pediatrics  ,open,103.0
09 Sep 2025,Tuesday,,Cardiology,open,118.0
2026-03-31,Tuesday,,,open,236.0
02-08-2025,Saturday,,Cardiology,open,78.0
25-07-2025,Friday,,Cardiology,open,25.0
2025-05-10,Saturday,,PEDIATRICS,open,42.0
2025-08-10,Sunday,,Cardiologyy,holiday,18.0
15 Feb 2026,Sunday,,General Medicine,holiday,7.0
2026-02-06,Friday,,Cardiologyy,open,21.0
05/27/2025,Tuesday,,Pediatrics,open,66.0
2025-12-23,Tuesday,,Nuerology,open,94.0
16-10-2025,Thursday,,,open,62.0
02/14/2026,Saturday,,Neurology,open,49.0
2025-12-19,Friday,,NEUROLOGY,open,41.0
11-02-2026,Wednesday,,Orthopedics,open,29.0
2026-02-12,Thursday,,ORTHOPEDICS,open,
2025-04-22,Tuesday,,orthopedics,open,85.0
2025-07-13,Sunday,,  Cardiology  ,holiday,5.0
11-07-2025,Friday,,General Medicine,open,69.0
2025-12-17,Wednesday,,  Cardiology  ,open,26.0
2025-08-02,Saturday,,  Cardiology  ,open,18.0
11/03/2025,Monday,,dermatology,open,85.0
08/16/2025,Saturday,,Cardiology,open,88.0
20-03-2026,Friday,,Dermatology,open,14.0
2025-10-16,Thursday,,  General Medicine  ,open,81.0
2025-11-07,Friday,,orthopedics,open,19.0
2025-08-07,Thursday,,NULL,open,45.0
02 Jul 2025,Wednesday,,Orthopedics,,99.0
2026-03-28,Saturday,,CARDIOLOGY,,47.0
2025-10-19,Sunday,,GENERAL MEDICINE,holiday,14.0
04/29/2025,Tuesday,,Orthopedics,,50.0
2025-06-18,Wednesday,,neurology,open,50.0
2025-09-16,Tuesday,,pediatrics,open,99.0
29 Dec 2025,Monday,,Cardiology,open,39.0
2025-06-04,Wednesday,,DERMATOLOGY,open,86.0
11 Feb 2026,Wednesday,,Cardiology,open,32.0
04/11/2026,Saturday,,Pediatrics,open,101.0
2025-12-21,Sunday,,Genral Medicine,holiday,19.0
07/19/2025,Saturday,,Orthopedics,open,53.0
23-02-2026,Monday,,Neurology,open,58.0
18-01-2026,Sunday,,Dermatology,holiday,20.0
2025-10-06,Monday,,unknown,open,81.0
2025-06-18,Wednesday,,  Pediatrics  ,open,106.0
2025-07-04,Friday,,neurology,open,70.0
2025-10-13,Monday,,neurology,open,86.0
26-08-2025,Tuesday,,Orthopedics,open,46.0
2025-06-25,Wednesday,,  Neurology  ,open,11.0
06 Sep 2025,Saturday,,Cardiology,open,64.0
27 Feb 2026,Friday,,orthopedics,open,44.0
2025-07-21,Monday,,ORTHOPEDICS,open,47.0
2025-06-30,Monday,,pediatrics,open,116.0
21 Jan 2026,Wednesday,,Neurology,open,39.0
2026-03-26,Thursday,,GENERAL MEDICINE,,125.0
12/21/2025,Sunday,,Orthopedics,holiday,14.0
2025-12-15,Monday,,  Orthopedics  ,open,72.0
2026-01-10,Saturday,,Orthopaedics,open,36.0
07/29/2025,Tuesday,,Pediatrics,open,71.0
05-12-2025,Friday,,Pediatrics,,73.0
01 Jan 2026,Thursday,,Dermatology,open,88.0
2025-06-05,Thursday,,,open,59.0
2025-12-07,Sunday,,orthopedics,holiday,16.0
18-10-2025,Saturday,,Neurology,open,17.0
2025-06-01,Sunday,,NULL,holiday,11.0
2025-06-23,Monday,,,open,117.0
11-12-2025,Thursday,,General Medicine,open,113.0
01/13/2026,Tuesday,,dermatology,open,72.0
14 Sep 2025,Sunday,,Neurology,holiday,33.0
26 Jul 2025,Saturday,,Dermatology,open,70.0
2025-05-29,Thursday,,pediatrics,open,89.0
30-10-2025,Thursday,,Dermatology,open,42.0
24-06-2025,Tuesday,,Pediatrics,open,138.0
30-12-2025,Tuesday,,,open,73.0
14 Aug 2025,Thursday,,dermatology,open,76.0
2025-08-17,Sunday,,  Neurology  ,holiday,18.0
27 Jul 2025,Sunday,,Neurology,holiday,16.0
06/08/2025,Sunday,,Orthopedics,holiday,31.0
2025-10-13,Monday,,NULL,open,65.0
2025-08-21,Thursday,,Genral Medicine,open,45.0
01-06-2025,Sunday,,Neurology,holiday,8.0
2026-01-16,Friday,,N/A,open,85.0
09 Nov 2025,Sunday,,GENERAL MEDICINE,holiday,8.0
2025-07-04,Friday,,  Orthopedics  ,open,57.0
01-04-2026,Wednesday,,Orthopedics,open,19.0
23 Apr 2025,Wednesday,,Cardiology,open,45.0
2025-09-01,Monday,,,open,91.0
2025-11-12,Wednesday,,DERMATOLOGY,open,84.0
18 Nov 2025,Tuesday,,Dermatology,open,32.0
2025-12-29,Monday,,,open,58.0
2025-11-02,Sunday,,cardiology,holiday,6.0
12 May 2025,Monday,,Dermatology,open,96.0
02/13/2026,Friday,,Cardiology,open,99.0
12/29/2025,Monday,,Cardiology,open,81.0
2025-07-31,Thursday,,GENERAL MEDICINE,open,45.0
08-10-2025,Wednesday,,Neurology,open,18.0
05/01/2025,Thursday,,General Medicine,open,79.0
12/10/2025,Wednesday,,Orthopedics,open,84.0
2026-02-22,Sunday,,NULL,holiday,15.0
2025-11-10,Monday,,DERMATOLOGY,open,45.0
12-12-2025,Friday,,Neurology,open,29.0
04/24/2025,Thursday,,Orthopedics,open,24.0
2025-07-12,Saturday,,Dermatolgy,open,22.0
16 Feb 2026,Monday,,General Medicine,open,70.0
2026-02-27,Friday,,cardiology,,76.0
04/30/2025,Wednesday,,Pediatrics,open,86.0
2026-02-22,Sunday,,general medicine,holiday,29.0
31-08-2025,Sunday,,Cardiology,holiday,
03-03-2026,Tuesday,,Dermatology,open,100.0
09 Nov 2025,Sunday,,Neurology,holiday,18.0
12-03-2026,Thursday,,Dermatology,open,66.0
2026-01-16,Friday,,neurology,open,25.0
2025-05-28,Wednesday,,  Neurology  ,open,17.0
2025-09-29,Monday,,unknown,open,186.0
30-12-2025,Tuesday,,Dermatology,open,87.0
08/30/2025,Saturday,,Cardiology,open,16.0
2026-01-31,Saturday,,Cardiologyy,open,22.0
2026-02-18,Wednesday,,NULL,open,92.0
2025-11-14,Friday,,general medicine,open,62.0
2025-05-04,Sunday,,general medicine,holiday,16.0
01-01-2026,Thursday,,Dermatology,open,
2026-01-31,Saturday,,  Dermatology  ,open,24.0
2025-06-17,Tuesday,,  Pediatrics  ,open,62.0
06/08/2025,Sunday,,Cardiology,holiday,17.0
2025-08-11,Monday,,N/A,open,107.0
17-10-2025,Friday,,Orthopedics,open,68.0
18 Sep 2025,Thursday,,General Medicine,open,34.0
2026-03-18,Wednesday,,,open,28.0
11/30/2025,Sunday,,Orthopedics,holiday,
05 Jul 2025,Saturday,,Dermatology,open,24.0
2025-10-01,Wednesday,,Paediatrics,open,69.0
28 Sep 2025,Sunday,,Orthopedics,holiday,8.0
16 Nov 2025,Sunday,,Pediatrics,holiday,11.0
2025-10-23,Thursday,,pediatrics,open,59.0
19-08-2025,Tuesday,,General Medicine,open,
2025-10-02,Thursday,,unknown,open,44.0
23-02-2026,Monday,,Orthopedics,open,51.0
2025-07-17,Thursday,,GENERAL MEDICINE,open,67.0
2025-05-02,Friday,,Orthopaedics,open,24.0
07/10/2025,Thursday,,Pediatrics,open,101.0
18-11-2025,Tuesday,,Orthopedics,open,69.0
26 Apr 2025,Saturday,,Neurology,open,62.0
08 Nov 2025,Saturday,,Pediatrics,open,
16 May 2025,Friday,,General Medicine,open,73.0
09/25/2025,Thursday,,Dermatology,,29.0
2025-07-25,Friday,,,open,87.0
02-11-2025,Sunday,,Dermatology,holiday,5.0
23 Oct 2025,Thursday,,Orthopedics,open,136.0
2025-08-08,Friday,,Orthopaedics,open,32.0
01/16/2026,Friday,,Orthopedics,open,48.0
2026-03-18,Wednesday,,orthopedics,open,18.0
28 Nov 2025,Friday,,Cardiology,open,17.0
04-11-2025,Tuesday,,Orthopedics,open,94.0
2025-12-17,Wednesday,,DERMATOLOGY,open,14.0
2025-04-25,Friday,,NULL,open,12.0
23 Dec 2025,Tuesday,,neurology,open,74.0
2026-02-02,Monday,,ORTHOPEDICS,open,60.0
18 May 2025,Sunday,,Dermatology,holiday,14.0
23-03-2026,Monday,,Pediatrics,open,197.0
02/12/2026,Thursday,,Dermatology,open,14.0
2026-03-27,Friday,,PEDIATRICS,open,28.0
12/18/2025,Thursday,,Cardiology,open,28.0
09 Feb 2026,Monday,,Dermatology,open,49.0
25-05-2025,Sunday,,General Medicine,holiday,8.0
02 Jan 2026,Friday,,Orthopedics,open,71.0
13-10-2025,Monday,,General Medicine,open,84.0
08 Jul 2025,Tuesday,,Pediatrics,open,84.0
01-06-2025,Sunday,,Pediatrics,holiday,11.0
2025-10-23,Thursday,,orthopedics,open,35.0
2025-05-23,Friday,,ORTHOPEDICS,open,16.0
01/02/2026,Friday,,unknown,open,24.0
27 May 2025,Tuesday,,Dermatology,open,72.0
07 Apr 2026,Tuesday,,Cardiology,open,111.0
2026-01-03,Saturday,,pediatrics,,50.0
2025-08-06,Wednesday,,neurology,open,36.0
04 Mar 2026,Wednesday,,Dermatology,open,
24-11-2025,Monday,,Neurology,open,63.0
2025-08-08,Friday,,neurology,open,66.0
2025-06-20,Friday,,Nuerology,open,15.0
2026-03-03,Tuesday,,GENERAL MEDICINE,open,56.0
12/23/2025,Tuesday,,Pediatrics,open,120.0
2025-10-29,Wednesday,,NEUROLOGY,open,18.0
2025-10-19,Sunday,,PEDIATRICS,holiday,10.0
22 Nov 2025,Saturday,,Orthopedics,open,79.0
2026-03-28,Saturday,,  Cardiology  ,open,26.0
2026-04-10,Friday,,cardiology,open,12.0
2026-02-13,Friday,,NULL,open,17.0
07/18/2025,Friday,,Pediatrics,open,83.0
12/19/2025,Friday,,General Medicine,open,42.0
2026-02-14,Saturday,,pediatrics,open,29.0
02/15/2026,Sunday,,Dermatology,holiday,15.0
04/27/2025,Sunday,,Neurology,holiday,10.0
2025-05-29,Thursday,,dermatology,open,36.0
2025-07-14,Monday,,N/A,open,138.0
2025-08-12,Tuesday,,cardiology,open,77.0
2026-03-23,Monday,,pediatrics,open,77.0
2026-03-27,Friday,,,open,37.0
2025-05-27,Tuesday,,dermatology,open,66.0
29 Apr 2025,Tuesday,,Dermatology,open,72.0
11/16/2025,Sunday,,Dermatology,holiday,13.0
20 Jan 2026,Tuesday,,Orthopedics,,51.0
2025-10-01,Wednesday,,  Pediatrics  ,open,
14-09-2025,Sunday,,General Medicine,holiday,16.0
18-06-2025,Wednesday,,Cardiology,open,121.0
12/06/2025,Saturday,,Neurology,open,23.0
2025-12-08,Monday,,GENERAL MEDICINE,open,94.0
25 Nov 2025,Tuesday,,Neurology,open,83.0
01 Aug 2025,Friday,,General Medicine,open,122.0
2026-01-01,Thursday,,Nuerology,open,35.0
12/01/2025,Monday,,General Medicine,open,131.0
2025-04-27,Sunday,,DERMATOLOGY,holiday,17.0
01/12/2026,Monday,,NULL,open,97.0
22 Dec 2025,Monday,,Pediatrics,open,72.0
11/20/2025,Thursday,,Cardiology,open,79.0
13 Jul 2025,Sunday,,NULL,holiday,16.0
06/15/2025,Sunday,,Pediatrics,holiday,
2025-10-22,Wednesday,,Cardiologyy,open,59.0
11/21/2025,Friday,,General Medicine,open,52.0
10 Jan 2026,Saturday,,Cardiology,open,65.0
2025-09-25,Thursday,,PEDIATRICS,open,39.0
2025-04-26,Saturday,,  Orthopedics  ,,52.0
15 Nov 2025,Saturday,,Dermatology,open,
2025-11-24,Monday,,PEDIATRICS,open,188.0
2025-09-17,Wednesday,,NULL,open,46.0
2025-06-13,Friday,,  Orthopedics  ,open,35.0
2025-12-21,Sunday,,unknown,holiday,18.0
11/28/2025,Friday,,Pediatrics,open,157.0
22 Oct 2025,Wednesday,,Neurology,open,85.0
06 Oct 2025,Monday,,Dermatology,,
2025-11-11,Tuesday,,NULL,open,43.0
2025-05-16,Friday,,ORTHOPEDICS,open,31.0
2025-10-26,Sunday,,NULL,holiday,17.0
2025-07-21,Monday,,dermatology,open,69.0
14 Jan 2026,Wednesday,,Orthopedics,,31.0
2025-08-07,Thursday,,DERMATOLOGY,open,35.0
03-03-2026,Tuesday,,Cardiology,open,58.0
03 Jul 2025,Thursday,,Dermatology,open,46.0
2025-11-09,Sunday,,neurology,holiday,20.0
2025-11-21,Friday,,NULL,open,48.0
2026-01-21,Wednesday,,NULL,open,81.0
13-06-2025,Friday,,Pediatrics,open,93.0
20 Aug 2025,Wednesday,,Orthopedics,open,38.0
28-12-2025,Sunday,,Cardiology,holiday,
20-02-2026,Friday,,Cardiology,open,45.0
20 Sep 2025,Saturday,,General Medicine,,75.0
15 May 2025,Thursday,,Neurology,open,21.0
20-08-2025,Wednesday,,Dermatology,open,66.0
2025-10-12,Sunday,,dermatology,holiday,
28-10-2025,Tuesday,,General Medicine,open,
2026-02-28,Saturday,,GENERAL MEDICINE,open,72.0
2025-11-24,Monday,,ORTHOPEDICS,open,76.0
09/29/2025,Monday,,Cardiology,open,58.0
2025-06-15,Sunday,,Cardiologyy,holiday,14.0
2025-04-22,Tuesday,,PEDIATRICS,open,141.0
2025-06-06,Friday,,,open,50.0
2026-02-06,Friday,,  Pediatrics  ,open,62.0
2026-04-17,Friday,,dermatology,open,86.0
2026-01-24,Saturday,,DERMATOLOGY,open,14.0
2025-10-28,Tuesday,,Paediatrics,open,111.0
18-08-2025,Monday,,Neurology,open,63.0
2025-12-11,Thursday,,  Pediatrics  ,open,76.0
01/07/2026,Wednesday,,General Medicine,open,42.0
2026-03-09,Monday,,general medicine,open,
07 Jul 2025,Monday,,Dermatology,open,112.0
05/04/2025,Sunday,,Cardiology,holiday,8.0
2025-07-28,Monday,,Dermatolgy,open,74.0
01/12/2026,Monday,,General Medicine,open,89.0
10-12-2025,Wednesday,,General Medicine,open,25.0
12/16/2025,Tuesday,,Orthopedics,open,55.0
2025-05-11,Sunday,,GENERAL MEDICINE,holiday,12.0
10/22/2025,Wednesday,,Orthopedics,open,16.0
15 Jul 2025,Tuesday,,Orthopedics,open,74.0
2025-08-30,Saturday,,Cardiologyy,open,30.0
07/28/2025,Monday,,General Medicine,open,
2025-09-04,Thursday,,NEUROLOGY,open,44.0
28 Jul 2025,Monday,,Pediatrics,open,83.0
2025-10-27,Monday,,  Orthopedics  ,open,80.0
2026-02-27,Friday,,N/A,open,47.0
29 Oct 2025,Wednesday,,Neurology,,11.0
2026-03-30,Monday,,pediatrics,open,89.0
02/11/2026,Wednesday,,Pediatrics,open,91.0
05/05/2025,Monday,,Dermatology,open,76.0
2025-09-13,Saturday,,DERMATOLOGY,open,19.0
2025-12-15,Monday,,NULL,open,87.0
13 Nov 2025,Thursday,,Dermatology,open,17.0
23 Dec 2025,Tuesday,,Dermatology,open,46.0
2025-05-20,Tuesday,,  Pediatrics  ,open,107.0
2025-10-28,Tuesday,,orthopedics,open,46.0
28 Feb 2026,Saturday,,Neurology,open,25.0
01/31/2026,Saturday,,N/A,open,27.0
2025-07-20,Sunday,,GENERAL MEDICINE,holiday,8.0
16 Dec 2025,Tuesday,,Dermatology,open,80.0
30 Dec 2025,Tuesday,,Neurology,open,43.0
15-09-2025,Monday,,Neurology,open,65.0
2025-07-12,Saturday,,,open,50.0
18 Dec 2025,Thursday,,Dermatology,open,104.0
2025-08-17,Sunday,,Orthopaedics,holiday,10.0
22-11-2025,Saturday,,General Medicine,open,31.0
08/21/2025,Thursday,,General Medicine,open,82.0
31-12-2025,Wednesday,,Pediatrics,open,37.0
2025-07-02,Wednesday,,DERMATOLOGY,open,44.0
2025-11-09,Sunday,,Orthopaedics,holiday,7.0
03-10-2025,Friday,,General Medicine,open,85.0
20 May 2025,Tuesday,,Orthopedics,open,32.0
17-12-2025,Wednesday,,General Medicine,open,103.0
02/17/2026,Tuesday,,Pediatrics,open,197.0
2025-08-19,Tuesday,,orthopedics,open,123.0
2025-07-19,Saturday,,,open,50.0
03/09/2026,Monday,,Pediatrics,open,98.0
02/20/2026,Friday,,Orthopedics,open,55.0
08-08-2025,Friday,,Cardiology,open,22.0
21-07-2025,Monday,,GENERAL MEDICINE,open,72.0
25 Nov 2025,Tuesday,,General Medicine,open,136.0
2026-02-03,Tuesday,,N/A,open,58.0
2026-03-23,Monday,,NULL,open,204.0
2026-04-12,Sunday,,  General Medicine  ,holiday,
12/26/2025,Friday,,Pediatrics,open,33.0
03 Jun 2025,Tuesday,,General Medicine,open,63.0
2025-05-30,Friday,,  Pediatrics  ,open,37.0
11/10/2025,Monday,,,open,71.0
2025-05-01,Thursday,,pediatrics,open,62.0
01 May 2025,Thursday,,Dermatology,open,29.0
2026-04-16,Thursday,,ORTHOPEDICS,open,16.0
09/20/2025,Saturday,,Dermatology,open,61.0
2026-01-15,Thursday,,dermatology,open,30.0
2025-09-23,Tuesday,,NULL,open,189.0
2025-06-08,Sunday,,DERMATOLOGY,holiday,19.0
2025-10-13,Monday,,  Cardiology  ,open,45.0
04/22/2025,Tuesday,,Cardiology,open,90.0
05/13/2025,Tuesday,,General Medicine,open,105.0
2025-11-05,Wednesday,,unknown,,16.0
04/19/2025,Saturday,,N/A,open,82.0
2025-05-25,Sunday,,pediatrics,holiday,
08/22/2025,Friday,,Neurology,open,84.0
18-10-2025,Saturday,,Cardiology,open,37.0
12-03-2026,Thursday,,Orthopedics,open,28.0
23-05-2025,Friday,,Neurology,open,51.0
2025-08-03,Sunday,,GENERAL MEDICINE,holiday,10.0
2025-10-02,Thursday,,Paediatrics,open,42.0
29-03-2026,Sunday,,Pediatrics,holiday,30.0
02/10/2026,Tuesday,,Genral Medicine,open,99.0
11 Apr 2026,Saturday,,,open,30.0
10/08/2025,Wednesday,,Pediatrics,open,80.0
2025-07-17,Thursday,,Dermatolgy,open,26.0
2025-10-05,Sunday,,  Pediatrics  ,holiday,6.0
2026-01-28,Wednesday,,Dermatolgy,open,67.0
2025-07-26,Saturday,,ORTHOPEDICS,open,14.0
2026-01-29,Thursday,,,open,88.0
2025-11-26,Wednesday,,neurology,open,63.0
2025-08-16,Saturday,,cardiology,open,28.0
29 Jan 2026,Thursday,,unknown,open,90.0
2025-09-20,Saturday,,PEDIATRICS,open,58.0
2026-03-26,Thursday,,  Pediatrics  ,open,58.0
06-11-2025,Thursday,,Neurology,open,31.0
2026-03-17,Tuesday,,Orthopaedics,open,42.0
2026-02-14,Saturday,,DERMATOLOGY,open,54.0
2025-10-28,Tuesday,,GENERAL MEDICINE,open,115.0
2026-03-10,Tuesday,,dermatology,open,54.0
2026-02-20,Friday,,ORTHOPEDICS,open,52.0
22-10-2025,Wednesday,,Cardiology,open,30.0
02 Apr 2026,Thursday,,General Medicine,open,69.0
2025-06-13,Friday,,NULL,open,38.0
2026-01-07,Wednesday,,unknown,open,19.0
30-04-2025,Wednesday,,Orthopedics,open,
09/08/2025,Monday,,Orthopedics,open,68.0
22-11-2025,Saturday,,Cardiology,open,39.0
2025-05-27,Tuesday,,CARDIOLOGY,open,104.0
28-02-2026,Saturday,,Cardiology,open,45.0
2026-02-16,Monday,,,open,208.0
17-07-2025,Thursday,,DERMATOLOGY,open,28.0
09 Jun 2025,Monday,,Neurology,open,77.0
2025-06-06,Friday,,Dermatolgy,open,51.0
2025-05-07,Wednesday,,orthopedics,open,27.0
09 Dec 2025,Tuesday,,Cardiology,open,111.0
18-09-2025,Thursday,,Dermatology,open,73.0
21 Mar 2026,Saturday,,Pediatrics,open,79.0
2025-12-29,Monday,,  Cardiology  ,open,50.0
2025-08-14,Thursday,,CARDIOLOGY,open,88.0
2025-06-19,Thursday,,pediatrics,open,63.0
2026-02-21,Saturday,,  Orthopedics  ,open,84.0
06/07/2025,Saturday,,General Medicine,open,47.0
2025-06-23,Monday,,  Cardiology  ,open,39.0
07-09-2025,Sunday,,Cardiology,holiday,6.0
2025-06-21,Saturday,,DERMATOLOGY,open,89.0
11 Oct 2025,Saturday,,Orthopedics,open,43.0
2025-07-11,Friday,,Cardiologyy,open,44.0
2026-01-01,Thursday,,Cardiologyy,open,75.0
2025-07-06,Sunday,,  Orthopedics  ,holiday,17.0
01/23/2026,Friday,,pediatrics,open,41.0
01 Nov 2025,Saturday,,Orthopedics,open,14.0
2026-03-04,Wednesday,,DERMATOLOGY,open,89.0
15 Mar 2026,Sunday,,,holiday,17.0
02 May 2025,Friday,,Orthopedics,open,40.0
2025-07-28,Monday,,general medicine,open,98.0
2025-07-14,Monday,,Nuerology,open,120.0
23-03-2026,Monday,,Cardiology,open,58.0
02 May 2025,Friday,,Cardiology,open,67.0
2025-07-16,Wednesday,,pediatrics,open,61.0
09/12/2025,Friday,,Paediatrics,open,65.0
2025-08-11,Monday,,NEUROLOGY,open,60.0
2025-11-05,Wednesday,,Dermatolgy,open,16.0
2026-03-31,Tuesday,,  General Medicine  ,open,68.0
05/24/2025,Saturday,,Dermatology,open,12.0
2026-02-18,Wednesday,,unknown,open,48.0
26 Apr 2025,Saturday,,Dermatology,open,48.0
2026-01-12,Monday,,NULL,open,165.0
2025-06-27,Friday,,NULL,open,77.0
2025-10-18,Saturday,,  Dermatology  ,open,16.0
09-01-2026,Friday,,General Medicine,open,125.0
2025-12-23,Tuesday,,neurology,open,116.0
19 Mar 2026,Thursday,,Neurology,open,48.0
2025-06-06,Friday,,PEDIATRICS,open,134.0
19-11-2025,Wednesday,,Neurology,open,
2025-11-02,Sunday,,,holiday,32.0
2025-12-10,Wednesday,,N/A,open,104.0
2025-05-17,Saturday,,ORTHOPEDICS,,10.0
14 Apr 2026,Tuesday,,Cardiology,open,91.0
2026-01-04,Sunday,,PEDIATRICS,holiday,7.0
2025-05-14,Wednesday,,  General Medicine  ,open,109.0
31-03-2026,Tuesday,,Cardiology,open,73.0
2025-08-05,Tuesday,,orthopedics,open,75.0
2025-06-16,Monday,,unknown,open,52.0
23 Nov 2025,Sunday,,General Medicine,holiday,11.0
02/16/2026,Monday,,Pediatrics,open,109.0
07/31/2025,Thursday,,Orthopedics,open,15.0
05 Aug 2025,Tuesday,,Orthopedics,open,90.0
2026-01-15,Thursday,,unknown,open,43.0
2025-08-26,Tuesday,,Cardiologyy,open,102.0
2026-01-27,Tuesday,,  Dermatology  ,open,
2025-08-01,Friday,,N/A,open,49.0
19-10-2025,Sunday,,Dermatology,holiday,20.0
2025-05-17,Saturday,,N/A,open,48.0
29-01-2026,Thursday,,Dermatology,open,77.0
05/26/2025,Monday,,Neurology,open,53.0
04 Oct 2025,Saturday,,Orthopedics,open,37.0
2026-02-03,Tuesday,,pediatrics,open,73.0
16-11-2025,Sunday,,Neurology,holiday,14.0
15 May 2025,Thursday,,Dermatology,open,14.0
2025-04-23,Wednesday,,  General Medicine  ,open,56.0
31-07-2025,Thursday,,General Medicine,open,64.0
2025-12-03,Wednesday,,neurology,open,74.0
09/28/2025,Sunday,,Cardiology,holiday,13.0
19-11-2025,Wednesday,,Pediatrics,open,43.0
22 Nov 2025,Saturday,,General Medicine,open,63.0
03 May 2025,Saturday,,,open,54.0
03/19/2026,Thursday,,Cardiology,open,40.0
2025-09-01,Monday,,NULL,open,86.0
2025-06-01,Sunday,,CARDIOLOGY,holiday,6.0
03/11/2026,Wednesday,,Pediatrics,open,48.0
29-03-2026,Sunday,,general medicine,holiday,11.0
2026-01-31,Saturday,,PEDIATRICS,open,59.0
2026-03-01,Sunday,,GENERAL MEDICINE,holiday,30.0
2025-12-27,Saturday,,Dermatolgy,open,53.0
2025-11-03,Monday,,CARDIOLOGY,open,63.0
2025-06-20,Friday,,Dermatolgy,open,36.0
04/05/2026,Sunday,,Cardiology,holiday,34.0
01 Aug 2025,Friday,,Pediatrics,open,122.0
2025-09-05,Friday,,  General Medicine  ,open,57.0
2025-04-26,Saturday,,N/A,open,19.0
08 Jul 2025,Tuesday,,Orthopedics,open,60.0
2025-06-17,Tuesday,,,open,93.0
2025-10-29,Wednesday,,Dermatolgy,open,21.0
21 Jun 2025,Saturday,,General Medicine,open,268.0
11 Feb 2026,Wednesday,,Cardiologyy,open,47.0
2025-12-24,Wednesday,,NEUROLOGY,open,95.0
02-01-2026,Friday,,Pediatrics,open,74.0
03/23/2026,Monday,,Dermatology,open,95.0
2025-11-26,Wednesday,,Dermatolgy,open,29.0
2025-12-31,Wednesday,,Orthopaedics,open,36.0
22-06-2025,Sunday,,  Dermatology  ,holiday,14.0
31 Dec 2025,Wednesday,,Neurology,open,77.0
2025-06-06,Friday,,NULL,open,94.0
12/24/2025,Wednesday,,Cardiology,open,62.0
23-10-2025,Thursday,,General Medicine,open,76.0
2025-07-23,Wednesday,,DERMATOLOGY,open,46.0
29-10-2025,Wednesday,,Cardiology,open,25.0
11 Sep 2025,Thursday,,General Medicine,open,82.0
29-08-2025,Friday,,Dermatology,open,10.0
2026-01-25,Sunday,,PEDIATRICS,holiday,15.0
12/20/2025,Saturday,,Orthopedics,open,48.0
10-05-2025,Saturday,,Pediatrics,open,110.0
16 Mar 2026,Monday,,Pediatrics,open,67.0
2025-08-03,Sunday,,cardiology,holiday,13.0
2025-10-30,Thursday,,DERMATOLOGY,open,33.0
05/30/2025,Friday,,Dermatology,open,28.0
2025-11-25,Tuesday,,N/A,open,114.0
12 Aug 2025,Tuesday,,orthopedics,open,71.0
04/03/2026,Friday,,orthopedics,open,13.0
11 Oct 2025,Saturday,,Neurology,open,122.0
07/04/2025,Friday,,General Medicine,open,71.0
2025-05-23,Friday,,  Cardiology  ,open,68.0
30-09-2025,Tuesday,,General Medicine,open,73.0
19 Nov 2025,Wednesday,,Pediatrics,open,62.0
12-12-2025,Friday,,Cardiology,open,45.0
08-06-2025,Sunday,,pediatrics,holiday,11.0
18-05-2025,Sunday,,NULL,,
2025-11-18,Tuesday,,dermatology,open,63.0
2025-09-27,Saturday,,CARDIOLOGY,open,26.0
05-06-2025,Thursday,,Cardiology,open,44.0
2026-02-09,Monday,,neurology,open,124.0
02/19/2026,Thursday,,Neurology,open,52.0
15 Jan 2026,Thursday,,Neurology,open,52.0
2025-07-26,Saturday,,NULL,open,44.0
17-03-2026,Tuesday,,General Medicine,open,118.0
03-08-2025,Sunday,,Cardiology,holiday,12.0
05-08-2025,Tuesday,,Orthopedics,,101.0
2026-03-02,Monday,,unknown,open,86.0
2025-10-02,Thursday,,  Pediatrics  ,open,
2025-09-25,Thursday,,  Dermatology  ,open,89.0
2025-08-01,Friday,,dermatology,open,34.0
02 Feb 2026,Monday,,Pediatrics,open,129.0
2026-04-18,Saturday,,Orthopaedics,open,58.0
2025-05-18,Sunday,,Paediatrics,holiday,14.0
29 Jul 2025,Tuesday,,,open,92.0
2026-04-10,Friday,,pediatrics,open,61.0
08-09-2025,Monday,,N/A,open,94.0
26-02-2026,Thursday,,Dermatology,open,78.0
08/12/2025,Tuesday,,Neurology,open,88.0
11/30/2025,Sunday,,Dermatology,holiday,9.0
2025-09-17,Wednesday,,N/A,open,41.0
2025-06-09,Monday,,orthopedics,open,49.0
22 Jan 2026,Thursday,,ORTHOPEDICS,open,94.0
20 Mar 2026,Friday,,Neurology,open,89.0
2026-03-20,Friday,,  Dermatology  ,open,19.0
2026-02-01,Sunday,,ORTHOPEDICS,holiday,5.0
2026-02-04,Wednesday,,pediatrics,open,63.0
01-11-2025,Saturday,,Neurology,open,26.0
13 Feb 2026,Friday,,General Medicine,open,48.0
07/15/2025,Tuesday,,Orthopedics,open,44.0
2025-08-15,Friday,,Cardiologyy,open,50.0
2025-10-09,Thursday,,unknown,open,27.0
2026-04-02,Thursday,,unknown,open,133.0
30-09-2025,Tuesday,,N/A,open,111.0
08 Oct 2025,Wednesday,,Neurology,open,27.0
07-03-2026,Saturday,,Orthopedics,open,15.0
12 Jan 2026,Monday,,General Medicine,open,123.0
19-07-2025,Saturday,,Dermatology,open,70.0
19 Nov 2025,Wednesday,,Orthopedics,open,29.0
04/23/2025,Wednesday,,Pediatrics,open,78.0
27-03-2026,Friday,,Orthopedics,open,76.0
03/27/2026,Friday,,General Medicine,open,101.0
17 Feb 2026,Tuesday,,Neurology,open,94.0
03/19/2026,Thursday,,General Medicine,open,34.0
2025-07-30,Wednesday,,Genral Medicine,open,67.0
22-04-2025,Tuesday,,General Medicine,open,82.0
11-03-2026,Wednesday,,Orthopedics,open,84.0
2025-09-30,Tuesday,,  Pediatrics  ,open,49.0
2025-07-18,Friday,,  Pediatrics  ,,65.0
2025-07-23,Wednesday,,NEUROLOGY,open,69.0
13-11-2025,Thursday,,Orthopedics,open,37.0
12/27/2025,Saturday,,General Medicine,open,106.0
2025-10-26,Sunday,,N/A,holiday,18.0
2025-11-24,Monday,,cardiology,open,
2026-01-06,Tuesday,,  General Medicine  ,open,78.0
2025-04-24,Thursday,,dermatology,open,20.0
2025-06-03,Tuesday,,N/A,open,52.0
2025-08-12,Tuesday,,Cardiologyy,open,73.0
2026-01-02,Friday,,N/A,open,91.0
2026-03-22,Sunday,,ORTHOPEDICS,holiday,20.0
2025-12-01,Monday,,  Cardiology  ,open,112.0
08-01-2026,Thursday,,Neurology,open,59.0
07/26/2025,Saturday,,,open,62.0
2026-01-09,Friday,,pediatrics,open,35.0
2026-02-22,Sunday,,  Dermatology  ,holiday,9.0
2025-06-05,Thursday,,Nuerology,open,27.0
15 Jun 2025,Sunday,,Neurology,holiday,8.0
04/24/2025,Thursday,,Nuerology,open,42.0
2025-08-03,Sunday,,NEUROLOGY,holiday,12.0
15-07-2025,Tuesday,,Dermatology,open,70.0
03/10/2026,Tuesday,,Dermatology,open,65.0
2026-01-26,Monday,,CARDIOLOGY,open,54.0
2025-12-02,Tuesday,,  General Medicine  ,open,123.0
2025-06-22,Sunday,,Genral Medicine,holiday,17.0
11-01-2026,Sunday,,Pediatrics,holiday,14.0
19 Sep 2025,Friday,,  Dermatology  ,open,27.0
2025-09-08,Monday,,cardiology,open,80.0
22 Jan 2026,Thursday,,Dermatology,open,57.0
25 Oct 2025,Saturday,,Cardiology,open,84.0
2026-03-02,Monday,,pediatrics,open,128.0
2026-02-11,Wednesday,,Genral Medicine,open,67.0
03 Feb 2026,Tuesday,,Dermatology,open,73.0
12-07-2025,Saturday,,Dermatology,open,78.0
2026-04-19,Sunday,,Paediatrics,holiday,16.0
04/20/2025,Sunday,,General Medicine,holiday,11.0
04/21/2025,Monday,,Neurology,open,64.0
2025-12-21,Sunday,,NEUROLOGY,holiday,20.0
11/05/2025,Wednesday,,Neurology,open,38.0
2025-11-19,Wednesday,,Cardiologyy,open,31.0
25 Dec 2025,Thursday,,Pediatrics,open,28.0
14 Nov 2025,Friday,,Dermatology,open,73.0
05/09/2025,Friday,,Pediatrics,open,46.0
11/29/2025,Saturday,,Pediatrics,,27.0
2026-03-23,Monday,,NEUROLOGY,open,43.0
2025-08-28,Thursday,,general medicine,open,70.0
04-12-2025,Thursday,,PEDIATRICS,open,58.0
10-08-2025,Sunday,,Cardiology,holiday,5.0
06 Jun 2025,Friday,,Orthopaedics,open,45.0
2025-09-26,Friday,,  Pediatrics  ,,88.0
2026-01-06,Tuesday,,  Orthopedics  ,open,58.0
2025-12-25,Thursday,,NULL,open,93.0
2025-10-24,Friday,,unknown,open,47.0
2026-02-07,Saturday,,NEUROLOGY,open,52.0
04/03/2026,Friday,,Cardiology,open,
2026-04-17,Friday,,NEUROLOGY,open,95.0
03/28/2026,Saturday,,Cardiology,open,16.0
08/30/2025,Saturday,,Neurology,open,43.0
2025-11-23,Sunday,,CARDIOLOGY,holiday,6.0
12-01-2026,Monday,,Dermatology,open,44.0
2025-09-12,Friday,,unknown,open,50.0
13 Oct 2025,Monday,,  General Medicine  ,open,95.0
2025-10-16,Thursday,,  Orthopedics  ,open,85.0
2025-12-01,Monday,,Genral Medicine,open,91.0
25-05-2025,Sunday,,Cardiology,holiday,9.0
05/21/2025,Wednesday,,  Neurology  ,open,37.0
12/15/2025,Monday,,Cardiology,open,119.0
05/06/2025,Tuesday,,Dermatology,open,52.0
2025-08-03,Sunday,,Genral Medicine,holiday,10.0
2025-05-06,Tuesday,,Cardiologyy,open,66.0
01 Feb 2026,Sunday,,Neurology,holiday,12.0
08/31/2025,Sunday,,Pediatrics,holiday,12.0
03/20/2026,Friday,,Orthopedics,,49.0
08 Feb 2026,Sunday,,Neurology,holiday,18.0
2025-12-13,Saturday,,  Neurology  ,open,35.0
26 Dec 2025,Friday,,Neurology,open,53.0
27-06-2025,Friday,,General Medicine,open,114.0
12-08-2025,Tuesday,,Orthopedics,open,111.0
10 Nov 2025,Monday,,Pediatrics,open,95.0
21 Feb 2026,Saturday,,Pediatrics,open,43.0
2026-04-12,Sunday,,  Neurology  ,holiday,17.0
03/18/2026,Wednesday,,Orthopedics,open,49.0
2026-01-19,Monday,,Paediatrics,open,82.0
2026-02-13,Friday,,PEDIATRICS,open,63.0
02/18/2026,Wednesday,,Cardiology,open,47.0
2026-03-20,Friday,,Nuerology,open,37.0
2026-01-18,Sunday,,neurology,holiday,15.0
12/09/2025,Tuesday,,Cardiology,open,82.0
14 Jan 2026,Wednesday,,Neurology,open,11.0
2025-10-21,Tuesday,,  Pediatrics  ,open,79.0
05/11/2025,Sunday,,Cardiology,holiday,9.0
2025-10-28,Tuesday,,unknown,open,105.0
2025-04-25,Friday,,cardiology,open,48.0
08 Oct 2025,Wednesday,,Dermatology,open,29.0
05/12/2025,Monday,,General Medicine,open,102.0
02/06/2026,Friday,,Pediatrics,open,43.0
04 Nov 2025,Tuesday,,Orthopedics,open,46.0
2025-04-19,Saturday,,Paediatrics,open,65.0
2026-02-16,Monday,,general medicine,open,141.0
2025-12-12,Friday,,general medicine,open,52.0
05-11-2025,Wednesday,,Pediatrics,open,49.0
2025-07-04,Friday,,CARDIOLOGY,open,74.0
11 Dec 2025,Thursday,,Pediatrics,open,64.0
23 Apr 2025,Wednesday,,Neurology,open,12.0
18 Jan 2026,Sunday,,Neurology,holiday,6.0
2025-11-12,Wednesday,,Genral Medicine,open,80.0
16-09-2025,Tuesday,,Orthopedics,open,85.0
26-03-2026,Thursday,,Neurology,open,133.0
2025-09-17,Wednesday,,Paediatrics,open,33.0
30-06-2025,Monday,,Cardiology,open,
04-10-2025,Saturday,,Cardiology,open,26.0
2025-11-02,Sunday,,  General Medicine  ,holiday,10.0
2025-12-08,Monday,,dermatology,open,73.0
2026-03-25,Wednesday,,unknown,open,67.0
09/26/2025,Friday,,Orthopedics,open,60.0
01/23/2026,Friday,,Orthopedics,open,71.0
30-10-2025,Thursday,,General Medicine,open,30.0
01/18/2026,Sunday,,Cardiologyy,holiday,15.0
2025-09-17,Wednesday,,  Neurology  ,open,21.0
18 Dec 2025,Thursday,,PEDIATRICS,open,61.0
2025-11-05,Wednesday,,dermatology,open,21.0
12/14/2025,Sunday,,Orthopedics,holiday,5.0
28 Dec 2025,Sunday,,Cardiology,holiday,12.0
08/16/2025,Saturday,,General Medicine,open,35.0
2025-05-04,Sunday,,  Neurology  ,holiday,18.0
11-01-2026,Sunday,,Orthopedics,holiday,17.0
27 May 2025,Tuesday,,Pediatrics,open,61.0
30-04-2025,Wednesday,,Neurology,open,21.0
2025-08-20,Wednesday,,CARDIOLOGY,open,20.0
2025-06-04,Wednesday,,orthopedics,open,49.0
2025-08-16,Saturday,,pediatrics,open,141.0
2025-12-02,Tuesday,,,open,120.0
06 Oct 2025,Monday,,Orthopedics,open,78.0
2026-04-02,Thursday,,GENERAL MEDICINE,open,29.0
2026-01-23,Friday,,orthopedics,open,79.0
03/16/2026,Monday,,Dermatology,open,81.0
2025-09-08,Monday,,  Dermatology  ,open,81.0
04/25/2025,Friday,,Orthopedics,open,50.0
2025-12-08,Monday,,NULL,open,65.0
2026-01-01,Thursday,,NEUROLOGY,open,24.0
2025-06-16,Monday,,  Orthopedics  ,,226.0
2026-02-14,Saturday,,general medicine,open,92.0
2025-09-19,Friday,,  Pediatrics  ,open,49.0
22-01-2026,Thursday,,Orthopedics,open,13.0
06/17/2025,Tuesday,,Cardiologyy,open,56.0
06/06/2025,Friday,,Cardiology,open,41.0
2025-11-10,Monday,,unknown,open,73.0
02/03/2026,Tuesday,,Pediatrics,open,
2026-01-08,Thursday,,unknown,open,46.0
2026-02-27,Friday,,DERMATOLOGY,open,46.0
2025-09-07,Sunday,,general medicine,holiday,13.0
15 Nov 2025,Saturday,,general medicine,open,67.0
05-02-2026,Thursday,,Dermatology,open,33.0
2026-01-24,Saturday,,Orthopaedics,open,19.0
2025-08-18,Monday,,DERMATOLOGY,open,62.0
2025-06-17,Tuesday,,  Cardiology  ,open,70.0
2025-08-13,Wednesday,,cardiology,open,43.0
2025-11-05,Wednesday,,NEUROLOGY,open,28.0
2025-08-09,Saturday,,DERMATOLOGY,open,66.0
13-02-2026,Friday,,General Medicine,,46.0
08/26/2025,Tuesday,,Dermatology,open,98.0
2025-10-08,Wednesday,,NEUROLOGY,open,37.0
06/05/2025,Thursday,,Cardiology,open,14.0
07 Oct 2025,Tuesday,,Orthopedics,open,50.0
07/12/2025,Saturday,,Dermatology,open,24.0
02 Dec 2025,Tuesday,,Neurology,open,84.0
14-06-2025,Saturday,,Neurology,open,41.0
2025-05-12,Monday,,NULL,open,81.0
2025-06-07,Saturday,,PEDIATRICS,open,37.0
2026-03-06,Friday,,NEUROLOGY,open,14.0
21-01-2026,Wednesday,,Neurology,open,75.0
17-12-2025,Wednesday,,Neurology,open,131.0
2026-03-10,Tuesday,,  Orthopedics  ,,45.0
03/22/2026,Sunday,,Dermatology,holiday,12.0
21 Dec 2025,Sunday,,Dermatology,holiday,8.0
2025-10-24,Friday,,pediatrics,open,28.0
2026-02-14,Saturday,,unknown,open,49.0
17 Oct 2025,Friday,,Dermatology,open,31.0
2025-12-05,Friday,,  Dermatology  ,open,86.0
2025-05-26,Monday,,  Orthopedics  ,open,89.0
2025-08-22,Friday,,PEDIATRICS,open,103.0
26 Dec 2025,Friday,,NEUROLOGY,open,24.0
18-11-2025,Tuesday,,,open,69.0
04/10/2026,Friday,,Cardiology,open,
10 Aug 2025,Sunday,,Neurology,holiday,11.0
2025-11-15,Saturday,,orthopedics,open,58.0
2026-03-11,Wednesday,,GENERAL MEDICINE,open,93.0
29-03-2026,Sunday,,Orthopedics,holiday,15.0
03-10-2025,Friday,,,open,36.0
2025-12-17,Wednesday,,cardiology,open,22.0
2026-02-13,Friday,,unknown,open,76.0
23 Jun 2025,Monday,,Cardiology,open,77.0
2026-02-02,Monday,,cardiology,open,73.0
2025-11-11,Tuesday,,cardiology,open,40.0
04 Feb 2026,Wednesday,,General Medicine,open,105.0
09 Jan 2026,Friday,,NULL,open,82.0
2025-09-05,Friday,,ORTHOPEDICS,open,59.0
05/01/2025,Thursday,,Pediatrics,open,38.0
2025-08-19,Tuesday,,Dermatolgy,open,75.0
2026-02-06,Friday,,  General Medicine  ,open,144.0
05 Dec 2025,Friday,,NULL,open,
2025-09-30,Tuesday,,Orthopaedics,open,54.0
31-08-2025,Sunday,,General Medicine,,8.0
31-01-2026,Saturday,,Cardiology,open,33.0
2025-11-15,Saturday,,NEUROLOGY,open,17.0
16-12-2025,Tuesday,,Orthopedics,open,58.0
2026-01-19,Monday,,unknown,open,98.0
2026-01-20,Tuesday,,orthopedics,open,41.0
27-06-2025,Friday,,Cardiology,open,43.0
09 Sep 2025,Tuesday,,General Medicine,open,125.0
2026-02-20,Friday,,  Pediatrics  ,open,86.0
2025-11-03,Monday,,ORTHOPEDICS,open,60.0
12-03-2026,Thursday,,neurology,open,72.0
2025-04-25,Friday,,Genral Medicine,open,61.0
25 Jun 2025,Wednesday,,Orthopedics,open,106.0
02/24/2026,Tuesday,,Dermatology,open,50.0
29-06-2025,Sunday,,,holiday,18.0
01-02-2026,Sunday,,Dermatology,holiday,15.0
10-04-2026,Friday,,Dermatology,open,39.0
11-11-2025,Tuesday,,Cardiology,open,80.0
06/21/2025,Saturday,,Neurology,open,37.0
21 Feb 2026,Saturday,,Dermatology,open,81.0
21 May 2025,Wednesday,,Neurology,open,21.0
17-02-2026,Tuesday,,Orthopedics,,111.0
02 May 2025,Friday,,Dermatology,open,52.0
19 Jun 2025,Thursday,,Dermatology,open,62.0
2025-06-02,Monday,,Dermatolgy,open,63.0
09/03/2025,Wednesday,,Neurology,,24.0
09/30/2025,Tuesday,,Pediatrics,open,99.0
2025-11-18,Tuesday,,NULL,open,182.0
07 Feb 2026,Saturday,,Neurology,open,11.0
22-02-2026,Sunday,,Cardiology,holiday,15.0
02/02/2026,Monday,,  Cardiology  ,open,63.0
2025-08-17,Sunday,,unknown,holiday,7.0
2026-04-11,Saturday,,  Pediatrics  ,open,101.0
11 Feb 2026,Wednesday,,General Medicine,open,115.0
10/13/2025,Monday,,General Medicine,,63.0
10/07/2025,Tuesday,,Neurology,open,85.0
2025-04-28,Monday,,Cardiologyy,open,92.0
06/08/2025,Sunday,,Dermatology,holiday,6.0
18-08-2025,Monday,,General Medicine,open,98.0
2025-06-03,Tuesday,,  Neurology  ,open,
03 Feb 2026,Tuesday,,General Medicine,open,70.0
15 Sep 2025,Monday,,Cardiology,open,70.0
20-01-2026,Tuesday,,Neurology,open,63.0
29-11-2025,Saturday,,Cardiology,open,
23 Mar 2026,Monday,,Orthopedics,open,60.0
2025-05-18,Sunday,,ORTHOPEDICS,holiday,14.0
2025-11-17,Monday,,PEDIATRICS,open,76.0
11/01/2025,Saturday,,Orthopedics,open,
2025-06-06,Friday,,neurology,open,26.0
2025-08-24,Sunday,,,holiday,9.0
31 Mar 2026,Tuesday,,Pediatrics,open,152.0
2025-04-24,Thursday,,Genral Medicine,open,
22-05-2025,Thursday,,Neurology,open,14.0
14 Nov 2025,Friday,,Orthopedics,open,142.0
2025-05-30,Friday,,N/A,open,58.0
02/01/2026,Sunday,,General Medicine,holiday,32.0
2025-09-07,Sunday,,  Neurology  ,holiday,15.0
2026-01-18,Sunday,,  Orthopedics  ,holiday,36.0
07-09-2025,Sunday,,General Medicine,holiday,28.0
2025-10-07,Tuesday,,N/A,open,90.0
25-12-2025,Thursday,,Pediatrics,open,170.0
10/07/2025,Tuesday,,NEUROLOGY,open,92.0
05 Mar 2026,Thursday,,  General Medicine  ,open,51.0
2025-10-27,Monday,,orthopedics,open,56.0
2026-01-28,Wednesday,,GENERAL MEDICINE,open,52.0
08 Jun 2025,Sunday,,Orthopedics,holiday,16.0
19 Feb 2026,Thursday,,Dermatology,open,15.0
2026-02-05,Thursday,,GENERAL MEDICINE,open,37.0
2025-08-07,Thursday,,NEUROLOGY,open,33.0
04/29/2025,Tuesday,,Dermatology,open,159.0
12-06-2025,Thursday,,General Medicine,open,45.0
22-03-2026,Sunday,,Pediatrics,holiday,
2025-04-29,Tuesday,,unknown,open,121.0
2026-01-22,Thursday,,orthopedics,open,50.0
25-09-2025,Thursday,,Dermatology,open,31.0
02 Apr 2026,Thursday,,Orthopedics,open,35.0
2025-10-27,Monday,,Nuerology,open,104.0
2025-11-08,Saturday,,N/A,open,32.0
2025-05-12,Monday,,PEDIATRICS,open,67.0
2025-08-23,Saturday,,ORTHOPEDICS,open,42.0
2025-12-14,Sunday,,  Cardiology  ,holiday,20.0
18-04-2026,Saturday,,Pediatrics,open,64.0
17 Mar 2026,Tuesday,,General Medicine,open,102.0
2025-08-29,Friday,,CARDIOLOGY,open,76.0
2025-07-18,Friday,,pediatrics,open,100.0
2025-12-16,Tuesday,,Paediatrics,open,104.0
08-05-2025,Thursday,,Cardiology,open,43.0
25 Mar 2026,Wednesday,,Pediatrics,open,92.0
30-11-2025,Sunday,,General Medicine,holiday,5.0
04-08-2025,Monday,,Cardiology,open,103.0
2026-03-02,Monday,,general medicine,open,158.0
10 Feb 2026,Tuesday,,Dermatology,open,102.0
2025-09-12,Friday,,orthopedics,open,27.0
03 Jan 2026,Saturday,,,open,33.0
2025-09-04,Thursday,,GENERAL MEDICINE,open,94.0
30 Mar 2026,Monday,,Dermatology,open,78.0
06/22/2025,Sunday,,Pediatrics,holiday,
07/27/2025,Sunday,,Cardiology,holiday,15.0
28-04-2025,Monday,,Cardiology,open,68.0
08/11/2025,Monday,,Pediatrics,open,315.0
2025-09-09,Tuesday,,N/A,open,73.0
08-12-2025,Monday,,Orthopedics,open,247.0
2025-05-27,Tuesday,,NULL,open,
2025-11-07,Friday,,GENERAL MEDICINE,open,50.0
12/17/2025,Wednesday,,Cardiology,open,83.0
2025-12-12,Friday,,orthopedics,open,77.0
2025-12-14,Sunday,,pediatrics,holiday,7.0
2025-09-24,Wednesday,,Cardiologyy,open,18.0
30 Nov 2025,Sunday,,General Medicine,holiday,34.0
11 May 2025,Sunday,,Dermatology,holiday,11.0
2026-01-30,Friday,,NULL,open,66.0
2026-02-11,Wednesday,,unknown,open,15.0
2025-12-22,Monday,,PEDIATRICS,open,123.0
2026-03-20,Friday,,NEUROLOGY,open,77.0
2025-08-08,Friday,,dermatology,open,48.0
13 Jan 2026,Tuesday,,Pediatrics,open,378.0
03-04-2026,Friday,,Orthopedics,open,11.0
2026-02-04,Wednesday,,orthopedics,open,46.0
2025-08-12,Tuesday,,pediatrics,open,76.0
10/19/2025,Sunday,,Pediatrics,holiday,18.0
03 Nov 2025,Monday,,Pediatrics,open,214.0
2025-07-31,Thursday,,Nuerology,open,49.0
08/10/2025,Sunday,,Pediatrics,holiday,13.0
02-10-2025,Thursday,,dermatology,open,11.0
2026-03-11,Wednesday,,  General Medicine  ,open,47.0
2025-12-10,Wednesday,,NEUROLOGY,open,78.0
05-01-2026,Monday,,Pediatrics,open,76.0
2025-06-18,Wednesday,,  Orthopedics  ,open,71.0
2025-09-23,Tuesday,,  Cardiology  ,open,73.0
2025-07-28,Monday,,neurology,open,118.0
08-06-2025,Sunday,,Neurology,holiday,15.0
16-08-2025,Saturday,,General Medicine,open,43.0
10 Jan 2026,Saturday,,General Medicine,open,
09/29/2025,Monday,,Pediatrics,open,83.0
2025-05-31,Saturday,,PEDIATRICS,open,53.0
2025-11-06,Thursday,,  Cardiology  ,open,39.0
03/01/2026,Sunday,,Nuerology,holiday,8.0
2026-04-17,Friday,,  Pediatrics  ,open,
2025-10-08,Wednesday,,,open,120.0
10/09/2025,Thursday,,Dermatology,open,18.0
2025-08-23,Saturday,,N/A,open,158.0
2025-05-22,Thursday,,pediatrics,open,68.0
2025-07-10,Thursday,,Cardiologyy,open,14.0
26 Jun 2025,Thursday,,Cardiology,open,45.0
03/30/2026,Monday,,Orthopedics,open,95.0
10-01-2026,Saturday,,Cardiology,open,44.0
2025-05-09,Friday,,PEDIATRICS,open,48.0
18-03-2026,Wednesday,,Dermatology,open,38.0
2025-06-05,Thursday,,unknown,open,73.0
30 Apr 2025,Wednesday,,General Medicine,open,132.0
2025-08-08,Friday,,Nuerology,open,48.0
11-02-2026,Wednesday,,Dermatology,open,53.0
2026-04-05,Sunday,,unknown,holiday,13.0
05-01-2026,Monday,,General Medicine,open,102.0
2025-04-23,Wednesday,,orthopedics,open,49.0
2025-06-20,Friday,,Orthopaedics,open,46.0
2025-12-02,Tuesday,,N/A,open,66.0
04 Feb 2026,Wednesday,,ORTHOPEDICS,open,15.0
2025-08-19,Tuesday,,general medicine,open,69.0
2026-02-06,Friday,,DERMATOLOGY,open,10.0
22 Dec 2025,Monday,,Dermatology,open,34.0
05/12/2025,Monday,,Neurology,open,82.0
18 Jul 2025,Friday,,General Medicine,open,
2025-10-05,Sunday,,dermatology,holiday,
2025-08-16,Saturday,,unknown,open,50.0
2025-08-08,Friday,,Paediatrics,open,35.0
2025-10-11,Saturday,,orthopedics,open,19.0
04 Jul 2025,Friday,,Orthopedics,open,94.0
2025-11-26,Wednesday,,,open,94.0
01-09-2025,Monday,,General Medicine,,79.0
12-07-2025,Saturday,,General Medicine,open,115.0
09-06-2025,Monday,,Pediatrics,open,81.0
09/23/2025,Tuesday,,,open,75.0
20-07-2025,Sunday,,Pediatrics,holiday,5.0
10 Nov 2025,Monday,,Neurology,open,64.0
2026-03-16,Monday,,neurology,open,75.0
2026-02-23,Monday,,  Cardiology  ,open,45.0
25 May 2025,Sunday,,Cardiology,holiday,16.0
2025-11-22,Saturday,,Nuerology,open,63.0
12/29/2025,Monday,,Dermatology,open,106.0
2025-11-07,Friday,,Orthopaedics,open,24.0
2025-05-26,Monday,,Dermatolgy,open,55.0
05/17/2025,Saturday,,N/A,open,42.0
07 Jul 2025,Monday,,Orthopedics,open,73.0
31 Mar 2026,Tuesday,,,open,41.0
2026-01-03,Saturday,,ORTHOPEDICS,open,38.0
08-10-2025,Wednesday,,Dermatology,open,87.0
07-02-2026,Saturday,,Pediatrics,open,40.0
16-05-2025,Friday,,Cardiology,open,47.0
2025-10-16,Thursday,,Nuerology,open,40.0
29-09-2025,Monday,,Neurology,open,84.0
08/12/2025,Tuesday,,Pediatrics,open,129.0
2025-05-16,Friday,,Nuerology,open,18.0
12/29/2025,Monday,,Neurology,,69.0
07/10/2025,Thursday,,unknown,open,68.0
2026-01-17,Saturday,,unknown,open,63.0
2026-01-02,Friday,,unknown,open,41.0
12/24/2025,Wednesday,,Dermatology,open,63.0
11 Apr 2026,Saturday,,Dermatology,open,43.0
2025-12-14,Sunday,,NEUROLOGY,holiday,12.0
2026-04-06,Monday,,CARDIOLOGY,open,106.0
2025-04-19,Saturday,,ORTHOPEDICS,open,38.0
18-09-2025,Thursday,,General Medicine,open,79.0
07/17/2025,Thursday,,Orthopedics,open,14.0
2026-03-22,Sunday,,PEDIATRICS,holiday,15.0
2025-12-10,Wednesday,,DERMATOLOGY,open,87.0
2025-08-25,Monday,,orthopedics,open,61.0
2025-07-10,Thursday,,Genral Medicine,open,84.0
06/05/2025,Thursday,,General Medicine,open,76.0
2025-10-16,Thursday,,orthopedics,open,45.0
12 Mar 2026,Thursday,,Cardiology,open,57.0
02-04-2026,Thursday,,General Medicine,open,81.0
20 Feb 2026,Friday,,Cardiology,open,87.0
27 Jun 2025,Friday,,Pediatrics,open,107.0
2025-07-04,Friday,,dermatology,open,27.0
2025-06-20,Friday,,N/A,open,20.0
05/07/2025,Wednesday,,Dermatology,open,46.0
2025-07-17,Thursday,,Nuerology,open,43.0
2025-11-02,Sunday,,pediatrics,holiday,6.0
2025-10-12,Sunday,,Nuerology,holiday,16.0
25 Feb 2026,Wednesday,,Dermatology,open,50.0
11 Nov 2025,Tuesday,,Orthopedics,open,54.0
2025-12-18,Thursday,,NULL,open,31.0
23 Mar 2026,Monday,,Pediatrics,open,120.0
2026-01-20,Tuesday,,GENERAL MEDICINE,open,97.0
12-12-2025,Friday,,general medicine,open,68.0
07-10-2025,Tuesday,,Pediatrics,open,51.0
2025-05-09,Friday,,  Cardiology  ,open,40.0
2026-03-12,Thursday,,Orthopaedics,open,62.0
2025-11-10,Monday,,  Cardiology  ,open,52.0
2025-11-25,Tuesday,,unknown,open,62.0
03/28/2026,Saturday,,Orthopedics,open,43.0
2025-05-12,Monday,,Orthopaedics,open,59.0
2026-03-08,Sunday,,NEUROLOGY,holiday,9.0
26-01-2026,Monday,,Neurology,open,59.0
2025-11-02,Sunday,,CARDIOLOGY,holiday,15.0
2026-02-11,Wednesday,,  Neurology  ,open,40.0
06/01/2025,Sunday,,Orthopedics,holiday,16.0
22-09-2025,Monday,,Pediatrics,open,90.0
22 Jun 2025,Sunday,,Cardiology,holiday,10.0
2026-01-04,Sunday,,general medicine,holiday,15.0
2025-04-24,Thursday,,,open,42.0
2026-04-07,Tuesday,,NEUROLOGY,open,49.0
2025-11-20,Thursday,,Nuerology,open,48.0
2026-02-01,Sunday,,N/A,holiday,6.0
2026-04-01,Wednesday,,Genral Medicine,open,62.0
15-05-2025,Thursday,,orthopedics,,77.0
2026-01-19,Monday,,  Dermatology  ,open,57.0
2025-05-01,Thursday,,  Orthopedics  ,open,21.0
27 Apr 2025,Sunday,,Pediatrics,holiday,11.0
2025-05-29,Thursday,,NULL,open,70.0
18-08-2025,Monday,,Cardiology,open,47.0
14 Mar 2026,Saturday,,Dermatology,open,14.0
22 Jul 2025,Tuesday,,General Medicine,open,76.0
11-06-2025,Wednesday,,Cardiology,open,92.0
2025-06-27,Friday,,unknown,open,54.0
23-10-2025,Thursday,,Dermatology,open,
2025-06-16,Monday,,NEUROLOGY,open,100.0
10-07-2025,Thursday,,Dermatology,open,20.0
2025-11-28,Friday,,PEDIATRICS,open,59.0
19-05-2025,Monday,,Pediatrics,open,100.0
13-07-2025,Sunday,,General Medicine,holiday,10.0
20-02-2026,Friday,,Orthopedics,open,41.0
19-01-2026,Monday,,Neurology,open,63.0
09/09/2025,Tuesday,,Dermatology,open,105.0
03-06-2025,Tuesday,,Pediatrics,open,53.0
07/14/2025,Monday,,Cardiology,open,122.0
2025-10-11,Saturday,,neurology,open,73.0
20 Sep 2025,Saturday,,,open,11.0
2025-05-14,Wednesday,,unknown,open,20.0
01/21/2026,Wednesday,,Pediatrics,open,91.0
10/21/2025,Tuesday,,Pediatrics,open,71.0
07/20/2025,Sunday,,Dermatology,holiday,5.0
2025-12-19,Friday,,Cardiologyy,open,43.0
2025-12-23,Tuesday,,CARDIOLOGY,open,111.0
2026-01-21,Wednesday,,general medicine,open,65.0
24-12-2025,Wednesday,,Cardiology,open,83.0
2025-07-18,Friday,,orthopedics,open,17.0
24 Apr 2025,Thursday,,Neurology,open,50.0
03-02-2026,Tuesday,,Dermatology,open,41.0
2026-03-28,Saturday,,  Neurology  ,open,25.0
2025-09-06,Saturday,,GENERAL MEDICINE,open,50.0
20 May 2025,Tuesday,,  Pediatrics  ,open,
2026-01-04,Sunday,,N/A,holiday,9.0
2026-03-03,Tuesday,,N/A,open,67.0
29-06-2025,Sunday,,Cardiology,holiday,9.0
2025-08-27,Wednesday,,Paediatrics,open,60.0
2026-01-12,Monday,,Genral Medicine,open,75.0
2025-06-12,Thursday,,unknown,open,40.0
2026-02-03,Tuesday,,Dermatolgy,open,96.0
2025-10-09,Thursday,,N/A,,
2025-07-31,Thursday,,  Orthopedics  ,open,18.0
03/05/2026,Thursday,,NULL,open,73.0
07/06/2025,Sunday,,Neurology,holiday,6.0
2026-03-30,Monday,,NULL,open,112.0
2025-08-22,Friday,,  Cardiology  ,open,25.0
2026-01-01,Thursday,,,open,19.0
2025-10-13,Monday,,unknown,open,50.0
2026-01-13,Tuesday,,unknown,open,128.0
2026-01-10,Saturday,,DERMATOLOGY,open,82.0
14-09-2025,Sunday,,Neurology,,5.0
02/18/2026,Wednesday,,Pediatrics,open,59.0
10-09-2025,Wednesday,,unknown,open,22.0
2025-08-29,Friday,,PEDIATRICS,open,64.0
09 Dec 2025,Tuesday,,Orthopedics,open,56.0
2026-01-30,Friday,,orthopedics,open,53.0
04/08/2026,Wednesday,,Cardiology,open,18.0
2026-02-15,Sunday,,  Orthopedics  ,holiday,16.0
2025-07-13,Sunday,,Nuerology,holiday,19.0
2026-01-30,Friday,,DERMATOLOGY,open,69.0
2025-05-21,Wednesday,,ORTHOPEDICS,open,27.0
16 Apr 2026,Thursday,,Pediatrics,open,56.0
19-11-2025,Wednesday,,General Medicine,open,84.0
2025-11-09,Sunday,,  Pediatrics  ,holiday,6.0
2025-06-08,Sunday,,,holiday,7.0
27-11-2025,Thursday,,Orthopedics,open,89.0
09 Aug 2025,Saturday,,Cardiology,open,32.0
2026-01-03,Saturday,,  General Medicine  ,open,54.0
09/26/2025,Friday,,Dermatology,open,45.0
2025-09-03,Wednesday,,PEDIATRICS,open,58.0
12 Jun 2025,Thursday,,Orthopedics,open,13.0
2025-08-01,Friday,,unknown,open,41.0
02/25/2026,Wednesday,,Neurology,open,11.0
2026-04-10,Friday,,neurology,open,50.0
28-08-2025,Thursday,,Orthopedics,open,17.0
07/31/2025,Thursday,,Cardiology,open,22.0
2026-03-30,Monday,,cardiology,open,163.0
11/05/2025,Wednesday,,unknown,open,35.0
09 Jun 2025,Monday,,,open,77.0
2025-07-19,Saturday,,NULL,open,28.0
16-10-2025,Thursday,,Orthopedics,open,45.0
13 Nov 2025,Thursday,,Cardiology,open,21.0
09/30/2025,Tuesday,,  Cardiology  ,open,
27-10-2025,Monday,,Neurology,open,
10/16/2025,Thursday,,General Medicine,open,
2025-06-29,Sunday,,N/A,holiday,20.0
2025-08-20,Wednesday,,Cardiologyy,open,58.0
2025-11-14,Friday,,neurology,open,46.0
07/09/2025,Wednesday,,Neurology,open,58.0
18-02-2026,Wednesday,,Cardiologyy,open,57.0
04/19/2025,Saturday,,Dermatology,open,40.0
07/23/2025,Wednesday,,Pediatrics,open,34.0
09/07/2025,Sunday,,Orthopedics,holiday,20.0
2026-03-06,Friday,,N/A,open,28.0
2025-10-18,Saturday,,cardiology,open,50.0
2026-04-10,Friday,,  Dermatology  ,open,48.0
25-01-2026,Sunday,,  Orthopedics  ,holiday,19.0
2025-10-09,Thursday,,Orthopaedics,open,80.0
2025-06-13,Friday,,ORTHOPEDICS,open,71.0
17 Jan 2026,Saturday,,Neurology,open,33.0
2025-09-30,Tuesday,,DERMATOLOGY,open,93.0
01/22/2026,Thursday,,Dermatology,open,37.0
2026-01-25,Sunday,,ORTHOPEDICS,holiday,10.0
2025-09-18,Thursday,,pediatrics,open,43.0
30-04-2025,Wednesday,,cardiology,open,16.0
2025-09-04,Thursday,,  Dermatology  ,open,93.0
2025-08-22,Friday,,cardiology,open,38.0
2025-08-25,Monday,,  Dermatology  ,open,95.0
09 Aug 2025,Saturday,,Neurology,open,35.0
16 Feb 2026,Monday,,Pediatrics,open,97.0
16 Apr 2026,Thursday,,Orthopedics,open,57.0
30-11-2025,Sunday,,PEDIATRICS,holiday,13.0
2026-02-01,Sunday,,  Pediatrics  ,holiday,6.0
13-07-2025,Sunday,,Pediatrics,holiday,8.0
28 Jul 2025,Monday,,General Medicine,open,75.0
2025-05-28,Wednesday,,Cardiologyy,open,
2025-11-16,Sunday,,  Orthopedics  ,holiday,20.0
2025-09-29,Monday,,DERMATOLOGY,open,95.0
2025-06-23,Monday,,  General Medicine  ,open,77.0
2025-11-04,Tuesday,,DERMATOLOGY,open,
2025-06-02,Monday,,N/A,open,106.0
06/30/2025,Monday,,Orthopedics,open,43.0
30-11-2025,Sunday,,Cardiology,holiday,11.0
2025-09-24,Wednesday,,ORTHOPEDICS,open,25.0
2026-03-24,Tuesday,,GENERAL MEDICINE,open,134.0
04/11/2026,Saturday,,Cardiology,open,
2026-02-24,Tuesday,,Nuerology,open,60.0
2025-11-17,Monday,,neurology,open,91.0
02 Dec 2025,Tuesday,,Orthopedics,open,58.0
2025-07-02,Wednesday,,PEDIATRICS,open,36.0
2025-09-23,Tuesday,,DERMATOLOGY,open,75.0
15-05-2025,Thursday,,N/A,open,30.0
2025-10-18,Saturday,,  General Medicine  ,open,39.0
15-04-2026,Wednesday,,Neurology,open,49.0
2026-03-29,Sunday,,pediatrics,holiday,6.0
2025-08-09,Saturday,,CARDIOLOGY,open,10.0
21 Sep 2025,Sunday,,Orthopedics,holiday,9.0
14-03-2026,Saturday,,General Medicine,open,61.0
10 Apr 2026,Friday,,Cardiology,open,97.0
2025-10-08,Wednesday,,Cardiologyy,open,41.0
2025-04-30,Wednesday,,  Orthopedics  ,open,29.0
12 Dec 2025,Friday,,Cardiology,open,20.0
2026-03-13,Friday,,GENERAL MEDICINE,open,49.0
2025-04-30,Wednesday,,  Pediatrics  ,open,92.0
2026-04-09,Thursday,,PEDIATRICS,open,42.0
10 May 2025,Saturday,,Cardiology,open,79.0
2025-10-07,Tuesday,,neurology,open,79.0
05/23/2025,Friday,,Neurology,open,35.0
2025-11-28,Friday,,  General Medicine  ,,53.0
2025-08-28,Thursday,,PEDIATRICS,open,59.0
2025-11-10,Monday,,  Pediatrics  ,open,78.0
2025-08-29,Friday,,N/A,open,43.0
2025-11-06,Thursday,,ORTHOPEDICS,open,22.0
2026-02-06,Friday,,orthopedics,open,50.0
16 Aug 2025,Saturday,,General Medicine,open,55.0
06/17/2025,Tuesday,,DERMATOLOGY,open,120.0
2026-03-10,Tuesday,,Cardiologyy,open,41.0
20 Apr 2025,Sunday,,Dermatology,holiday,16.0
11/07/2025,Friday,,Neurology,,76.0
07/22/2025,Tuesday,,Dermatology,open,89.0
23-11-2025,Sunday,,Orthopedics,holiday,8.0
09 Nov 2025,Sunday,,Cardiology,holiday,27.0
07-06-2025,Saturday,,Dermatology,open,66.0
2025-05-11,Sunday,,Genral Medicine,holiday,12.0
04-05-2025,Sunday,,NEUROLOGY,holiday,18.0
2025-12-31,Wednesday,,NULL,open,22.0
19 Nov 2025,Wednesday,,,open,
2025-08-19,Tuesday,,N/A,open,45.0
28 Mar 2026,Saturday,,Neurology,open,21.0
04/07/2026,Tuesday,,Neurology,open,77.0
2025-06-12,Thursday,,PEDIATRICS,open,49.0
06/27/2025,Friday,,Dermatology,open,19.0
15 Aug 2025,Friday,,Orthopedics,open,69.0
26-04-2025,Saturday,,Orthopedics,open,98.0
2026-03-25,Wednesday,,orthopedics,open,38.0
26 Dec 2025,Friday,,Pediatrics,open,120.0
06-03-2026,Friday,,General Medicine,open,48.0
2025-09-15,Monday,,pediatrics,open,80.0
2025-06-12,Thursday,,dermatology,open,15.0
2026-01-12,Monday,,N/A,open,68.0
11/13/2025,Thursday,,Pediatrics,open,103.0
14-11-2025,Friday,,Orthopedics,open,37.0
2026-03-14,Saturday,,orthopedics,open,43.0
01 Sep 2025,Monday,,Neurology,open,82.0
2025-04-25,Friday,,PEDIATRICS,open,84.0
05/03/2025,Saturday,,NEUROLOGY,open,20.0
2026-03-24,Tuesday,,unknown,open,138.0
2025-08-25,Monday,,unknown,open,86.0
13 Mar 2026,Friday,,General Medicine,open,95.0
2025-06-08,Sunday,,general medicine,holiday,11.0
2025-07-20,Sunday,,unknown,holiday,7.0
23 Feb 2026,Monday,,Paediatrics,open,109.0
2025-11-05,Wednesday,,cardiology,open,31.0
10/20/2025,Monday,,Cardiology,open,77.0
12/22/2025,Monday,,Dermatology,open,67.0
11/29/2025,Saturday,,General Medicine,open,73.0
2025-09-05,Friday,,neurology,open,19.0
2026-01-02,Friday,,ORTHOPEDICS,open,22.0
2025-11-09,Sunday,,GENERAL MEDICINE,holiday,8.0
04/17/2026,Friday,,General Medicine,open,39.0
2025-11-16,Sunday,,Dermatolgy,holiday,10.0
30-08-2025,Saturday,,Pediatrics,open,34.0
05-04-2026,Sunday,,Neurology,holiday,7.0
2025-08-14,Thursday,,Cardiologyy,open,24.0
2025-11-24,Monday,,unknown,open,97.0
10-10-2025,Friday,,Cardiology,open,30.0
2025-08-03,Sunday,,DERMATOLOGY,holiday,14.0
06/24/2025,Tuesday,,Pediatrics,open,1485.0
2025-12-23,Tuesday,,orthopedics,open,
2025-11-11,Tuesday,,PEDIATRICS,open,83.0
03 Apr 2026,Friday,,Pediatrics,open,95.0
2026-03-31,Tuesday,,orthopedics,open,39.0
2025-06-21,Saturday,,unknown,open,73.0
07 Dec 2025,Sunday,,Pediatrics,holiday,11.0
04/19/2026,Sunday,,Orthopedics,,10.0
28-01-2026,Wednesday,,Neurology,open,11.0
2025-11-01,Saturday,,general medicine,,46.0
2025-12-20,Saturday,,GENERAL MEDICINE,open,66.0
2026-03-09,Monday,,dermatology,open,59.0
2025-10-27,Monday,,N/A,open,40.0
2026-02-24,Tuesday,,general medicine,open,83.0
2025-11-20,Thursday,,  Orthopedics  ,open,27.0
12 May 2025,Monday,,Pediatrics,open,152.0
11/11/2025,Tuesday,,Cardiologyy,open,101.0
2026-04-19,Sunday,,neurology,holiday,9.0
2026-01-27,Tuesday,,Genral Medicine,open,133.0
03/10/2026,Tuesday,,Orthopedics,open,54.0
07/24/2025,Thursday,,Pediatrics,open,95.0
04/03/2026,Friday,,Neurology,open,38.0
10/05/2025,Sunday,,unknown,holiday,7.0
2025-11-22,Saturday,,DERMATOLOGY,open,44.0
2026-02-26,Thursday,,NULL,open,25.0
17 Jul 2025,Thursday,,Orthopedics,open,78.0
09-12-2025,Tuesday,,pediatrics,open,53.0
04/20/2025,Sunday,,Dermatolgy,holiday,11.0
2025-09-02,Tuesday,,ORTHOPEDICS,open,44.0
2025-05-09,Friday,,  Neurology  ,open,37.0
2025-06-09,Monday,,  Pediatrics  ,open,100.0
27-10-2025,Monday,,Pediatrics,open,108.0
2025-10-04,Saturday,,unknown,open,45.0
09/30/2025,Tuesday,,General Medicine,open,126.0
2025-05-25,Sunday,,NEUROLOGY,holiday,18.0
23-06-2025,Monday,,General Medicine,open,109.0
2025-07-08,Tuesday,,cardiology,open,76.0
20 May 2025,Tuesday,,General Medicine,open,144.0
01 Mar 2026,Sunday,,Pediatrics,holiday,15.0
2025-05-18,Sunday,,neurology,holiday,7.0
2025-09-03,Wednesday,,N/A,open,95.0
09/16/2025,Tuesday,,Dermatology,open,49.0
2025-06-09,Monday,,NULL,open,88.0
2025-07-29,Tuesday,,Orthopaedics,open,
11-02-2026,Wednesday,,Cardiology,open,43.0
09/30/2025,Tuesday,,Cardiology,open,45.0
2025-06-21,Saturday,,  General Medicine  ,open,29.0
02/02/2026,Monday,,  General Medicine  ,open,86.0
2025-10-13,Monday,,cardiology,open,69.0
2025-11-09,Sunday,,  Cardiology  ,holiday,
2025-09-13,Saturday,,orthopedics,open,40.0
2025-08-16,Saturday,,NULL,open,64.0
2025-06-02,Monday,,ORTHOPEDICS,open,110.0
05/19/2025,Monday,,Neurology,open,95.0
2025-06-18,Wednesday,,dermatology,open,68.0
05/26/2025,Monday,,Pediatrics,open,67.0
05 Aug 2025,Tuesday,,Dermatology,open,48.0
2026-04-04,Saturday,,GENERAL MEDICINE,open,36.0
22-06-2025,Sunday,,Dermatology,holiday,14.0
2025-10-10,Friday,,,open,
2026-01-11,Sunday,,orthopedics,holiday,
2025-12-26,Friday,,unknown,open,44.0
04/22/2025,Tuesday,,,open,84.0
06-02-2026,Friday,,Dermatology,open,72.0
30 Nov 2025,Sunday,,dermatology,holiday,
2025-05-01,Thursday,,  Cardiology  ,open,
12-01-2026,Monday,,Pediatrics,open,77.0
26-06-2025,Thursday,,Orthopedics,open,60.0
06-06-2025,Friday,,Dermatology,open,22.0
2025-12-20,Saturday,,dermatology,open,22.0
2026-03-23,Monday,,dermatology,open,36.0
2026-02-18,Wednesday,,PEDIATRICS,open,57.0
28 Nov 2025,Friday,,Orthopedics,open,39.0
2025-07-19,Saturday,,general medicine,open,42.0
2025-10-19,Sunday,,Orthopaedics,holiday,18.0
2026-02-02,Monday,,  Dermatology  ,open,79.0
10/09/2025,Thursday,,Orthopedics,open,35.0
2025-09-28,Sunday,,cardiology,holiday,18.0
04/07/2026,Tuesday,,Dermatology,open,43.0
2025-09-14,Sunday,,cardiology,holiday,18.0
16 Dec 2025,Tuesday,,Orthopedics,open,70.0
2026-01-28,Wednesday,,  Dermatology  ,open,10.0
10/12/2025,Sunday,,GENERAL MEDICINE,holiday,19.0
2026-01-02,Friday,,pediatrics,open,68.0
24 Feb 2026,Tuesday,,Orthopedics,open,72.0
12-10-2025,Sunday,,Pediatrics,holiday,7.0
01-10-2025,Wednesday,,Cardiologyy,open,15.0
07/19/2025,Saturday,,Neurology,open,13.0
01/29/2026,Thursday,,Neurology,open,45.0
2026-04-02,Thursday,,  Neurology  ,open,40.0
2026-04-14,Tuesday,,Genral Medicine,open,124.0
02/03/2026,Tuesday,,Orthopedics,open,54.0
2025-05-19,Monday,,Orthopaedics,open,67.0
2025-08-31,Sunday,,general medicine,holiday,16.0
2026-02-20,Friday,,Cardiologyy,open,19.0
2025-09-06,Saturday,,dermatology,open,17.0
2025-05-02,Friday,,Dermatolgy,open,68.0
2025-11-16,Sunday,,Orthopaedics,holiday,7.0
2026-03-29,Sunday,,DERMATOLOGY,holiday,9.0
09-05-2025,Friday,,Cardiology,open,14.0
22-02-2026,Sunday,,General Medicine,holiday,12.0
2025-11-16,Sunday,,  Pediatrics  ,holiday,13.0
2025-06-16,Monday,,  Pediatrics  ,open,98.0
27-11-2025,Thursday,,Pediatrics,open,125.0
2026-01-10,Saturday,,  Cardiology  ,open,37.0
28-11-2025,Friday,,General Medicine,open,
2025-11-10,Monday,,  Neurology  ,open,99.0
22 Jun 2025,Sunday,,,holiday,5.0
2025-07-21,Monday,,unknown,open,58.0
09/30/2025,Tuesday,,Neurology,open,74.0
2026-03-14,Saturday,,PEDIATRICS,open,103.0
2025-10-01,Wednesday,,N/A,open,
05-11-2025,Wednesday,,Neurology,open,
18-09-2025,Thursday,,Orthopedics,open,10.0
04/12/2026,Sunday,,Orthopedics,holiday,8.0
2025-07-23,Wednesday,,PEDIATRICS,open,26.0
24 Aug 2025,Sunday,,General Medicine,holiday,8.0
22-01-2026,Thursday,,Pediatrics,open,58.0
2025-07-21,Monday,,DERMATOLOGY,open,111.0
2026-02-17,Tuesday,,Paediatrics,open,145.0
17 May 2025,Saturday,,General Medicine,open,48.0
24-02-2026,Tuesday,,general medicine,open,132.0
07 May 2025,Wednesday,,Nuerology,open,47.0
06 Dec 2025,Saturday,,Cardiology,open,30.0
12/06/2025,Saturday,,Orthopedics,open,19.0
2026-03-01,Sunday,,pediatrics,holiday,6.0
09-07-2025,Wednesday,,General Medicine,open,83.0
2025-07-16,Wednesday,,NEUROLOGY,open,39.0
06-06-2025,Friday,,Orthopedics,open,22.0
2025-08-03,Sunday,,ORTHOPEDICS,holiday,18.0
2025-05-10,Saturday,,dermatology,open,35.0
08-06-2025,Sunday,,Cardiology,holiday,17.0
2025-06-06,Friday,,  Pediatrics  ,open,95.0
2025-07-01,Tuesday,,  Orthopedics  ,open,
2025-07-21,Monday,,N/A,open,59.0
08/20/2025,Wednesday,,cardiology,open,89.0
04-12-2025,Thursday,,Cardiology,open,16.0
18 Jun 2025,Wednesday,,Cardiology,open,43.0
08 Feb 2026,Sunday,,General Medicine,holiday,9.0
2025-11-01,Saturday,,NULL,open,44.0
06/17/2025,Tuesday,,Cardiology,open,60.0
2025-11-16,Sunday,,DERMATOLOGY,holiday,5.0
2025-06-04,Wednesday,,cardiology,open,38.0
2025-08-20,Wednesday,,ORTHOPEDICS,open,10.0
2026-03-03,Tuesday,,pediatrics,open,102.0
2025-10-18,Saturday,,general medicine,open,48.0
10-04-2026,Friday,,General Medicine,open,
02 Oct 2025,Thursday,,Neurology,open,22.0
02-12-2025,Tuesday,,Genral Medicine,open,
11-08-2025,Monday,,unknown,open,64.0
2026-04-19,Sunday,,GENERAL MEDICINE,holiday,9.0
27-12-2025,Saturday,,neurology,open,79.0
26-03-2026,Thursday,,Cardiology,open,29.0
12/13/2025,Saturday,,Cardiology,open,14.0
2025-08-26,Tuesday,,Paediatrics,open,100.0
2025-05-21,Wednesday,,Orthopaedics,open,23.0
09/15/2025,Monday,,Pediatrics,open,129.0
02/10/2026,Tuesday,,General Medicine,open,91.0
2025-07-11,Friday,,dermatology,open,27.0
2026-01-11,Sunday,,  Dermatology  ,holiday,18.0
27 Mar 2026,Friday,,orthopedics,open,21.0
2025-06-10,Tuesday,,GENERAL MEDICINE,open,69.0
18-02-2026,Wednesday,,Cardiology,open,80.0
2025-06-08,Sunday,,unknown,holiday,
2025-09-19,Friday,,orthopedics,open,32.0
2025-08-09,Saturday,,Cardiologyy,open,12.0
2025-10-20,Monday,,N/A,open,110.0
2026-03-25,Wednesday,,general medicine,open,62.0
2026-02-12,Thursday,,GENERAL MEDICINE,open,72.0
2026-01-06,Tuesday,,general medicine,open,130.0
2025-10-05,Sunday,,Cardiologyy,holiday,14.0
12-01-2026,Monday,,Neurology,open,54.0
20 Feb 2026,Friday,,General Medicine,open,70.0
20-04-2025,Sunday,,Cardiology,holiday,10.0
2026-02-21,Saturday,,unknown,open,102.0
04/30/2025,Wednesday,,General Medicine,open,31.0
13 Jun 2025,Friday,,Neurology,open,77.0
22 Feb 2026,Sunday,,Dermatology,holiday,16.0
24 Sep 2025,Wednesday,,Orthopedics,open,19.0
2026-03-16,Monday,,NULL,open,90.0
06-10-2025,Monday,,Neurology,open,72.0
03/24/2026,Tuesday,,Pediatrics,open,89.0
07-04-2026,Tuesday,,General Medicine,open,
2026-04-04,Saturday,,DERMATOLOGY,open,
2026-01-23,Friday,,unknown,open,40.0
2025-10-01,Wednesday,,pediatrics,open,84.0
2025-05-22,Thursday,,unknown,open,27.0
2025-10-11,Saturday,,NEUROLOGY,open,10.0
2025-10-04,Saturday,,dermatology,open,35.0
2025-12-28,Sunday,,NEUROLOGY,holiday,20.0
29-01-2026,Thursday,,Orthopedics,,18.0
2026-02-24,Tuesday,,neurology,open,107.0
2026-03-28,Saturday,,NEUROLOGY,open,49.0
2025-05-15,Thursday,,N/A,open,49.0
2025-12-06,Saturday,,PEDIATRICS,open,77.0
23-10-2025,Thursday,,Pediatrics,open,105.0
2025-10-19,Sunday,,pediatrics,holiday,20.0
08 Apr 2026,Wednesday,,General Medicine,open,73.0
09/18/2025,Thursday,,General Medicine,open,95.0
21 Sep 2025,Sunday,,Pediatrics,holiday,17.0
09-02-2026,Monday,,N/A,open,52.0
2025-08-30,Saturday,,  Dermatology  ,open,48.0
